race_id,year,round,race_date,race_name,circuit_id,driver_id,driver_code,driver_name,constructor_id,constructor_name,grid_position,finish_position,points,status_id,quali_position,winner,dnf_flag
989,2018,1,2018-03-25,Australian Grand Prix,albert_park,20,vettel,Vettel,6,Ferrari,3,1,25.0,1,3.0,1,0
989,2018,1,2018-03-25,Australian Grand Prix,albert_park,1,hamilton,Hamilton,131,Mercedes,1,2,18.0,1,1.0,0,0
989,2018,1,2018-03-25,Australian Grand Prix,albert_park,8,raikkonen,Räikkönen,6,Ferrari,2,3,15.0,1,2.0,0,0
989,2018,1,2018-03-25,Australian Grand Prix,albert_park,817,ricciardo,Ricciardo,9,Red Bull,8,4,12.0,1,5.0,0,0
989,2018,1,2018-03-25,Australian Grand Prix,albert_park,4,alonso,Alonso,1,McLaren,10,5,10.0,1,11.0,0,0
989,2018,1,2018-03-25,Australian Grand Prix,albert_park,830,max_verstappen,Verstappen,9,Red Bull,4,6,8.0,1,4.0,0,0
989,2018,1,2018-03-25,Australian Grand Prix,albert_park,807,hulkenberg,Hülkenberg,4,Renault,7,7,6.0,1,8.0,0,0
989,2018,1,2018-03-25,Australian Grand Prix,albert_park,822,bottas,Bottas,131,Mercedes,15,8,4.0,1,10.0,0,0
989,2018,1,2018-03-25,Australian Grand Prix,albert_park,838,vandoorne,Vandoorne,1,McLaren,11,9,2.0,1,12.0,0,0
989,2018,1,2018-03-25,Australian Grand Prix,albert_park,832,sainz,Sainz,4,Renault,9,10,1.0,1,9.0,0,0
989,2018,1,2018-03-25,Australian Grand Prix,albert_park,815,perez,Pérez,10,Force India,12,11,0.0,1,13.0,0,0
989,2018,1,2018-03-25,Australian Grand Prix,albert_park,839,ocon,Ocon,10,Force India,14,12,0.0,1,15.0,0,0
989,2018,1,2018-03-25,Australian Grand Prix,albert_park,844,leclerc,Leclerc,15,Sauber,18,13,0.0,1,18.0,0,0
989,2018,1,2018-03-25,Australian Grand Prix,albert_park,840,stroll,Stroll,3,Williams,13,14,0.0,1,14.0,0,0
989,2018,1,2018-03-25,Australian Grand Prix,albert_park,843,brendon_hartley,Hartley,5,Toro Rosso,16,15,0.0,11,16.0,0,0
989,2018,1,2018-03-25,Australian Grand Prix,albert_park,154,grosjean,Grosjean,210,Haas F1 Team,6,16,0.0,36,7.0,0,1
989,2018,1,2018-03-25,Australian Grand Prix,albert_park,825,kevin_magnussen,Magnussen,210,Haas F1 Team,5,17,0.0,36,6.0,0,1
989,2018,1,2018-03-25,Australian Grand Prix,albert_park,842,gasly,Gasly,5,Toro Rosso,20,18,0.0,5,20.0,0,1
989,2018,1,2018-03-25,Australian Grand Prix,albert_park,828,ericsson,Ericsson,15,Sauber,17,19,0.0,38,17.0,0,1
989,2018,1,2018-03-25,Australian Grand Prix,albert_park,845,sirotkin,Sirotkin,3,Williams,19,20,0.0,23,19.0,0,1
990,2018,2,2018-04-08,Bahrain Grand Prix,bahrain,20,vettel,Vettel,6,Ferrari,1,1,25.0,1,1.0,1,0
990,2018,2,2018-04-08,Bahrain Grand Prix,bahrain,822,bottas,Bottas,131,Mercedes,3,2,18.0,1,3.0,0,0
990,2018,2,2018-04-08,Bahrain Grand Prix,bahrain,1,hamilton,Hamilton,131,Mercedes,9,3,15.0,1,4.0,0,0
990,2018,2,2018-04-08,Bahrain Grand Prix,bahrain,842,gasly,Gasly,5,Toro Rosso,5,4,12.0,1,6.0,0,0
990,2018,2,2018-04-08,Bahrain Grand Prix,bahrain,825,kevin_magnussen,Magnussen,210,Haas F1 Team,6,5,10.0,1,7.0,0,0
990,2018,2,2018-04-08,Bahrain Grand Prix,bahrain,807,hulkenberg,Hülkenberg,4,Renault,7,6,8.0,1,8.0,0,0
990,2018,2,2018-04-08,Bahrain Grand Prix,bahrain,4,alonso,Alonso,1,McLaren,13,7,6.0,11,13.0,0,0
990,2018,2,2018-04-08,Bahrain Grand Prix,bahrain,838,vandoorne,Vandoorne,1,McLaren,14,8,4.0,11,14.0,0,0
990,2018,2,2018-04-08,Bahrain Grand Prix,bahrain,828,ericsson,Ericsson,15,Sauber,17,9,2.0,11,17.0,0,0
990,2018,2,2018-04-08,Bahrain Grand Prix,bahrain,839,ocon,Ocon,10,Force India,8,10,1.0,11,9.0,0,0
990,2018,2,2018-04-08,Bahrain Grand Prix,bahrain,832,sainz,Sainz,4,Renault,10,11,0.0,11,10.0,0,0
990,2018,2,2018-04-08,Bahrain Grand Prix,bahrain,844,leclerc,Leclerc,15,Sauber,19,12,0.0,11,19.0,0,0
990,2018,2,2018-04-08,Bahrain Grand Prix,bahrain,154,grosjean,Grosjean,210,Haas F1 Team,16,13,0.0,11,16.0,0,0
990,2018,2,2018-04-08,Bahrain Grand Prix,bahrain,840,stroll,Stroll,3,Williams,20,14,0.0,11,20.0,0,0
990,2018,2,2018-04-08,Bahrain Grand Prix,bahrain,845,sirotkin,Sirotkin,3,Williams,18,15,0.0,11,18.0,0,0
990,2018,2,2018-04-08,Bahrain Grand Prix,bahrain,815,perez,Pérez,10,Force India,12,16,0.0,11,12.0,0,1
990,2018,2,2018-04-08,Bahrain Grand Prix,bahrain,843,brendon_hartley,Hartley,5,Toro Rosso,11,17,0.0,11,11.0,0,1
990,2018,2,2018-04-08,Bahrain Grand Prix,bahrain,8,raikkonen,Räikkönen,6,Ferrari,2,18,0.0,36,2.0,0,1
990,2018,2,2018-04-08,Bahrain Grand Prix,bahrain,830,max_verstappen,Verstappen,9,Red Bull,15,19,0.0,29,15.0,0,1
990,2018,2,2018-04-08,Bahrain Grand Prix,bahrain,817,ricciardo,Ricciardo,9,Red Bull,4,20,0.0,10,5.0,0,1
991,2018,3,2018-04-15,Chinese Grand Prix,shanghai,817,ricciardo,Ricciardo,9,Red Bull,6,1,25.0,1,6.0,1,0
991,2018,3,2018-04-15,Chinese Grand Prix,shanghai,822,bottas,Bottas,131,Mercedes,3,2,18.0,1,3.0,0,0
991,2018,3,2018-04-15,Chinese Grand Prix,shanghai,8,raikkonen,Räikkönen,6,Ferrari,2,3,15.0,1,2.0,0,0
991,2018,3,2018-04-15,Chinese Grand Prix,shanghai,1,hamilton,Hamilton,131,Mercedes,4,4,12.0,1,4.0,0,0
991,2018,3,2018-04-15,Chinese Grand Prix,shanghai,830,max_verstappen,Verstappen,9,Red Bull,5,5,10.0,1,5.0,0,0
991,2018,3,2018-04-15,Chinese Grand Prix,shanghai,807,hulkenberg,Hülkenberg,4,Renault,7,6,8.0,1,7.0,0,0
991,2018,3,2018-04-15,Chinese Grand Prix,shanghai,4,alonso,Alonso,1,McLaren,13,7,6.0,1,13.0,0,0
991,2018,3,2018-04-15,Chinese Grand Prix,shanghai,20,vettel,Vettel,6,Ferrari,1,8,4.0,1,1.0,0,0
991,2018,3,2018-04-15,Chinese Grand Prix,shanghai,832,sainz,Sainz,4,Renault,9,9,2.0,1,9.0,0,0
991,2018,3,2018-04-15,Chinese Grand Prix,shanghai,825,kevin_magnussen,Magnussen,210,Haas F1 Team,11,10,1.0,1,11.0,0,0
991,2018,3,2018-04-15,Chinese Grand Prix,shanghai,839,ocon,Ocon,10,Force India,12,11,0.0,1,12.0,0,0
991,2018,3,2018-04-15,Chinese Grand Prix,shanghai,815,perez,Pérez,10,Force India,8,12,0.0,1,8.0,0,0
991,2018,3,2018-04-15,Chinese Grand Prix,shanghai,838,vandoorne,Vandoorne,1,McLaren,14,13,0.0,1,14.0,0,0
991,2018,3,2018-04-15,Chinese Grand Prix,shanghai,840,stroll,Stroll,3,Williams,18,14,0.0,1,18.0,0,0
991,2018,3,2018-04-15,Chinese Grand Prix,shanghai,845,sirotkin,Sirotkin,3,Williams,16,15,0.0,1,16.0,0,0
991,2018,3,2018-04-15,Chinese Grand Prix,shanghai,828,ericsson,Ericsson,15,Sauber,20,16,0.0,1,20.0,0,1
991,2018,3,2018-04-15,Chinese Grand Prix,shanghai,154,grosjean,Grosjean,210,Haas F1 Team,10,17,0.0,1,10.0,0,1
991,2018,3,2018-04-15,Chinese Grand Prix,shanghai,842,gasly,Gasly,5,Toro Rosso,17,18,0.0,1,17.0,0,1
991,2018,3,2018-04-15,Chinese Grand Prix,shanghai,844,leclerc,Leclerc,15,Sauber,19,19,0.0,1,19.0,0,1
991,2018,3,2018-04-15,Chinese Grand Prix,shanghai,843,brendon_hartley,Hartley,5,Toro Rosso,15,20,0.0,130,15.0,0,1
992,2018,4,2018-04-29,Azerbaijan Grand Prix,baku,1,hamilton,Hamilton,131,Mercedes,2,1,25.0,1,2.0,1,0
992,2018,4,2018-04-29,Azerbaijan Grand Prix,baku,8,raikkonen,Räikkönen,6,Ferrari,6,2,18.0,1,6.0,0,0
992,2018,4,2018-04-29,Azerbaijan Grand Prix,baku,815,perez,Pérez,10,Force India,8,3,15.0,1,8.0,0,0
992,2018,4,2018-04-29,Azerbaijan Grand Prix,baku,20,vettel,Vettel,6,Ferrari,1,4,12.0,1,1.0,0,0
992,2018,4,2018-04-29,Azerbaijan Grand Prix,baku,832,sainz,Sainz,4,Renault,9,5,10.0,1,10.0,0,0
992,2018,4,2018-04-29,Azerbaijan Grand Prix,baku,844,leclerc,Leclerc,15,Sauber,13,6,8.0,1,14.0,0,0
992,2018,4,2018-04-29,Azerbaijan Grand Prix,baku,4,alonso,Alonso,1,McLaren,12,7,6.0,1,13.0,0,0
992,2018,4,2018-04-29,Azerbaijan Grand Prix,baku,840,stroll,Stroll,3,Williams,10,8,4.0,1,11.0,0,0
992,2018,4,2018-04-29,Azerbaijan Grand Prix,baku,838,vandoorne,Vandoorne,1,McLaren,16,9,2.0,1,16.0,0,0
992,2018,4,2018-04-29,Azerbaijan Grand Prix,baku,843,brendon_hartley,Hartley,5,Toro Rosso,19,10,1.0,1,19.0,0,0
992,2018,4,2018-04-29,Azerbaijan Grand Prix,baku,828,ericsson,Ericsson,15,Sauber,18,11,0.0,1,18.0,0,0
992,2018,4,2018-04-29,Azerbaijan Grand Prix,baku,842,gasly,Gasly,5,Toro Rosso,17,12,0.0,1,17.0,0,0
992,2018,4,2018-04-29,Azerbaijan Grand Prix,baku,825,kevin_magnussen,Magnussen,210,Haas F1 Team,15,13,0.0,1,15.0,0,0
992,2018,4,2018-04-29,Azerbaijan Grand Prix,baku,822,bottas,Bottas,131,Mercedes,3,14,0.0,29,3.0,0,0
992,2018,4,2018-04-29,Azerbaijan Grand Prix,baku,154,grosjean,Grosjean,210,Haas F1 Team,20,15,0.0,3,20.0,0,0
992,2018,4,2018-04-29,Azerbaijan Grand Prix,baku,830,max_verstappen,Verstappen,9,Red Bull,5,16,0.0,4,5.0,0,1
992,2018,4,2018-04-29,Azerbaijan Grand Prix,baku,817,ricciardo,Ricciardo,9,Red Bull,4,17,0.0,4,4.0,0,1
992,2018,4,2018-04-29,Azerbaijan Grand Prix,baku,807,hulkenberg,Hülkenberg,4,Renault,14,18,0.0,3,9.0,0,1
992,2018,4,2018-04-29,Azerbaijan Grand Prix,baku,839,ocon,Ocon,10,Force India,7,19,0.0,4,7.0,0,1
992,2018,4,2018-04-29,Azerbaijan Grand Prix,baku,845,sirotkin,Sirotkin,3,Williams,11,20,0.0,4,12.0,0,1
993,2018,5,2018-05-13,Spanish Grand Prix,catalunya,1,hamilton,Hamilton,131,Mercedes,1,1,25.0,1,1.0,1,0
993,2018,5,2018-05-13,Spanish Grand Prix,catalunya,822,bottas,Bottas,131,Mercedes,2,2,18.0,1,2.0,0,0
993,2018,5,2018-05-13,Spanish Grand Prix,catalunya,830,max_verstappen,Verstappen,9,Red Bull,5,3,15.0,1,5.0,0,0
993,2018,5,2018-05-13,Spanish Grand Prix,catalunya,20,vettel,Vettel,6,Ferrari,3,4,12.0,1,3.0,0,0
993,2018,5,2018-05-13,Spanish Grand Prix,catalunya,817,ricciardo,Ricciardo,9,Red Bull,6,5,10.0,1,6.0,0,0
993,2018,5,2018-05-13,Spanish Grand Prix,catalunya,825,kevin_magnussen,Magnussen,210,Haas F1 Team,7,6,8.0,11,7.0,0,0
993,2018,5,2018-05-13,Spanish Grand Prix,catalunya,832,sainz,Sainz,4,Renault,9,7,6.0,11,9.0,0,0
993,2018,5,2018-05-13,Spanish Grand Prix,catalunya,4,alonso,Alonso,1,McLaren,8,8,4.0,11,8.0,0,0
993,2018,5,2018-05-13,Spanish Grand Prix,catalunya,815,perez,Pérez,10,Force India,15,9,2.0,12,15.0,0,0
993,2018,5,2018-05-13,Spanish Grand Prix,catalunya,844,leclerc,Leclerc,15,Sauber,14,10,1.0,12,14.0,0,0
993,2018,5,2018-05-13,Spanish Grand Prix,catalunya,840,stroll,Stroll,3,Williams,18,11,0.0,12,19.0,0,0
993,2018,5,2018-05-13,Spanish Grand Prix,catalunya,843,brendon_hartley,Hartley,5,Toro Rosso,20,12,0.0,12,20.0,0,0
993,2018,5,2018-05-13,Spanish Grand Prix,catalunya,828,ericsson,Ericsson,15,Sauber,17,13,0.0,12,17.0,0,0
993,2018,5,2018-05-13,Spanish Grand Prix,catalunya,845,sirotkin,Sirotkin,3,Williams,19,14,0.0,13,18.0,0,0
993,2018,5,2018-05-13,Spanish Grand Prix,catalunya,838,vandoorne,Vandoorne,1,McLaren,11,15,0.0,6,11.0,0,0
993,2018,5,2018-05-13,Spanish Grand Prix,catalunya,839,ocon,Ocon,10,Force India,13,16,0.0,44,13.0,0,1
993,2018,5,2018-05-13,Spanish Grand Prix,catalunya,8,raikkonen,Räikkönen,6,Ferrari,4,17,0.0,101,4.0,0,1
993,2018,5,2018-05-13,Spanish Grand Prix,catalunya,154,grosjean,Grosjean,210,Haas F1 Team,10,18,0.0,4,10.0,0,1
993,2018,5,2018-05-13,Spanish Grand Prix,catalunya,842,gasly,Gasly,5,Toro Rosso,12,19,0.0,4,12.0,0,1
993,2018,5,2018-05-13,Spanish Grand Prix,catalunya,807,hulkenberg,Hülkenberg,4,Renault,16,20,0.0,4,16.0,0,1
994,2018,6,2018-05-27,Monaco Grand Prix,monaco,817,ricciardo,Ricciardo,9,Red Bull,1,1,25.0,1,1.0,1,0
994,2018,6,2018-05-27,Monaco Grand Prix,monaco,20,vettel,Vettel,6,Ferrari,2,2,18.0,1,2.0,0,0
994,2018,6,2018-05-27,Monaco Grand Prix,monaco,1,hamilton,Hamilton,131,Mercedes,3,3,15.0,1,3.0,0,0
994,2018,6,2018-05-27,Monaco Grand Prix,monaco,8,raikkonen,Räikkönen,6,Ferrari,4,4,12.0,1,4.0,0,0
994,2018,6,2018-05-27,Monaco Grand Prix,monaco,822,bottas,Bottas,131,Mercedes,5,5,10.0,1,5.0,0,0
994,2018,6,2018-05-27,Monaco Grand Prix,monaco,839,ocon,Ocon,10,Force India,6,6,8.0,1,6.0,0,0
994,2018,6,2018-05-27,Monaco Grand Prix,monaco,842,gasly,Gasly,5,Toro Rosso,10,7,6.0,1,10.0,0,0
994,2018,6,2018-05-27,Monaco Grand Prix,monaco,807,hulkenberg,Hülkenberg,4,Renault,11,8,4.0,1,11.0,0,0
994,2018,6,2018-05-27,Monaco Grand Prix,monaco,830,max_verstappen,Verstappen,9,Red Bull,20,9,2.0,1,20.0,0,0
994,2018,6,2018-05-27,Monaco Grand Prix,monaco,832,sainz,Sainz,4,Renault,8,10,1.0,1,8.0,0,0
994,2018,6,2018-05-27,Monaco Grand Prix,monaco,828,ericsson,Ericsson,15,Sauber,16,11,0.0,1,17.0,0,0
994,2018,6,2018-05-27,Monaco Grand Prix,monaco,815,perez,Pérez,10,Force India,9,12,0.0,1,9.0,0,0
994,2018,6,2018-05-27,Monaco Grand Prix,monaco,825,kevin_magnussen,Magnussen,210,Haas F1 Team,19,13,0.0,1,19.0,0,0
994,2018,6,2018-05-27,Monaco Grand Prix,monaco,838,vandoorne,Vandoorne,1,McLaren,12,14,0.0,11,12.0,0,0
994,2018,6,2018-05-27,Monaco Grand Prix,monaco,154,grosjean,Grosjean,210,Haas F1 Team,18,15,0.0,11,15.0,0,0
994,2018,6,2018-05-27,Monaco Grand Prix,monaco,845,sirotkin,Sirotkin,3,Williams,13,16,0.0,11,13.0,0,1
994,2018,6,2018-05-27,Monaco Grand Prix,monaco,840,stroll,Stroll,3,Williams,17,17,0.0,12,18.0,0,1
994,2018,6,2018-05-27,Monaco Grand Prix,monaco,844,leclerc,Leclerc,15,Sauber,14,18,0.0,4,14.0,0,1
994,2018,6,2018-05-27,Monaco Grand Prix,monaco,843,brendon_hartley,Hartley,5,Toro Rosso,15,19,0.0,4,16.0,0,1
994,2018,6,2018-05-27,Monaco Grand Prix,monaco,4,alonso,Alonso,1,McLaren,7,20,0.0,6,7.0,0,1
995,2018,7,2018-06-10,Canadian Grand Prix,villeneuve,20,vettel,Vettel,6,Ferrari,1,1,25.0,1,1.0,1,0
995,2018,7,2018-06-10,Canadian Grand Prix,villeneuve,822,bottas,Bottas,131,Mercedes,2,2,18.0,1,2.0,0,0
995,2018,7,2018-06-10,Canadian Grand Prix,villeneuve,830,max_verstappen,Verstappen,9,Red Bull,3,3,15.0,1,3.0,0,0
995,2018,7,2018-06-10,Canadian Grand Prix,villeneuve,817,ricciardo,Ricciardo,9,Red Bull,6,4,12.0,1,6.0,0,0
995,2018,7,2018-06-10,Canadian Grand Prix,villeneuve,1,hamilton,Hamilton,131,Mercedes,4,5,10.0,1,4.0,0,0
995,2018,7,2018-06-10,Canadian Grand Prix,villeneuve,8,raikkonen,Räikkönen,6,Ferrari,5,6,8.0,1,5.0,0,0
995,2018,7,2018-06-10,Canadian Grand Prix,villeneuve,807,hulkenberg,Hülkenberg,4,Renault,7,7,6.0,11,7.0,0,0
995,2018,7,2018-06-10,Canadian Grand Prix,villeneuve,832,sainz,Sainz,4,Renault,9,8,4.0,11,9.0,0,0
995,2018,7,2018-06-10,Canadian Grand Prix,villeneuve,839,ocon,Ocon,10,Force India,8,9,2.0,11,8.0,0,0
995,2018,7,2018-06-10,Canadian Grand Prix,villeneuve,844,leclerc,Leclerc,15,Sauber,13,10,1.0,11,13.0,0,0
995,2018,7,2018-06-10,Canadian Grand Prix,villeneuve,842,gasly,Gasly,5,Toro Rosso,16,11,0.0,11,16.0,0,0
995,2018,7,2018-06-10,Canadian Grand Prix,villeneuve,154,grosjean,Grosjean,210,Haas F1 Team,20,12,0.0,11,20.0,0,0
995,2018,7,2018-06-10,Canadian Grand Prix,villeneuve,825,kevin_magnussen,Magnussen,210,Haas F1 Team,11,13,0.0,11,11.0,0,0
995,2018,7,2018-06-10,Canadian Grand Prix,villeneuve,815,perez,Pérez,10,Force India,10,14,0.0,11,10.0,0,0
995,2018,7,2018-06-10,Canadian Grand Prix,villeneuve,828,ericsson,Ericsson,15,Sauber,19,15,0.0,12,19.0,0,0
995,2018,7,2018-06-10,Canadian Grand Prix,villeneuve,838,vandoorne,Vandoorne,1,McLaren,15,16,0.0,12,15.0,0,1
995,2018,7,2018-06-10,Canadian Grand Prix,villeneuve,845,sirotkin,Sirotkin,3,Williams,18,17,0.0,12,18.0,0,1
995,2018,7,2018-06-10,Canadian Grand Prix,villeneuve,4,alonso,Alonso,1,McLaren,14,18,0.0,43,14.0,0,1
995,2018,7,2018-06-10,Canadian Grand Prix,villeneuve,843,brendon_hartley,Hartley,5,Toro Rosso,12,19,0.0,4,12.0,0,1
995,2018,7,2018-06-10,Canadian Grand Prix,villeneuve,840,stroll,Stroll,3,Williams,17,20,0.0,4,17.0,0,1
996,2018,8,2018-06-24,French Grand Prix,ricard,1,hamilton,Hamilton,131,Mercedes,1,1,25.0,1,1.0,1,0
996,2018,8,2018-06-24,French Grand Prix,ricard,830,max_verstappen,Verstappen,9,Red Bull,4,2,18.0,1,4.0,0,0
996,2018,8,2018-06-24,French Grand Prix,ricard,8,raikkonen,Räikkönen,6,Ferrari,6,3,15.0,1,6.0,0,0
996,2018,8,2018-06-24,French Grand Prix,ricard,817,ricciardo,Ricciardo,9,Red Bull,5,4,12.0,1,5.0,0,0
996,2018,8,2018-06-24,French Grand Prix,ricard,20,vettel,Vettel,6,Ferrari,3,5,10.0,1,3.0,0,0
996,2018,8,2018-06-24,French Grand Prix,ricard,825,kevin_magnussen,Magnussen,210,Haas F1 Team,9,6,8.0,1,9.0,0,0
996,2018,8,2018-06-24,French Grand Prix,ricard,822,bottas,Bottas,131,Mercedes,2,7,6.0,1,2.0,0,0
996,2018,8,2018-06-24,French Grand Prix,ricard,832,sainz,Sainz,4,Renault,7,8,4.0,1,7.0,0,0
996,2018,8,2018-06-24,French Grand Prix,ricard,807,hulkenberg,Hülkenberg,4,Renault,12,9,2.0,1,12.0,0,0
996,2018,8,2018-06-24,French Grand Prix,ricard,844,leclerc,Leclerc,15,Sauber,8,10,1.0,1,8.0,0,0
996,2018,8,2018-06-24,French Grand Prix,ricard,154,grosjean,Grosjean,210,Haas F1 Team,10,11,0.0,11,10.0,0,0
996,2018,8,2018-06-24,French Grand Prix,ricard,838,vandoorne,Vandoorne,1,McLaren,17,12,0.0,11,18.0,0,0
996,2018,8,2018-06-24,French Grand Prix,ricard,828,ericsson,Ericsson,15,Sauber,15,13,0.0,11,15.0,0,0
996,2018,8,2018-06-24,French Grand Prix,ricard,843,brendon_hartley,Hartley,5,Toro Rosso,20,14,0.0,11,17.0,0,0
996,2018,8,2018-06-24,French Grand Prix,ricard,845,sirotkin,Sirotkin,3,Williams,18,15,0.0,11,19.0,0,0
996,2018,8,2018-06-24,French Grand Prix,ricard,4,alonso,Alonso,1,McLaren,16,16,0.0,36,16.0,0,1
996,2018,8,2018-06-24,French Grand Prix,ricard,840,stroll,Stroll,3,Williams,19,17,0.0,29,20.0,0,1
996,2018,8,2018-06-24,French Grand Prix,ricard,815,perez,Pérez,10,Force India,13,18,0.0,5,13.0,0,1
996,2018,8,2018-06-24,French Grand Prix,ricard,839,ocon,Ocon,10,Force India,11,19,0.0,4,11.0,0,1
996,2018,8,2018-06-24,French Grand Prix,ricard,842,gasly,Gasly,5,Toro Rosso,14,20,0.0,4,14.0,0,1
997,2018,9,2018-07-01,Austrian Grand Prix,red_bull_ring,830,max_verstappen,Verstappen,9,Red Bull,4,1,25.0,1,5.0,1,0
997,2018,9,2018-07-01,Austrian Grand Prix,red_bull_ring,8,raikkonen,Räikkönen,6,Ferrari,3,2,18.0,1,4.0,0,0
997,2018,9,2018-07-01,Austrian Grand Prix,red_bull_ring,20,vettel,Vettel,6,Ferrari,6,3,15.0,1,3.0,0,0
997,2018,9,2018-07-01,Austrian Grand Prix,red_bull_ring,154,grosjean,Grosjean,210,Haas F1 Team,5,4,12.0,11,6.0,0,0
997,2018,9,2018-07-01,Austrian Grand Prix,red_bull_ring,825,kevin_magnussen,Magnussen,210,Haas F1 Team,8,5,10.0,11,8.0,0,0
997,2018,9,2018-07-01,Austrian Grand Prix,red_bull_ring,839,ocon,Ocon,10,Force India,11,6,8.0,11,11.0,0,0
997,2018,9,2018-07-01,Austrian Grand Prix,red_bull_ring,815,perez,Pérez,10,Force India,16,7,6.0,11,17.0,0,0
997,2018,9,2018-07-01,Austrian Grand Prix,red_bull_ring,4,alonso,Alonso,1,McLaren,13,8,4.0,11,14.0,0,0
997,2018,9,2018-07-01,Austrian Grand Prix,red_bull_ring,844,leclerc,Leclerc,15,Sauber,18,9,2.0,11,13.0,0,0
997,2018,9,2018-07-01,Austrian Grand Prix,red_bull_ring,828,ericsson,Ericsson,15,Sauber,20,10,1.0,11,20.0,0,0
997,2018,9,2018-07-01,Austrian Grand Prix,red_bull_ring,842,gasly,Gasly,5,Toro Rosso,12,11,0.0,11,12.0,0,0
997,2018,9,2018-07-01,Austrian Grand Prix,red_bull_ring,832,sainz,Sainz,4,Renault,9,12,0.0,11,9.0,0,0
997,2018,9,2018-07-01,Austrian Grand Prix,red_bull_ring,845,sirotkin,Sirotkin,3,Williams,17,13,0.0,12,18.0,0,0
997,2018,9,2018-07-01,Austrian Grand Prix,red_bull_ring,840,stroll,Stroll,3,Williams,14,14,0.0,12,15.0,0,0
997,2018,9,2018-07-01,Austrian Grand Prix,red_bull_ring,838,vandoorne,Vandoorne,1,McLaren,15,15,0.0,130,16.0,0,0
997,2018,9,2018-07-01,Austrian Grand Prix,red_bull_ring,1,hamilton,Hamilton,131,Mercedes,2,16,0.0,32,2.0,0,1
997,2018,9,2018-07-01,Austrian Grand Prix,red_bull_ring,843,brendon_hartley,Hartley,5,Toro Rosso,19,17,0.0,9,19.0,0,1
997,2018,9,2018-07-01,Austrian Grand Prix,red_bull_ring,817,ricciardo,Ricciardo,9,Red Bull,7,18,0.0,43,7.0,0,1
997,2018,9,2018-07-01,Austrian Grand Prix,red_bull_ring,822,bottas,Bottas,131,Mercedes,1,19,0.0,9,1.0,0,1
997,2018,9,2018-07-01,Austrian Grand Prix,red_bull_ring,807,hulkenberg,Hülkenberg,4,Renault,10,20,0.0,5,10.0,0,1
998,2018,10,2018-07-08,British Grand Prix,silverstone,20,vettel,Vettel,6,Ferrari,2,1,25.0,1,2.0,1,0
998,2018,10,2018-07-08,British Grand Prix,silverstone,1,hamilton,Hamilton,131,Mercedes,1,2,18.0,1,1.0,0,0
998,2018,10,2018-07-08,British Grand Prix,silverstone,8,raikkonen,Räikkönen,6,Ferrari,3,3,15.0,1,3.0,0,0
998,2018,10,2018-07-08,British Grand Prix,silverstone,822,bottas,Bottas,131,Mercedes,4,4,12.0,1,4.0,0,0
998,2018,10,2018-07-08,British Grand Prix,silverstone,817,ricciardo,Ricciardo,9,Red Bull,6,5,10.0,1,6.0,0,0
998,2018,10,2018-07-08,British Grand Prix,silverstone,807,hulkenberg,Hülkenberg,4,Renault,11,6,8.0,1,11.0,0,0
998,2018,10,2018-07-08,British Grand Prix,silverstone,839,ocon,Ocon,10,Force India,10,7,6.0,1,10.0,0,0
998,2018,10,2018-07-08,British Grand Prix,silverstone,4,alonso,Alonso,1,McLaren,13,8,4.0,1,13.0,0,0
998,2018,10,2018-07-08,British Grand Prix,silverstone,825,kevin_magnussen,Magnussen,210,Haas F1 Team,7,9,2.0,1,7.0,0,0
998,2018,10,2018-07-08,British Grand Prix,silverstone,815,perez,Pérez,10,Force India,12,10,1.0,1,12.0,0,0
998,2018,10,2018-07-08,British Grand Prix,silverstone,838,vandoorne,Vandoorne,1,McLaren,17,11,0.0,1,17.0,0,0
998,2018,10,2018-07-08,British Grand Prix,silverstone,840,stroll,Stroll,3,Williams,19,12,0.0,1,19.0,0,0
998,2018,10,2018-07-08,British Grand Prix,silverstone,842,gasly,Gasly,5,Toro Rosso,14,13,0.0,1,14.0,0,0
998,2018,10,2018-07-08,British Grand Prix,silverstone,845,sirotkin,Sirotkin,3,Williams,18,14,0.0,1,18.0,0,0
998,2018,10,2018-07-08,British Grand Prix,silverstone,843,brendon_hartley,Hartley,5,Toro Rosso,0,20,0.0,131,20.0,0,1
998,2018,10,2018-07-08,British Grand Prix,silverstone,830,max_verstappen,Verstappen,9,Red Bull,5,15,0.0,23,5.0,0,0
998,2018,10,2018-07-08,British Grand Prix,silverstone,154,grosjean,Grosjean,210,Haas F1 Team,8,16,0.0,4,8.0,0,1
998,2018,10,2018-07-08,British Grand Prix,silverstone,832,sainz,Sainz,4,Renault,16,17,0.0,4,16.0,0,1
998,2018,10,2018-07-08,British Grand Prix,silverstone,828,ericsson,Ericsson,15,Sauber,15,18,0.0,3,15.0,0,1
998,2018,10,2018-07-08,British Grand Prix,silverstone,844,leclerc,Leclerc,15,Sauber,9,19,0.0,27,9.0,0,1
999,2018,11,2018-07-22,German Grand Prix,hockenheimring,1,hamilton,Hamilton,131,Mercedes,14,1,25.0,1,14.0,1,0
999,2018,11,2018-07-22,German Grand Prix,hockenheimring,822,bottas,Bottas,131,Mercedes,2,2,18.0,1,2.0,0,0
999,2018,11,2018-07-22,German Grand Prix,hockenheimring,8,raikkonen,Räikkönen,6,Ferrari,3,3,15.0,1,3.0,0,0
999,2018,11,2018-07-22,German Grand Prix,hockenheimring,830,max_verstappen,Verstappen,9,Red Bull,4,4,12.0,1,4.0,0,0
999,2018,11,2018-07-22,German Grand Prix,hockenheimring,807,hulkenberg,Hülkenberg,4,Renault,7,5,10.0,1,7.0,0,0
999,2018,11,2018-07-22,German Grand Prix,hockenheimring,154,grosjean,Grosjean,210,Haas F1 Team,6,6,8.0,1,6.0,0,0
999,2018,11,2018-07-22,German Grand Prix,hockenheimring,815,perez,Pérez,10,Force India,10,7,6.0,1,10.0,0,0
999,2018,11,2018-07-22,German Grand Prix,hockenheimring,839,ocon,Ocon,10,Force India,15,8,4.0,1,16.0,0,0
999,2018,11,2018-07-22,German Grand Prix,hockenheimring,828,ericsson,Ericsson,15,Sauber,13,9,2.0,1,13.0,0,0
999,2018,11,2018-07-22,German Grand Prix,hockenheimring,843,brendon_hartley,Hartley,5,Toro Rosso,17,10,1.0,1,18.0,0,0
999,2018,11,2018-07-22,German Grand Prix,hockenheimring,825,kevin_magnussen,Magnussen,210,Haas F1 Team,5,11,0.0,1,5.0,0,0
999,2018,11,2018-07-22,German Grand Prix,hockenheimring,832,sainz,Sainz,4,Renault,8,12,0.0,1,8.0,0,0
999,2018,11,2018-07-22,German Grand Prix,hockenheimring,838,vandoorne,Vandoorne,1,McLaren,19,13,0.0,1,20.0,0,0
999,2018,11,2018-07-22,German Grand Prix,hockenheimring,842,gasly,Gasly,5,Toro Rosso,16,14,0.0,11,17.0,0,0
999,2018,11,2018-07-22,German Grand Prix,hockenheimring,844,leclerc,Leclerc,15,Sauber,9,15,0.0,11,9.0,0,0
999,2018,11,2018-07-22,German Grand Prix,hockenheimring,4,alonso,Alonso,1,McLaren,11,16,0.0,31,11.0,0,1
999,2018,11,2018-07-22,German Grand Prix,hockenheimring,840,stroll,Stroll,3,Williams,18,17,0.0,5,19.0,0,1
999,2018,11,2018-07-22,German Grand Prix,hockenheimring,20,vettel,Vettel,6,Ferrari,1,18,0.0,3,1.0,0,1
999,2018,11,2018-07-22,German Grand Prix,hockenheimring,845,sirotkin,Sirotkin,3,Williams,12,19,0.0,5,12.0,0,1
999,2018,11,2018-07-22,German Grand Prix,hockenheimring,817,ricciardo,Ricciardo,9,Red Bull,20,20,0.0,5,15.0,0,1
1000,2018,12,2018-07-29,Hungarian Grand Prix,hungaroring,1,hamilton,Hamilton,131,Mercedes,1,1,25.0,1,1.0,1,0
1000,2018,12,2018-07-29,Hungarian Grand Prix,hungaroring,20,vettel,Vettel,6,Ferrari,4,2,18.0,1,4.0,0,0
1000,2018,12,2018-07-29,Hungarian Grand Prix,hungaroring,8,raikkonen,Räikkönen,6,Ferrari,3,3,15.0,1,3.0,0,0
1000,2018,12,2018-07-29,Hungarian Grand Prix,hungaroring,817,ricciardo,Ricciardo,9,Red Bull,12,4,12.0,1,12.0,0,0
1000,2018,12,2018-07-29,Hungarian Grand Prix,hungaroring,822,bottas,Bottas,131,Mercedes,2,5,10.0,1,2.0,0,0
1000,2018,12,2018-07-29,Hungarian Grand Prix,hungaroring,842,gasly,Gasly,5,Toro Rosso,6,6,8.0,1,6.0,0,0
1000,2018,12,2018-07-29,Hungarian Grand Prix,hungaroring,825,kevin_magnussen,Magnussen,210,Haas F1 Team,9,7,6.0,11,9.0,0,0
1000,2018,12,2018-07-29,Hungarian Grand Prix,hungaroring,4,alonso,Alonso,1,McLaren,11,8,4.0,11,11.0,0,0
1000,2018,12,2018-07-29,Hungarian Grand Prix,hungaroring,832,sainz,Sainz,4,Renault,5,9,2.0,11,5.0,0,0
1000,2018,12,2018-07-29,Hungarian Grand Prix,hungaroring,154,grosjean,Grosjean,210,Haas F1 Team,10,10,1.0,11,10.0,0,0
1000,2018,12,2018-07-29,Hungarian Grand Prix,hungaroring,843,brendon_hartley,Hartley,5,Toro Rosso,8,11,0.0,11,8.0,0,0
1000,2018,12,2018-07-29,Hungarian Grand Prix,hungaroring,807,hulkenberg,Hülkenberg,4,Renault,13,12,0.0,11,13.0,0,0
1000,2018,12,2018-07-29,Hungarian Grand Prix,hungaroring,839,ocon,Ocon,10,Force India,18,13,0.0,11,18.0,0,0
1000,2018,12,2018-07-29,Hungarian Grand Prix,hungaroring,815,perez,Pérez,10,Force India,19,14,0.0,11,19.0,0,0
1000,2018,12,2018-07-29,Hungarian Grand Prix,hungaroring,828,ericsson,Ericsson,15,Sauber,14,15,0.0,12,14.0,0,0
1000,2018,12,2018-07-29,Hungarian Grand Prix,hungaroring,845,sirotkin,Sirotkin,3,Williams,20,16,0.0,12,20.0,0,1
1000,2018,12,2018-07-29,Hungarian Grand Prix,hungaroring,840,stroll,Stroll,3,Williams,15,17,0.0,12,15.0,0,1
1000,2018,12,2018-07-29,Hungarian Grand Prix,hungaroring,838,vandoorne,Vandoorne,1,McLaren,16,18,0.0,6,16.0,0,1
1000,2018,12,2018-07-29,Hungarian Grand Prix,hungaroring,830,max_verstappen,Verstappen,9,Red Bull,7,19,0.0,75,7.0,0,1
1000,2018,12,2018-07-29,Hungarian Grand Prix,hungaroring,844,leclerc,Leclerc,15,Sauber,17,20,0.0,22,17.0,0,1
1001,2018,13,2018-08-26,Belgian Grand Prix,spa,20,vettel,Vettel,6,Ferrari,2,1,25.0,1,2.0,1,0
1001,2018,13,2018-08-26,Belgian Grand Prix,spa,1,hamilton,Hamilton,131,Mercedes,1,2,18.0,1,1.0,0,0
1001,2018,13,2018-08-26,Belgian Grand Prix,spa,830,max_verstappen,Verstappen,9,Red Bull,7,3,15.0,1,7.0,0,0
1001,2018,13,2018-08-26,Belgian Grand Prix,spa,822,bottas,Bottas,131,Mercedes,19,4,12.0,1,10.0,0,0
1001,2018,13,2018-08-26,Belgian Grand Prix,spa,815,perez,Pérez,10,Force India,4,5,10.0,1,4.0,0,0
1001,2018,13,2018-08-26,Belgian Grand Prix,spa,839,ocon,Ocon,10,Force India,3,6,8.0,1,3.0,0,0
1001,2018,13,2018-08-26,Belgian Grand Prix,spa,154,grosjean,Grosjean,210,Haas F1 Team,5,7,6.0,1,5.0,0,0
1001,2018,13,2018-08-26,Belgian Grand Prix,spa,825,kevin_magnussen,Magnussen,210,Haas F1 Team,9,8,4.0,1,9.0,0,0
1001,2018,13,2018-08-26,Belgian Grand Prix,spa,842,gasly,Gasly,5,Toro Rosso,10,9,2.0,1,11.0,0,0
1001,2018,13,2018-08-26,Belgian Grand Prix,spa,828,ericsson,Ericsson,15,Sauber,13,10,1.0,11,14.0,0,0
1001,2018,13,2018-08-26,Belgian Grand Prix,spa,832,sainz,Sainz,4,Renault,14,11,0.0,11,16.0,0,0
1001,2018,13,2018-08-26,Belgian Grand Prix,spa,845,sirotkin,Sirotkin,3,Williams,16,12,0.0,11,18.0,0,0
1001,2018,13,2018-08-26,Belgian Grand Prix,spa,840,stroll,Stroll,3,Williams,17,13,0.0,11,19.0,0,0
1001,2018,13,2018-08-26,Belgian Grand Prix,spa,843,brendon_hartley,Hartley,5,Toro Rosso,11,14,0.0,11,12.0,0,0
1001,2018,13,2018-08-26,Belgian Grand Prix,spa,838,vandoorne,Vandoorne,1,McLaren,18,15,0.0,11,20.0,0,0
1001,2018,13,2018-08-26,Belgian Grand Prix,spa,817,ricciardo,Ricciardo,9,Red Bull,8,16,0.0,31,8.0,0,1
1001,2018,13,2018-08-26,Belgian Grand Prix,spa,8,raikkonen,Räikkönen,6,Ferrari,6,17,0.0,23,6.0,0,1
1001,2018,13,2018-08-26,Belgian Grand Prix,spa,844,leclerc,Leclerc,15,Sauber,12,18,0.0,3,13.0,0,1
1001,2018,13,2018-08-26,Belgian Grand Prix,spa,4,alonso,Alonso,1,McLaren,15,19,0.0,3,17.0,0,1
1001,2018,13,2018-08-26,Belgian Grand Prix,spa,807,hulkenberg,Hülkenberg,4,Renault,20,20,0.0,3,15.0,0,1
1002,2018,14,2018-09-02,Italian Grand Prix,monza,1,hamilton,Hamilton,131,Mercedes,3,1,25.0,1,3.0,1,0
1002,2018,14,2018-09-02,Italian Grand Prix,monza,8,raikkonen,Räikkönen,6,Ferrari,1,2,18.0,1,1.0,0,0
1002,2018,14,2018-09-02,Italian Grand Prix,monza,822,bottas,Bottas,131,Mercedes,4,3,15.0,1,4.0,0,0
1002,2018,14,2018-09-02,Italian Grand Prix,monza,20,vettel,Vettel,6,Ferrari,2,4,12.0,1,2.0,0,0
1002,2018,14,2018-09-02,Italian Grand Prix,monza,830,max_verstappen,Verstappen,9,Red Bull,5,5,10.0,1,5.0,0,0
1002,2018,14,2018-09-02,Italian Grand Prix,monza,839,ocon,Ocon,10,Force India,8,6,8.0,1,8.0,0,0
1002,2018,14,2018-09-02,Italian Grand Prix,monza,815,perez,Pérez,10,Force India,14,7,6.0,1,16.0,0,0
1002,2018,14,2018-09-02,Italian Grand Prix,monza,832,sainz,Sainz,4,Renault,7,8,4.0,1,7.0,0,0
1002,2018,14,2018-09-02,Italian Grand Prix,monza,840,stroll,Stroll,3,Williams,10,9,2.0,11,10.0,0,0
1002,2018,14,2018-09-02,Italian Grand Prix,monza,845,sirotkin,Sirotkin,3,Williams,12,10,1.0,11,12.0,0,0
1002,2018,14,2018-09-02,Italian Grand Prix,monza,844,leclerc,Leclerc,15,Sauber,15,11,0.0,11,17.0,0,0
1002,2018,14,2018-09-02,Italian Grand Prix,monza,838,vandoorne,Vandoorne,1,McLaren,17,12,0.0,11,20.0,0,0
1002,2018,14,2018-09-02,Italian Grand Prix,monza,807,hulkenberg,Hülkenberg,4,Renault,20,13,0.0,11,14.0,0,0
1002,2018,14,2018-09-02,Italian Grand Prix,monza,842,gasly,Gasly,5,Toro Rosso,9,14,0.0,11,9.0,0,0
1002,2018,14,2018-09-02,Italian Grand Prix,monza,828,ericsson,Ericsson,15,Sauber,18,15,0.0,11,19.0,0,0
1002,2018,14,2018-09-02,Italian Grand Prix,monza,825,kevin_magnussen,Magnussen,210,Haas F1 Team,11,16,0.0,11,11.0,0,1
1002,2018,14,2018-09-02,Italian Grand Prix,monza,817,ricciardo,Ricciardo,9,Red Bull,19,17,0.0,5,15.0,0,1
1002,2018,14,2018-09-02,Italian Grand Prix,monza,4,alonso,Alonso,1,McLaren,13,18,0.0,5,13.0,0,1
1002,2018,14,2018-09-02,Italian Grand Prix,monza,843,brendon_hartley,Hartley,5,Toro Rosso,16,19,0.0,23,18.0,0,1
1002,2018,14,2018-09-02,Italian Grand Prix,monza,154,grosjean,Grosjean,210,Haas F1 Team,6,20,0.0,2,6.0,0,1
1003,2018,15,2018-09-16,Singapore Grand Prix,marina_bay,1,hamilton,Hamilton,131,Mercedes,1,1,25.0,1,1.0,1,0
1003,2018,15,2018-09-16,Singapore Grand Prix,marina_bay,830,max_verstappen,Verstappen,9,Red Bull,2,2,18.0,1,2.0,0,0
1003,2018,15,2018-09-16,Singapore Grand Prix,marina_bay,20,vettel,Vettel,6,Ferrari,3,3,15.0,1,3.0,0,0
1003,2018,15,2018-09-16,Singapore Grand Prix,marina_bay,822,bottas,Bottas,131,Mercedes,4,4,12.0,1,4.0,0,0
1003,2018,15,2018-09-16,Singapore Grand Prix,marina_bay,8,raikkonen,Räikkönen,6,Ferrari,5,5,10.0,1,5.0,0,0
1003,2018,15,2018-09-16,Singapore Grand Prix,marina_bay,817,ricciardo,Ricciardo,9,Red Bull,6,6,8.0,1,6.0,0,0
1003,2018,15,2018-09-16,Singapore Grand Prix,marina_bay,4,alonso,Alonso,1,McLaren,11,7,6.0,1,11.0,0,0
1003,2018,15,2018-09-16,Singapore Grand Prix,marina_bay,832,sainz,Sainz,4,Renault,12,8,4.0,11,12.0,0,0
1003,2018,15,2018-09-16,Singapore Grand Prix,marina_bay,844,leclerc,Leclerc,15,Sauber,13,9,2.0,11,13.0,0,0
1003,2018,15,2018-09-16,Singapore Grand Prix,marina_bay,807,hulkenberg,Hülkenberg,4,Renault,10,10,1.0,11,10.0,0,0
1003,2018,15,2018-09-16,Singapore Grand Prix,marina_bay,828,ericsson,Ericsson,15,Sauber,14,11,0.0,11,14.0,0,0
1003,2018,15,2018-09-16,Singapore Grand Prix,marina_bay,838,vandoorne,Vandoorne,1,McLaren,18,12,0.0,11,18.0,0,0
1003,2018,15,2018-09-16,Singapore Grand Prix,marina_bay,842,gasly,Gasly,5,Toro Rosso,15,13,0.0,11,15.0,0,0
1003,2018,15,2018-09-16,Singapore Grand Prix,marina_bay,840,stroll,Stroll,3,Williams,20,14,0.0,11,20.0,0,0
1003,2018,15,2018-09-16,Singapore Grand Prix,marina_bay,154,grosjean,Grosjean,210,Haas F1 Team,8,15,0.0,11,8.0,0,0
1003,2018,15,2018-09-16,Singapore Grand Prix,marina_bay,815,perez,Pérez,10,Force India,7,16,0.0,11,7.0,0,1
1003,2018,15,2018-09-16,Singapore Grand Prix,marina_bay,843,brendon_hartley,Hartley,5,Toro Rosso,17,17,0.0,11,17.0,0,1
1003,2018,15,2018-09-16,Singapore Grand Prix,marina_bay,825,kevin_magnussen,Magnussen,210,Haas F1 Team,16,18,0.0,12,16.0,0,1
1003,2018,15,2018-09-16,Singapore Grand Prix,marina_bay,845,sirotkin,Sirotkin,3,Williams,19,19,0.0,12,19.0,0,1
1003,2018,15,2018-09-16,Singapore Grand Prix,marina_bay,839,ocon,Ocon,10,Force India,9,20,0.0,4,9.0,0,1
1004,2018,16,2018-09-30,Russian Grand Prix,sochi,1,hamilton,Hamilton,131,Mercedes,2,1,25.0,1,2.0,1,0
1004,2018,16,2018-09-30,Russian Grand Prix,sochi,822,bottas,Bottas,131,Mercedes,1,2,18.0,1,1.0,0,0
1004,2018,16,2018-09-30,Russian Grand Prix,sochi,20,vettel,Vettel,6,Ferrari,3,3,15.0,1,3.0,0,0
1004,2018,16,2018-09-30,Russian Grand Prix,sochi,8,raikkonen,Räikkönen,6,Ferrari,4,4,12.0,1,4.0,0,0
1004,2018,16,2018-09-30,Russian Grand Prix,sochi,830,max_verstappen,Verstappen,9,Red Bull,19,5,10.0,1,11.0,0,0
1004,2018,16,2018-09-30,Russian Grand Prix,sochi,817,ricciardo,Ricciardo,9,Red Bull,18,6,8.0,1,12.0,0,0
1004,2018,16,2018-09-30,Russian Grand Prix,sochi,844,leclerc,Leclerc,15,Sauber,7,7,6.0,1,7.0,0,0
1004,2018,16,2018-09-30,Russian Grand Prix,sochi,825,kevin_magnussen,Magnussen,210,Haas F1 Team,5,8,4.0,11,5.0,0,0
1004,2018,16,2018-09-30,Russian Grand Prix,sochi,839,ocon,Ocon,10,Force India,6,9,2.0,11,6.0,0,0
1004,2018,16,2018-09-30,Russian Grand Prix,sochi,815,perez,Pérez,10,Force India,8,10,1.0,11,8.0,0,0
1004,2018,16,2018-09-30,Russian Grand Prix,sochi,154,grosjean,Grosjean,210,Haas F1 Team,9,11,0.0,11,9.0,0,0
1004,2018,16,2018-09-30,Russian Grand Prix,sochi,807,hulkenberg,Hülkenberg,4,Renault,12,12,0.0,11,15.0,0,0
1004,2018,16,2018-09-30,Russian Grand Prix,sochi,828,ericsson,Ericsson,15,Sauber,10,13,0.0,11,10.0,0,0
1004,2018,16,2018-09-30,Russian Grand Prix,sochi,4,alonso,Alonso,1,McLaren,16,14,0.0,11,17.0,0,0
1004,2018,16,2018-09-30,Russian Grand Prix,sochi,840,stroll,Stroll,3,Williams,14,15,0.0,11,20.0,0,0
1004,2018,16,2018-09-30,Russian Grand Prix,sochi,838,vandoorne,Vandoorne,1,McLaren,15,16,0.0,12,19.0,0,1
1004,2018,16,2018-09-30,Russian Grand Prix,sochi,832,sainz,Sainz,4,Renault,11,17,0.0,12,14.0,0,1
1004,2018,16,2018-09-30,Russian Grand Prix,sochi,845,sirotkin,Sirotkin,3,Williams,13,18,0.0,12,18.0,0,1
1004,2018,16,2018-09-30,Russian Grand Prix,sochi,842,gasly,Gasly,5,Toro Rosso,17,19,0.0,23,13.0,0,1
1004,2018,16,2018-09-30,Russian Grand Prix,sochi,843,brendon_hartley,Hartley,5,Toro Rosso,20,20,0.0,23,16.0,0,1
1005,2018,17,2018-10-07,Japanese Grand Prix,suzuka,1,hamilton,Hamilton,131,Mercedes,1,1,25.0,1,1.0,1,0
1005,2018,17,2018-10-07,Japanese Grand Prix,suzuka,822,bottas,Bottas,131,Mercedes,2,2,18.0,1,2.0,0,0
1005,2018,17,2018-10-07,Japanese Grand Prix,suzuka,830,max_verstappen,Verstappen,9,Red Bull,3,3,15.0,1,3.0,0,0
1005,2018,17,2018-10-07,Japanese Grand Prix,suzuka,817,ricciardo,Ricciardo,9,Red Bull,15,4,12.0,1,15.0,0,0
1005,2018,17,2018-10-07,Japanese Grand Prix,suzuka,8,raikkonen,Räikkönen,6,Ferrari,4,5,10.0,1,4.0,0,0
1005,2018,17,2018-10-07,Japanese Grand Prix,suzuka,20,vettel,Vettel,6,Ferrari,8,6,8.0,1,9.0,0,0
1005,2018,17,2018-10-07,Japanese Grand Prix,suzuka,815,perez,Pérez,10,Force India,9,7,6.0,1,10.0,0,0
1005,2018,17,2018-10-07,Japanese Grand Prix,suzuka,154,grosjean,Grosjean,210,Haas F1 Team,5,8,4.0,1,5.0,0,0
1005,2018,17,2018-10-07,Japanese Grand Prix,suzuka,839,ocon,Ocon,10,Force India,11,9,2.0,1,8.0,0,0
1005,2018,17,2018-10-07,Japanese Grand Prix,suzuka,832,sainz,Sainz,4,Renault,13,10,1.0,11,13.0,0,0
1005,2018,17,2018-10-07,Japanese Grand Prix,suzuka,842,gasly,Gasly,5,Toro Rosso,7,11,0.0,11,7.0,0,0
1005,2018,17,2018-10-07,Japanese Grand Prix,suzuka,828,ericsson,Ericsson,15,Sauber,20,12,0.0,11,20.0,0,0
1005,2018,17,2018-10-07,Japanese Grand Prix,suzuka,843,brendon_hartley,Hartley,5,Toro Rosso,6,13,0.0,11,6.0,0,0
1005,2018,17,2018-10-07,Japanese Grand Prix,suzuka,4,alonso,Alonso,1,McLaren,18,14,0.0,11,18.0,0,0
1005,2018,17,2018-10-07,Japanese Grand Prix,suzuka,838,vandoorne,Vandoorne,1,McLaren,19,15,0.0,11,19.0,0,0
1005,2018,17,2018-10-07,Japanese Grand Prix,suzuka,845,sirotkin,Sirotkin,3,Williams,17,16,0.0,11,17.0,0,1
1005,2018,17,2018-10-07,Japanese Grand Prix,suzuka,840,stroll,Stroll,3,Williams,14,17,0.0,11,14.0,0,1
1005,2018,17,2018-10-07,Japanese Grand Prix,suzuka,844,leclerc,Leclerc,15,Sauber,10,18,0.0,26,11.0,0,1
1005,2018,17,2018-10-07,Japanese Grand Prix,suzuka,807,hulkenberg,Hülkenberg,4,Renault,16,19,0.0,5,16.0,0,1
1005,2018,17,2018-10-07,Japanese Grand Prix,suzuka,825,kevin_magnussen,Magnussen,210,Haas F1 Team,12,20,0.0,130,12.0,0,1
1006,2018,18,2018-10-21,United States Grand Prix,americas,8,raikkonen,Räikkönen,6,Ferrari,2,1,25.0,1,3.0,1,0
1006,2018,18,2018-10-21,United States Grand Prix,americas,830,max_verstappen,Verstappen,9,Red Bull,18,2,18.0,1,15.0,0,0
1006,2018,18,2018-10-21,United States Grand Prix,americas,1,hamilton,Hamilton,131,Mercedes,1,3,15.0,1,1.0,0,0
1006,2018,18,2018-10-21,United States Grand Prix,americas,20,vettel,Vettel,6,Ferrari,5,4,12.0,1,2.0,0,0
1006,2018,18,2018-10-21,United States Grand Prix,americas,822,bottas,Bottas,131,Mercedes,3,5,10.0,1,4.0,0,0
1006,2018,18,2018-10-21,United States Grand Prix,americas,807,hulkenberg,Hülkenberg,4,Renault,7,6,8.0,1,7.0,0,0
1006,2018,18,2018-10-21,United States Grand Prix,americas,832,sainz,Sainz,4,Renault,11,7,6.0,1,11.0,0,0
1006,2018,18,2018-10-21,United States Grand Prix,americas,815,perez,Pérez,10,Force India,10,8,4.0,1,10.0,0,0
1006,2018,18,2018-10-21,United States Grand Prix,americas,843,brendon_hartley,Hartley,5,Toro Rosso,20,9,2.0,11,14.0,0,0
1006,2018,18,2018-10-21,United States Grand Prix,americas,828,ericsson,Ericsson,15,Sauber,16,10,1.0,11,19.0,0,0
1006,2018,18,2018-10-21,United States Grand Prix,americas,838,vandoorne,Vandoorne,1,McLaren,17,11,0.0,11,20.0,0,0
1006,2018,18,2018-10-21,United States Grand Prix,americas,842,gasly,Gasly,5,Toro Rosso,19,12,0.0,11,13.0,0,0
1006,2018,18,2018-10-21,United States Grand Prix,americas,845,sirotkin,Sirotkin,3,Williams,14,13,0.0,11,17.0,0,0
1006,2018,18,2018-10-21,United States Grand Prix,americas,840,stroll,Stroll,3,Williams,15,14,0.0,12,18.0,0,0
1006,2018,18,2018-10-21,United States Grand Prix,americas,844,leclerc,Leclerc,15,Sauber,9,15,0.0,130,9.0,0,0
1006,2018,18,2018-10-21,United States Grand Prix,americas,817,ricciardo,Ricciardo,9,Red Bull,4,16,0.0,84,5.0,0,1
1006,2018,18,2018-10-21,United States Grand Prix,americas,154,grosjean,Grosjean,210,Haas F1 Team,8,17,0.0,130,8.0,0,1
1006,2018,18,2018-10-21,United States Grand Prix,americas,4,alonso,Alonso,1,McLaren,13,18,0.0,4,16.0,0,1
1006,2018,18,2018-10-21,United States Grand Prix,americas,839,ocon,Ocon,10,Force India,6,19,0.0,2,6.0,0,1
1006,2018,18,2018-10-21,United States Grand Prix,americas,825,kevin_magnussen,Magnussen,210,Haas F1 Team,12,20,0.0,2,12.0,0,1
1007,2018,19,2018-10-28,Mexican Grand Prix,rodriguez,830,max_verstappen,Verstappen,9,Red Bull,2,1,25.0,1,2.0,1,0
1007,2018,19,2018-10-28,Mexican Grand Prix,rodriguez,20,vettel,Vettel,6,Ferrari,4,2,18.0,1,4.0,0,0
1007,2018,19,2018-10-28,Mexican Grand Prix,rodriguez,8,raikkonen,Räikkönen,6,Ferrari,6,3,15.0,1,6.0,0,0
1007,2018,19,2018-10-28,Mexican Grand Prix,rodriguez,1,hamilton,Hamilton,131,Mercedes,3,4,12.0,1,3.0,0,0
1007,2018,19,2018-10-28,Mexican Grand Prix,rodriguez,822,bottas,Bottas,131,Mercedes,5,5,10.0,11,5.0,0,0
1007,2018,19,2018-10-28,Mexican Grand Prix,rodriguez,807,hulkenberg,Hülkenberg,4,Renault,7,6,8.0,12,7.0,0,0
1007,2018,19,2018-10-28,Mexican Grand Prix,rodriguez,844,leclerc,Leclerc,15,Sauber,9,7,6.0,12,9.0,0,0
1007,2018,19,2018-10-28,Mexican Grand Prix,rodriguez,838,vandoorne,Vandoorne,1,McLaren,15,8,4.0,12,17.0,0,0
1007,2018,19,2018-10-28,Mexican Grand Prix,rodriguez,828,ericsson,Ericsson,15,Sauber,10,9,2.0,12,10.0,0,0
1007,2018,19,2018-10-28,Mexican Grand Prix,rodriguez,842,gasly,Gasly,5,Toro Rosso,20,10,1.0,12,15.0,0,0
1007,2018,19,2018-10-28,Mexican Grand Prix,rodriguez,839,ocon,Ocon,10,Force India,11,11,0.0,12,11.0,0,0
1007,2018,19,2018-10-28,Mexican Grand Prix,rodriguez,840,stroll,Stroll,3,Williams,17,12,0.0,12,19.0,0,0
1007,2018,19,2018-10-28,Mexican Grand Prix,rodriguez,845,sirotkin,Sirotkin,3,Williams,19,13,0.0,12,20.0,0,0
1007,2018,19,2018-10-28,Mexican Grand Prix,rodriguez,843,brendon_hartley,Hartley,5,Toro Rosso,14,14,0.0,12,14.0,0,0
1007,2018,19,2018-10-28,Mexican Grand Prix,rodriguez,825,kevin_magnussen,Magnussen,210,Haas F1 Team,16,15,0.0,12,18.0,0,0
1007,2018,19,2018-10-28,Mexican Grand Prix,rodriguez,154,grosjean,Grosjean,210,Haas F1 Team,18,16,0.0,13,16.0,0,1
1007,2018,19,2018-10-28,Mexican Grand Prix,rodriguez,817,ricciardo,Ricciardo,9,Red Bull,1,17,0.0,5,1.0,0,1
1007,2018,19,2018-10-28,Mexican Grand Prix,rodriguez,815,perez,Pérez,10,Force India,13,18,0.0,23,13.0,0,1
1007,2018,19,2018-10-28,Mexican Grand Prix,rodriguez,832,sainz,Sainz,4,Renault,8,19,0.0,22,8.0,0,1
1007,2018,19,2018-10-28,Mexican Grand Prix,rodriguez,4,alonso,Alonso,1,McLaren,12,20,0.0,5,12.0,0,1
1008,2018,20,2018-11-11,Brazilian Grand Prix,interlagos,1,hamilton,Hamilton,131,Mercedes,1,1,25.0,1,1.0,1,0
1008,2018,20,2018-11-11,Brazilian Grand Prix,interlagos,830,max_verstappen,Verstappen,9,Red Bull,5,2,18.0,1,5.0,0,0
1008,2018,20,2018-11-11,Brazilian Grand Prix,interlagos,8,raikkonen,Räikkönen,6,Ferrari,4,3,15.0,1,4.0,0,0
1008,2018,20,2018-11-11,Brazilian Grand Prix,interlagos,817,ricciardo,Ricciardo,9,Red Bull,11,4,12.0,1,6.0,0,0
1008,2018,20,2018-11-11,Brazilian Grand Prix,interlagos,822,bottas,Bottas,131,Mercedes,3,5,10.0,1,3.0,0,0
1008,2018,20,2018-11-11,Brazilian Grand Prix,interlagos,20,vettel,Vettel,6,Ferrari,2,6,8.0,1,2.0,0,0
1008,2018,20,2018-11-11,Brazilian Grand Prix,interlagos,844,leclerc,Leclerc,15,Sauber,7,7,6.0,1,8.0,0,0
1008,2018,20,2018-11-11,Brazilian Grand Prix,interlagos,154,grosjean,Grosjean,210,Haas F1 Team,8,8,4.0,1,9.0,0,0
1008,2018,20,2018-11-11,Brazilian Grand Prix,interlagos,825,kevin_magnussen,Magnussen,210,Haas F1 Team,10,9,2.0,1,11.0,0,0
1008,2018,20,2018-11-11,Brazilian Grand Prix,interlagos,815,perez,Pérez,10,Force India,12,10,1.0,11,12.0,0,0
1008,2018,20,2018-11-11,Brazilian Grand Prix,interlagos,843,brendon_hartley,Hartley,5,Toro Rosso,16,11,0.0,11,17.0,0,0
1008,2018,20,2018-11-11,Brazilian Grand Prix,interlagos,832,sainz,Sainz,4,Renault,15,12,0.0,11,16.0,0,0
1008,2018,20,2018-11-11,Brazilian Grand Prix,interlagos,842,gasly,Gasly,5,Toro Rosso,9,13,0.0,11,10.0,0,0
1008,2018,20,2018-11-11,Brazilian Grand Prix,interlagos,838,vandoorne,Vandoorne,1,McLaren,20,14,0.0,11,20.0,0,0
1008,2018,20,2018-11-11,Brazilian Grand Prix,interlagos,839,ocon,Ocon,10,Force India,18,15,0.0,11,13.0,0,0
1008,2018,20,2018-11-11,Brazilian Grand Prix,interlagos,845,sirotkin,Sirotkin,3,Williams,14,16,0.0,12,15.0,0,1
1008,2018,20,2018-11-11,Brazilian Grand Prix,interlagos,4,alonso,Alonso,1,McLaren,17,17,0.0,12,18.0,0,1
1008,2018,20,2018-11-11,Brazilian Grand Prix,interlagos,840,stroll,Stroll,3,Williams,19,18,0.0,12,19.0,0,1
1008,2018,20,2018-11-11,Brazilian Grand Prix,interlagos,807,hulkenberg,Hülkenberg,4,Renault,13,19,0.0,25,14.0,0,1
1008,2018,20,2018-11-11,Brazilian Grand Prix,interlagos,828,ericsson,Ericsson,15,Sauber,6,20,0.0,4,7.0,0,1
1009,2018,21,2018-11-25,Abu Dhabi Grand Prix,yas_marina,1,hamilton,Hamilton,131,Mercedes,1,1,25.0,1,1.0,1,0
1009,2018,21,2018-11-25,Abu Dhabi Grand Prix,yas_marina,20,vettel,Vettel,6,Ferrari,3,2,18.0,1,3.0,0,0
1009,2018,21,2018-11-25,Abu Dhabi Grand Prix,yas_marina,830,max_verstappen,Verstappen,9,Red Bull,6,3,15.0,1,6.0,0,0
1009,2018,21,2018-11-25,Abu Dhabi Grand Prix,yas_marina,817,ricciardo,Ricciardo,9,Red Bull,5,4,12.0,1,5.0,0,0
1009,2018,21,2018-11-25,Abu Dhabi Grand Prix,yas_marina,822,bottas,Bottas,131,Mercedes,2,5,10.0,1,2.0,0,0
1009,2018,21,2018-11-25,Abu Dhabi Grand Prix,yas_marina,832,sainz,Sainz,4,Renault,11,6,8.0,1,11.0,0,0
1009,2018,21,2018-11-25,Abu Dhabi Grand Prix,yas_marina,844,leclerc,Leclerc,15,Sauber,8,7,6.0,1,8.0,0,0
1009,2018,21,2018-11-25,Abu Dhabi Grand Prix,yas_marina,815,perez,Pérez,10,Force India,14,8,4.0,1,14.0,0,0
1009,2018,21,2018-11-25,Abu Dhabi Grand Prix,yas_marina,154,grosjean,Grosjean,210,Haas F1 Team,7,9,2.0,11,7.0,0,0
1009,2018,21,2018-11-25,Abu Dhabi Grand Prix,yas_marina,825,kevin_magnussen,Magnussen,210,Haas F1 Team,13,10,1.0,11,13.0,0,0
1009,2018,21,2018-11-25,Abu Dhabi Grand Prix,yas_marina,4,alonso,Alonso,1,McLaren,15,11,0.0,11,15.0,0,0
1009,2018,21,2018-11-25,Abu Dhabi Grand Prix,yas_marina,843,brendon_hartley,Hartley,5,Toro Rosso,16,12,0.0,11,16.0,0,0
1009,2018,21,2018-11-25,Abu Dhabi Grand Prix,yas_marina,840,stroll,Stroll,3,Williams,20,13,0.0,11,20.0,0,0
1009,2018,21,2018-11-25,Abu Dhabi Grand Prix,yas_marina,838,vandoorne,Vandoorne,1,McLaren,18,14,0.0,11,18.0,0,0
1009,2018,21,2018-11-25,Abu Dhabi Grand Prix,yas_marina,845,sirotkin,Sirotkin,3,Williams,19,15,0.0,11,19.0,0,0
1009,2018,21,2018-11-25,Abu Dhabi Grand Prix,yas_marina,842,gasly,Gasly,5,Toro Rosso,17,16,0.0,5,17.0,0,1
1009,2018,21,2018-11-25,Abu Dhabi Grand Prix,yas_marina,839,ocon,Ocon,10,Force India,9,17,0.0,5,9.0,0,1
1009,2018,21,2018-11-25,Abu Dhabi Grand Prix,yas_marina,828,ericsson,Ericsson,15,Sauber,12,18,0.0,75,12.0,0,1
1009,2018,21,2018-11-25,Abu Dhabi Grand Prix,yas_marina,8,raikkonen,Räikkönen,6,Ferrari,4,19,0.0,75,4.0,0,1
1009,2018,21,2018-11-25,Abu Dhabi Grand Prix,yas_marina,807,hulkenberg,Hülkenberg,4,Renault,10,20,0.0,4,10.0,0,1
1010,2019,1,2019-03-17,Australian Grand Prix,albert_park,822,bottas,Bottas,131,Mercedes,2,1,26.0,1,2.0,1,0
1010,2019,1,2019-03-17,Australian Grand Prix,albert_park,1,hamilton,Hamilton,131,Mercedes,1,2,18.0,1,1.0,0,0
1010,2019,1,2019-03-17,Australian Grand Prix,albert_park,830,max_verstappen,Verstappen,9,Red Bull,4,3,15.0,1,4.0,0,0
1010,2019,1,2019-03-17,Australian Grand Prix,albert_park,20,vettel,Vettel,6,Ferrari,3,4,12.0,1,3.0,0,0
1010,2019,1,2019-03-17,Australian Grand Prix,albert_park,844,leclerc,Leclerc,6,Ferrari,5,5,10.0,1,5.0,0,0
1010,2019,1,2019-03-17,Australian Grand Prix,albert_park,825,kevin_magnussen,Magnussen,210,Haas F1 Team,7,6,8.0,1,7.0,0,0
1010,2019,1,2019-03-17,Australian Grand Prix,albert_park,807,hulkenberg,Hülkenberg,4,Renault,11,7,6.0,11,11.0,0,0
1010,2019,1,2019-03-17,Australian Grand Prix,albert_park,8,raikkonen,Räikkönen,51,Alfa Romeo,9,8,4.0,11,9.0,0,0
1010,2019,1,2019-03-17,Australian Grand Prix,albert_park,840,stroll,Stroll,211,Racing Point,16,9,2.0,11,16.0,0,0
1010,2019,1,2019-03-17,Australian Grand Prix,albert_park,826,kvyat,Kvyat,5,Toro Rosso,15,10,1.0,11,15.0,0,0
1010,2019,1,2019-03-17,Australian Grand Prix,albert_park,842,gasly,Gasly,9,Red Bull,17,11,0.0,11,17.0,0,0
1010,2019,1,2019-03-17,Australian Grand Prix,albert_park,846,norris,Norris,1,McLaren,8,12,0.0,11,8.0,0,0
1010,2019,1,2019-03-17,Australian Grand Prix,albert_park,815,perez,Pérez,211,Racing Point,10,13,0.0,11,10.0,0,0
1010,2019,1,2019-03-17,Australian Grand Prix,albert_park,848,albon,Albon,5,Toro Rosso,13,14,0.0,11,13.0,0,0
1010,2019,1,2019-03-17,Australian Grand Prix,albert_park,841,giovinazzi,Giovinazzi,51,Alfa Romeo,14,15,0.0,11,14.0,0,0
1010,2019,1,2019-03-17,Australian Grand Prix,albert_park,847,russell,Russell,3,Williams,19,16,0.0,12,19.0,0,1
1010,2019,1,2019-03-17,Australian Grand Prix,albert_park,9,kubica,Kubica,3,Williams,20,17,0.0,13,20.0,0,1
1010,2019,1,2019-03-17,Australian Grand Prix,albert_park,154,grosjean,Grosjean,210,Haas F1 Team,6,18,0.0,36,6.0,0,1
1010,2019,1,2019-03-17,Australian Grand Prix,albert_park,817,ricciardo,Ricciardo,4,Renault,12,19,0.0,137,12.0,0,1
1010,2019,1,2019-03-17,Australian Grand Prix,albert_park,832,sainz,Sainz,1,McLaren,18,20,0.0,5,18.0,0,1
1011,2019,2,2019-03-31,Bahrain Grand Prix,bahrain,1,hamilton,Hamilton,131,Mercedes,3,1,25.0,1,3.0,1,0
1011,2019,2,2019-03-31,Bahrain Grand Prix,bahrain,822,bottas,Bottas,131,Mercedes,4,2,18.0,1,4.0,0,0
1011,2019,2,2019-03-31,Bahrain Grand Prix,bahrain,844,leclerc,Leclerc,6,Ferrari,1,3,16.0,1,1.0,0,0
1011,2019,2,2019-03-31,Bahrain Grand Prix,bahrain,830,max_verstappen,Verstappen,9,Red Bull,5,4,12.0,1,5.0,0,0
1011,2019,2,2019-03-31,Bahrain Grand Prix,bahrain,20,vettel,Vettel,6,Ferrari,2,5,10.0,1,2.0,0,0
1011,2019,2,2019-03-31,Bahrain Grand Prix,bahrain,846,norris,Norris,1,McLaren,9,6,8.0,1,10.0,0,0
1011,2019,2,2019-03-31,Bahrain Grand Prix,bahrain,8,raikkonen,Räikkönen,51,Alfa Romeo,8,7,6.0,1,9.0,0,0
1011,2019,2,2019-03-31,Bahrain Grand Prix,bahrain,842,gasly,Gasly,9,Red Bull,13,8,4.0,1,13.0,0,0
1011,2019,2,2019-03-31,Bahrain Grand Prix,bahrain,848,albon,Albon,5,Toro Rosso,12,9,2.0,1,12.0,0,0
1011,2019,2,2019-03-31,Bahrain Grand Prix,bahrain,815,perez,Pérez,211,Racing Point,14,10,1.0,1,14.0,0,0
1011,2019,2,2019-03-31,Bahrain Grand Prix,bahrain,841,giovinazzi,Giovinazzi,51,Alfa Romeo,16,11,0.0,1,16.0,0,0
1011,2019,2,2019-03-31,Bahrain Grand Prix,bahrain,826,kvyat,Kvyat,5,Toro Rosso,15,12,0.0,11,15.0,0,0
1011,2019,2,2019-03-31,Bahrain Grand Prix,bahrain,825,kevin_magnussen,Magnussen,210,Haas F1 Team,6,13,0.0,11,6.0,0,0
1011,2019,2,2019-03-31,Bahrain Grand Prix,bahrain,840,stroll,Stroll,211,Racing Point,18,14,0.0,11,18.0,0,0
1011,2019,2,2019-03-31,Bahrain Grand Prix,bahrain,847,russell,Russell,3,Williams,19,15,0.0,11,19.0,0,0
1011,2019,2,2019-03-31,Bahrain Grand Prix,bahrain,9,kubica,Kubica,3,Williams,20,16,0.0,12,20.0,0,1
1011,2019,2,2019-03-31,Bahrain Grand Prix,bahrain,807,hulkenberg,Hülkenberg,4,Renault,17,17,0.0,5,17.0,0,1
1011,2019,2,2019-03-31,Bahrain Grand Prix,bahrain,817,ricciardo,Ricciardo,4,Renault,10,18,0.0,60,11.0,0,1
1011,2019,2,2019-03-31,Bahrain Grand Prix,bahrain,832,sainz,Sainz,1,McLaren,7,19,0.0,130,7.0,0,1
1011,2019,2,2019-03-31,Bahrain Grand Prix,bahrain,154,grosjean,Grosjean,210,Haas F1 Team,11,20,0.0,31,8.0,0,1
1012,2019,3,2019-04-14,Chinese Grand Prix,shanghai,1,hamilton,Hamilton,131,Mercedes,2,1,25.0,1,2.0,1,0
1012,2019,3,2019-04-14,Chinese Grand Prix,shanghai,822,bottas,Bottas,131,Mercedes,1,2,18.0,1,1.0,0,0
1012,2019,3,2019-04-14,Chinese Grand Prix,shanghai,20,vettel,Vettel,6,Ferrari,3,3,15.0,1,3.0,0,0
1012,2019,3,2019-04-14,Chinese Grand Prix,shanghai,830,max_verstappen,Verstappen,9,Red Bull,5,4,12.0,1,5.0,0,0
1012,2019,3,2019-04-14,Chinese Grand Prix,shanghai,844,leclerc,Leclerc,6,Ferrari,4,5,10.0,1,4.0,0,0
1012,2019,3,2019-04-14,Chinese Grand Prix,shanghai,842,gasly,Gasly,9,Red Bull,6,6,9.0,1,6.0,0,0
1012,2019,3,2019-04-14,Chinese Grand Prix,shanghai,817,ricciardo,Ricciardo,4,Renault,7,7,6.0,11,7.0,0,0
1012,2019,3,2019-04-14,Chinese Grand Prix,shanghai,815,perez,Pérez,211,Racing Point,12,8,4.0,11,12.0,0,0
1012,2019,3,2019-04-14,Chinese Grand Prix,shanghai,8,raikkonen,Räikkönen,51,Alfa Romeo,13,9,2.0,11,13.0,0,0
1012,2019,3,2019-04-14,Chinese Grand Prix,shanghai,154,grosjean,Grosjean,210,Haas F1 Team,10,11,0.0,11,10.0,0,0
1012,2019,3,2019-04-14,Chinese Grand Prix,shanghai,840,stroll,Stroll,211,Racing Point,16,12,0.0,11,16.0,0,0
1012,2019,3,2019-04-14,Chinese Grand Prix,shanghai,825,kevin_magnussen,Magnussen,210,Haas F1 Team,9,13,0.0,11,9.0,0,0
1012,2019,3,2019-04-14,Chinese Grand Prix,shanghai,832,sainz,Sainz,1,McLaren,14,14,0.0,11,14.0,0,0
1012,2019,3,2019-04-14,Chinese Grand Prix,shanghai,847,russell,Russell,3,Williams,17,16,0.0,12,17.0,0,1
1012,2019,3,2019-04-14,Chinese Grand Prix,shanghai,9,kubica,Kubica,3,Williams,18,17,0.0,12,18.0,0,1
1012,2019,3,2019-04-14,Chinese Grand Prix,shanghai,846,norris,Norris,1,McLaren,15,18,0.0,4,15.0,0,1
1012,2019,3,2019-04-14,Chinese Grand Prix,shanghai,826,kvyat,Kvyat,5,Toro Rosso,11,19,0.0,4,11.0,0,1
1012,2019,3,2019-04-14,Chinese Grand Prix,shanghai,807,hulkenberg,Hülkenberg,4,Renault,8,20,0.0,131,8.0,0,1
1013,2019,4,2019-04-28,Azerbaijan Grand Prix,baku,822,bottas,Bottas,131,Mercedes,1,1,25.0,1,1.0,1,0
1013,2019,4,2019-04-28,Azerbaijan Grand Prix,baku,1,hamilton,Hamilton,131,Mercedes,2,2,18.0,1,2.0,0,0
1013,2019,4,2019-04-28,Azerbaijan Grand Prix,baku,20,vettel,Vettel,6,Ferrari,3,3,15.0,1,3.0,0,0
1013,2019,4,2019-04-28,Azerbaijan Grand Prix,baku,830,max_verstappen,Verstappen,9,Red Bull,4,4,12.0,1,4.0,0,0
1013,2019,4,2019-04-28,Azerbaijan Grand Prix,baku,844,leclerc,Leclerc,6,Ferrari,8,5,11.0,1,9.0,0,0
1013,2019,4,2019-04-28,Azerbaijan Grand Prix,baku,815,perez,Pérez,211,Racing Point,5,6,8.0,1,5.0,0,0
1013,2019,4,2019-04-28,Azerbaijan Grand Prix,baku,832,sainz,Sainz,1,McLaren,9,7,6.0,1,10.0,0,0
1013,2019,4,2019-04-28,Azerbaijan Grand Prix,baku,846,norris,Norris,1,McLaren,7,8,4.0,1,7.0,0,0
1013,2019,4,2019-04-28,Azerbaijan Grand Prix,baku,840,stroll,Stroll,211,Racing Point,13,9,2.0,1,14.0,0,0
1013,2019,4,2019-04-28,Azerbaijan Grand Prix,baku,8,raikkonen,Räikkönen,51,Alfa Romeo,0,10,1.0,11,19.0,0,0
1013,2019,4,2019-04-28,Azerbaijan Grand Prix,baku,848,albon,Albon,5,Toro Rosso,11,11,0.0,11,12.0,0,0
1013,2019,4,2019-04-28,Azerbaijan Grand Prix,baku,841,giovinazzi,Giovinazzi,51,Alfa Romeo,17,12,0.0,11,8.0,0,0
1013,2019,4,2019-04-28,Azerbaijan Grand Prix,baku,825,kevin_magnussen,Magnussen,210,Haas F1 Team,12,13,0.0,11,13.0,0,0
1013,2019,4,2019-04-28,Azerbaijan Grand Prix,baku,807,hulkenberg,Hülkenberg,4,Renault,15,14,0.0,11,16.0,0,0
1013,2019,4,2019-04-28,Azerbaijan Grand Prix,baku,847,russell,Russell,3,Williams,16,15,0.0,12,17.0,0,0
1013,2019,4,2019-04-28,Azerbaijan Grand Prix,baku,9,kubica,Kubica,3,Williams,0,16,0.0,12,18.0,0,1
1013,2019,4,2019-04-28,Azerbaijan Grand Prix,baku,842,gasly,Gasly,9,Red Bull,0,17,0.0,7,20.0,0,1
1013,2019,4,2019-04-28,Azerbaijan Grand Prix,baku,154,grosjean,Grosjean,210,Haas F1 Team,14,18,0.0,23,15.0,0,1
1013,2019,4,2019-04-28,Azerbaijan Grand Prix,baku,826,kvyat,Kvyat,5,Toro Rosso,6,19,0.0,4,6.0,0,1
1013,2019,4,2019-04-28,Azerbaijan Grand Prix,baku,817,ricciardo,Ricciardo,4,Renault,10,20,0.0,4,11.0,0,1
1014,2019,5,2019-05-12,Spanish Grand Prix,catalunya,1,hamilton,Hamilton,131,Mercedes,2,1,26.0,1,2.0,1,0
1014,2019,5,2019-05-12,Spanish Grand Prix,catalunya,822,bottas,Bottas,131,Mercedes,1,2,18.0,1,1.0,0,0
1014,2019,5,2019-05-12,Spanish Grand Prix,catalunya,830,max_verstappen,Verstappen,9,Red Bull,4,3,15.0,1,4.0,0,0
1014,2019,5,2019-05-12,Spanish Grand Prix,catalunya,20,vettel,Vettel,6,Ferrari,3,4,12.0,1,3.0,0,0
1014,2019,5,2019-05-12,Spanish Grand Prix,catalunya,844,leclerc,Leclerc,6,Ferrari,5,5,10.0,1,5.0,0,0
1014,2019,5,2019-05-12,Spanish Grand Prix,catalunya,842,gasly,Gasly,9,Red Bull,6,6,8.0,1,6.0,0,0
1014,2019,5,2019-05-12,Spanish Grand Prix,catalunya,825,kevin_magnussen,Magnussen,210,Haas F1 Team,8,7,6.0,1,8.0,0,0
1014,2019,5,2019-05-12,Spanish Grand Prix,catalunya,832,sainz,Sainz,1,McLaren,12,8,4.0,1,13.0,0,0
1014,2019,5,2019-05-12,Spanish Grand Prix,catalunya,826,kvyat,Kvyat,5,Toro Rosso,9,9,2.0,1,9.0,0,0
1014,2019,5,2019-05-12,Spanish Grand Prix,catalunya,154,grosjean,Grosjean,210,Haas F1 Team,7,10,1.0,1,7.0,0,0
1014,2019,5,2019-05-12,Spanish Grand Prix,catalunya,848,albon,Albon,5,Toro Rosso,11,11,0.0,1,12.0,0,0
1014,2019,5,2019-05-12,Spanish Grand Prix,catalunya,817,ricciardo,Ricciardo,4,Renault,13,12,0.0,1,10.0,0,0
1014,2019,5,2019-05-12,Spanish Grand Prix,catalunya,807,hulkenberg,Hülkenberg,4,Renault,0,13,0.0,1,16.0,0,0
1014,2019,5,2019-05-12,Spanish Grand Prix,catalunya,8,raikkonen,Räikkönen,51,Alfa Romeo,14,14,0.0,1,14.0,0,0
1014,2019,5,2019-05-12,Spanish Grand Prix,catalunya,815,perez,Pérez,211,Racing Point,15,15,0.0,1,15.0,0,0
1014,2019,5,2019-05-12,Spanish Grand Prix,catalunya,841,giovinazzi,Giovinazzi,51,Alfa Romeo,18,16,0.0,1,18.0,0,1
1014,2019,5,2019-05-12,Spanish Grand Prix,catalunya,847,russell,Russell,3,Williams,19,17,0.0,11,19.0,0,1
1014,2019,5,2019-05-12,Spanish Grand Prix,catalunya,9,kubica,Kubica,3,Williams,17,18,0.0,11,20.0,0,1
1014,2019,5,2019-05-12,Spanish Grand Prix,catalunya,840,stroll,Stroll,211,Racing Point,16,19,0.0,4,17.0,0,1
1014,2019,5,2019-05-12,Spanish Grand Prix,catalunya,846,norris,Norris,1,McLaren,10,20,0.0,4,11.0,0,1
1015,2019,6,2019-05-26,Monaco Grand Prix,monaco,1,hamilton,Hamilton,131,Mercedes,1,1,25.0,1,1.0,1,0
1015,2019,6,2019-05-26,Monaco Grand Prix,monaco,20,vettel,Vettel,6,Ferrari,4,2,18.0,1,4.0,0,0
1015,2019,6,2019-05-26,Monaco Grand Prix,monaco,822,bottas,Bottas,131,Mercedes,2,3,15.0,1,2.0,0,0
1015,2019,6,2019-05-26,Monaco Grand Prix,monaco,830,max_verstappen,Verstappen,9,Red Bull,3,4,12.0,1,3.0,0,0
1015,2019,6,2019-05-26,Monaco Grand Prix,monaco,842,gasly,Gasly,9,Red Bull,8,5,11.0,1,5.0,0,0
1015,2019,6,2019-05-26,Monaco Grand Prix,monaco,832,sainz,Sainz,1,McLaren,9,6,8.0,1,9.0,0,0
1015,2019,6,2019-05-26,Monaco Grand Prix,monaco,826,kvyat,Kvyat,5,Toro Rosso,7,7,6.0,1,8.0,0,0
1015,2019,6,2019-05-26,Monaco Grand Prix,monaco,848,albon,Albon,5,Toro Rosso,10,8,4.0,1,10.0,0,0
1015,2019,6,2019-05-26,Monaco Grand Prix,monaco,817,ricciardo,Ricciardo,4,Renault,6,9,2.0,1,7.0,0,0
1015,2019,6,2019-05-26,Monaco Grand Prix,monaco,154,grosjean,Grosjean,210,Haas F1 Team,13,10,1.0,1,13.0,0,0
1015,2019,6,2019-05-26,Monaco Grand Prix,monaco,846,norris,Norris,1,McLaren,12,11,0.0,1,12.0,0,0
1015,2019,6,2019-05-26,Monaco Grand Prix,monaco,825,kevin_magnussen,Magnussen,210,Haas F1 Team,5,14,0.0,11,6.0,0,0
1015,2019,6,2019-05-26,Monaco Grand Prix,monaco,815,perez,Pérez,211,Racing Point,16,12,0.0,11,17.0,0,0
1015,2019,6,2019-05-26,Monaco Grand Prix,monaco,807,hulkenberg,Hülkenberg,4,Renault,11,13,0.0,11,11.0,0,0
1015,2019,6,2019-05-26,Monaco Grand Prix,monaco,847,russell,Russell,3,Williams,19,15,0.0,11,19.0,0,0
1015,2019,6,2019-05-26,Monaco Grand Prix,monaco,840,stroll,Stroll,211,Racing Point,17,16,0.0,11,18.0,0,1
1015,2019,6,2019-05-26,Monaco Grand Prix,monaco,8,raikkonen,Räikkönen,51,Alfa Romeo,14,17,0.0,11,14.0,0,1
1015,2019,6,2019-05-26,Monaco Grand Prix,monaco,9,kubica,Kubica,3,Williams,20,18,0.0,11,20.0,0,1
1015,2019,6,2019-05-26,Monaco Grand Prix,monaco,841,giovinazzi,Giovinazzi,51,Alfa Romeo,18,19,0.0,12,15.0,0,1
1015,2019,6,2019-05-26,Monaco Grand Prix,monaco,844,leclerc,Leclerc,6,Ferrari,15,20,0.0,4,16.0,0,1
1016,2019,7,2019-06-09,Canadian Grand Prix,villeneuve,1,hamilton,Hamilton,131,Mercedes,2,1,25.0,1,2.0,1,0
1016,2019,7,2019-06-09,Canadian Grand Prix,villeneuve,20,vettel,Vettel,6,Ferrari,1,2,18.0,1,1.0,0,0
1016,2019,7,2019-06-09,Canadian Grand Prix,villeneuve,844,leclerc,Leclerc,6,Ferrari,3,3,15.0,1,3.0,0,0
1016,2019,7,2019-06-09,Canadian Grand Prix,villeneuve,822,bottas,Bottas,131,Mercedes,6,4,13.0,1,6.0,0,0
1016,2019,7,2019-06-09,Canadian Grand Prix,villeneuve,830,max_verstappen,Verstappen,9,Red Bull,9,5,10.0,1,11.0,0,0
1016,2019,7,2019-06-09,Canadian Grand Prix,villeneuve,817,ricciardo,Ricciardo,4,Renault,4,6,8.0,11,4.0,0,0
1016,2019,7,2019-06-09,Canadian Grand Prix,villeneuve,807,hulkenberg,Hülkenberg,4,Renault,7,7,6.0,11,7.0,0,0
1016,2019,7,2019-06-09,Canadian Grand Prix,villeneuve,842,gasly,Gasly,9,Red Bull,5,8,4.0,11,5.0,0,0
1016,2019,7,2019-06-09,Canadian Grand Prix,villeneuve,840,stroll,Stroll,211,Racing Point,17,9,2.0,11,18.0,0,0
1016,2019,7,2019-06-09,Canadian Grand Prix,villeneuve,826,kvyat,Kvyat,5,Toro Rosso,10,10,1.0,11,12.0,0,0
1016,2019,7,2019-06-09,Canadian Grand Prix,villeneuve,832,sainz,Sainz,1,McLaren,11,11,0.0,11,9.0,0,0
1016,2019,7,2019-06-09,Canadian Grand Prix,villeneuve,815,perez,Pérez,211,Racing Point,15,12,0.0,11,16.0,0,0
1016,2019,7,2019-06-09,Canadian Grand Prix,villeneuve,841,giovinazzi,Giovinazzi,51,Alfa Romeo,12,13,0.0,11,13.0,0,0
1016,2019,7,2019-06-09,Canadian Grand Prix,villeneuve,154,grosjean,Grosjean,210,Haas F1 Team,14,14,0.0,11,15.0,0,0
1016,2019,7,2019-06-09,Canadian Grand Prix,villeneuve,8,raikkonen,Räikkönen,51,Alfa Romeo,16,15,0.0,11,17.0,0,0
1016,2019,7,2019-06-09,Canadian Grand Prix,villeneuve,847,russell,Russell,3,Williams,18,16,0.0,12,19.0,0,1
1016,2019,7,2019-06-09,Canadian Grand Prix,villeneuve,825,kevin_magnussen,Magnussen,210,Haas F1 Team,0,17,0.0,12,10.0,0,1
1016,2019,7,2019-06-09,Canadian Grand Prix,villeneuve,9,kubica,Kubica,3,Williams,19,18,0.0,13,20.0,0,1
1016,2019,7,2019-06-09,Canadian Grand Prix,villeneuve,848,albon,Albon,5,Toro Rosso,13,19,0.0,130,14.0,0,1
1016,2019,7,2019-06-09,Canadian Grand Prix,villeneuve,846,norris,Norris,1,McLaren,8,20,0.0,22,8.0,0,1
1017,2019,8,2019-06-23,French Grand Prix,ricard,1,hamilton,Hamilton,131,Mercedes,1,1,25.0,1,1.0,1,0
1017,2019,8,2019-06-23,French Grand Prix,ricard,822,bottas,Bottas,131,Mercedes,2,2,18.0,1,2.0,0,0
1017,2019,8,2019-06-23,French Grand Prix,ricard,844,leclerc,Leclerc,6,Ferrari,3,3,15.0,1,3.0,0,0
1017,2019,8,2019-06-23,French Grand Prix,ricard,830,max_verstappen,Verstappen,9,Red Bull,4,4,12.0,1,4.0,0,0
1017,2019,8,2019-06-23,French Grand Prix,ricard,20,vettel,Vettel,6,Ferrari,7,5,11.0,1,7.0,0,0
1017,2019,8,2019-06-23,French Grand Prix,ricard,832,sainz,Sainz,1,McLaren,6,6,8.0,1,6.0,0,0
1017,2019,8,2019-06-23,French Grand Prix,ricard,8,raikkonen,Räikkönen,51,Alfa Romeo,12,7,6.0,11,12.0,0,0
1017,2019,8,2019-06-23,French Grand Prix,ricard,807,hulkenberg,Hülkenberg,4,Renault,13,8,4.0,11,13.0,0,0
1017,2019,8,2019-06-23,French Grand Prix,ricard,846,norris,Norris,1,McLaren,5,9,2.0,11,5.0,0,0
1017,2019,8,2019-06-23,French Grand Prix,ricard,842,gasly,Gasly,9,Red Bull,9,10,1.0,11,9.0,0,0
1017,2019,8,2019-06-23,French Grand Prix,ricard,817,ricciardo,Ricciardo,4,Renault,8,11,0.0,11,8.0,0,0
1017,2019,8,2019-06-23,French Grand Prix,ricard,815,perez,Pérez,211,Racing Point,14,12,0.0,11,14.0,0,0
1017,2019,8,2019-06-23,French Grand Prix,ricard,840,stroll,Stroll,211,Racing Point,17,13,0.0,11,18.0,0,0
1017,2019,8,2019-06-23,French Grand Prix,ricard,826,kvyat,Kvyat,5,Toro Rosso,19,14,0.0,11,16.0,0,0
1017,2019,8,2019-06-23,French Grand Prix,ricard,848,albon,Albon,5,Toro Rosso,11,15,0.0,11,11.0,0,0
1017,2019,8,2019-06-23,French Grand Prix,ricard,841,giovinazzi,Giovinazzi,51,Alfa Romeo,10,16,0.0,11,10.0,0,1
1017,2019,8,2019-06-23,French Grand Prix,ricard,825,kevin_magnussen,Magnussen,210,Haas F1 Team,15,17,0.0,11,15.0,0,1
1017,2019,8,2019-06-23,French Grand Prix,ricard,9,kubica,Kubica,3,Williams,18,18,0.0,12,20.0,0,1
1017,2019,8,2019-06-23,French Grand Prix,ricard,847,russell,Russell,3,Williams,20,19,0.0,12,19.0,0,1
1017,2019,8,2019-06-23,French Grand Prix,ricard,154,grosjean,Grosjean,210,Haas F1 Team,16,20,0.0,31,17.0,0,1
1018,2019,9,2019-06-30,Austrian Grand Prix,red_bull_ring,830,max_verstappen,Verstappen,9,Red Bull,2,1,26.0,1,3.0,1,0
1018,2019,9,2019-06-30,Austrian Grand Prix,red_bull_ring,844,leclerc,Leclerc,6,Ferrari,1,2,18.0,1,1.0,0,0
1018,2019,9,2019-06-30,Austrian Grand Prix,red_bull_ring,822,bottas,Bottas,131,Mercedes,3,3,15.0,1,4.0,0,0
1018,2019,9,2019-06-30,Austrian Grand Prix,red_bull_ring,20,vettel,Vettel,6,Ferrari,9,4,12.0,1,10.0,0,0
1018,2019,9,2019-06-30,Austrian Grand Prix,red_bull_ring,1,hamilton,Hamilton,131,Mercedes,4,5,10.0,1,2.0,0,0
1018,2019,9,2019-06-30,Austrian Grand Prix,red_bull_ring,846,norris,Norris,1,McLaren,5,6,8.0,11,6.0,0,0
1018,2019,9,2019-06-30,Austrian Grand Prix,red_bull_ring,842,gasly,Gasly,9,Red Bull,8,7,6.0,11,9.0,0,0
1018,2019,9,2019-06-30,Austrian Grand Prix,red_bull_ring,832,sainz,Sainz,1,McLaren,19,8,4.0,11,15.0,0,0
1018,2019,9,2019-06-30,Austrian Grand Prix,red_bull_ring,8,raikkonen,Räikkönen,51,Alfa Romeo,6,9,2.0,11,7.0,0,0
1018,2019,9,2019-06-30,Austrian Grand Prix,red_bull_ring,841,giovinazzi,Giovinazzi,51,Alfa Romeo,7,10,1.0,11,8.0,0,0
1018,2019,9,2019-06-30,Austrian Grand Prix,red_bull_ring,815,perez,Pérez,211,Racing Point,13,11,0.0,11,16.0,0,0
1018,2019,9,2019-06-30,Austrian Grand Prix,red_bull_ring,817,ricciardo,Ricciardo,4,Renault,12,12,0.0,11,14.0,0,0
1018,2019,9,2019-06-30,Austrian Grand Prix,red_bull_ring,807,hulkenberg,Hülkenberg,4,Renault,15,13,0.0,11,12.0,0,0
1018,2019,9,2019-06-30,Austrian Grand Prix,red_bull_ring,840,stroll,Stroll,211,Racing Point,14,14,0.0,11,17.0,0,0
1018,2019,9,2019-06-30,Austrian Grand Prix,red_bull_ring,848,albon,Albon,5,Toro Rosso,18,15,0.0,11,13.0,0,0
1018,2019,9,2019-06-30,Austrian Grand Prix,red_bull_ring,154,grosjean,Grosjean,210,Haas F1 Team,11,16,0.0,11,11.0,0,1
1018,2019,9,2019-06-30,Austrian Grand Prix,red_bull_ring,826,kvyat,Kvyat,5,Toro Rosso,16,17,0.0,11,18.0,0,1
1018,2019,9,2019-06-30,Austrian Grand Prix,red_bull_ring,847,russell,Russell,3,Williams,0,18,0.0,12,19.0,0,1
1018,2019,9,2019-06-30,Austrian Grand Prix,red_bull_ring,825,kevin_magnussen,Magnussen,210,Haas F1 Team,10,19,0.0,12,5.0,0,1
1018,2019,9,2019-06-30,Austrian Grand Prix,red_bull_ring,9,kubica,Kubica,3,Williams,17,20,0.0,13,20.0,0,1
1019,2019,10,2019-07-14,British Grand Prix,silverstone,1,hamilton,Hamilton,131,Mercedes,2,1,26.0,1,2.0,1,0
1019,2019,10,2019-07-14,British Grand Prix,silverstone,822,bottas,Bottas,131,Mercedes,1,2,18.0,1,1.0,0,0
1019,2019,10,2019-07-14,British Grand Prix,silverstone,844,leclerc,Leclerc,6,Ferrari,3,3,15.0,1,3.0,0,0
1019,2019,10,2019-07-14,British Grand Prix,silverstone,842,gasly,Gasly,9,Red Bull,5,4,12.0,1,5.0,0,0
1019,2019,10,2019-07-14,British Grand Prix,silverstone,830,max_verstappen,Verstappen,9,Red Bull,4,5,10.0,1,4.0,0,0
1019,2019,10,2019-07-14,British Grand Prix,silverstone,832,sainz,Sainz,1,McLaren,13,6,8.0,1,13.0,0,0
1019,2019,10,2019-07-14,British Grand Prix,silverstone,817,ricciardo,Ricciardo,4,Renault,7,7,6.0,1,7.0,0,0
1019,2019,10,2019-07-14,British Grand Prix,silverstone,8,raikkonen,Räikkönen,51,Alfa Romeo,12,8,4.0,1,12.0,0,0
1019,2019,10,2019-07-14,British Grand Prix,silverstone,826,kvyat,Kvyat,5,Toro Rosso,17,9,2.0,1,17.0,0,0
1019,2019,10,2019-07-14,British Grand Prix,silverstone,807,hulkenberg,Hülkenberg,4,Renault,10,10,1.0,1,10.0,0,0
1019,2019,10,2019-07-14,British Grand Prix,silverstone,846,norris,Norris,1,McLaren,8,11,0.0,1,8.0,0,0
1019,2019,10,2019-07-14,British Grand Prix,silverstone,848,albon,Albon,5,Toro Rosso,9,12,0.0,1,9.0,0,0
1019,2019,10,2019-07-14,British Grand Prix,silverstone,840,stroll,Stroll,211,Racing Point,18,13,0.0,1,18.0,0,0
1019,2019,10,2019-07-14,British Grand Prix,silverstone,847,russell,Russell,3,Williams,19,14,0.0,11,19.0,0,0
1019,2019,10,2019-07-14,British Grand Prix,silverstone,9,kubica,Kubica,3,Williams,20,15,0.0,11,20.0,0,0
1019,2019,10,2019-07-14,British Grand Prix,silverstone,20,vettel,Vettel,6,Ferrari,6,16,0.0,11,6.0,0,1
1019,2019,10,2019-07-14,British Grand Prix,silverstone,815,perez,Pérez,211,Racing Point,15,17,0.0,11,15.0,0,1
1019,2019,10,2019-07-14,British Grand Prix,silverstone,841,giovinazzi,Giovinazzi,51,Alfa Romeo,11,18,0.0,20,11.0,0,1
1019,2019,10,2019-07-14,British Grand Prix,silverstone,154,grosjean,Grosjean,210,Haas F1 Team,14,19,0.0,4,14.0,0,1
1019,2019,10,2019-07-14,British Grand Prix,silverstone,825,kevin_magnussen,Magnussen,210,Haas F1 Team,16,20,0.0,4,16.0,0,1
1020,2019,11,2019-07-28,German Grand Prix,hockenheimring,830,max_verstappen,Verstappen,9,Red Bull,2,1,26.0,1,2.0,1,0
1020,2019,11,2019-07-28,German Grand Prix,hockenheimring,20,vettel,Vettel,6,Ferrari,20,2,18.0,1,20.0,0,0
1020,2019,11,2019-07-28,German Grand Prix,hockenheimring,826,kvyat,Kvyat,5,Toro Rosso,14,3,15.0,1,14.0,0,0
1020,2019,11,2019-07-28,German Grand Prix,hockenheimring,840,stroll,Stroll,211,Racing Point,15,4,12.0,1,15.0,0,0
1020,2019,11,2019-07-28,German Grand Prix,hockenheimring,832,sainz,Sainz,1,McLaren,7,5,10.0,1,7.0,0,0
1020,2019,11,2019-07-28,German Grand Prix,hockenheimring,848,albon,Albon,5,Toro Rosso,16,6,8.0,1,17.0,0,0
1020,2019,11,2019-07-28,German Grand Prix,hockenheimring,154,grosjean,Grosjean,210,Haas F1 Team,6,7,6.0,1,6.0,0,0
1020,2019,11,2019-07-28,German Grand Prix,hockenheimring,825,kevin_magnussen,Magnussen,210,Haas F1 Team,12,8,4.0,1,12.0,0,0
1020,2019,11,2019-07-28,German Grand Prix,hockenheimring,1,hamilton,Hamilton,131,Mercedes,1,9,2.0,1,1.0,0,0
1020,2019,11,2019-07-28,German Grand Prix,hockenheimring,9,kubica,Kubica,3,Williams,18,10,1.0,1,19.0,0,0
1020,2019,11,2019-07-28,German Grand Prix,hockenheimring,847,russell,Russell,3,Williams,17,11,0.0,1,18.0,0,0
1020,2019,11,2019-07-28,German Grand Prix,hockenheimring,8,raikkonen,Räikkönen,51,Alfa Romeo,5,12,0.0,1,5.0,0,0
1020,2019,11,2019-07-28,German Grand Prix,hockenheimring,841,giovinazzi,Giovinazzi,51,Alfa Romeo,11,13,0.0,1,11.0,0,0
1020,2019,11,2019-07-28,German Grand Prix,hockenheimring,842,gasly,Gasly,9,Red Bull,4,14,0.0,4,4.0,0,0
1020,2019,11,2019-07-28,German Grand Prix,hockenheimring,822,bottas,Bottas,131,Mercedes,3,15,0.0,3,3.0,0,0
1020,2019,11,2019-07-28,German Grand Prix,hockenheimring,807,hulkenberg,Hülkenberg,4,Renault,9,16,0.0,3,9.0,0,1
1020,2019,11,2019-07-28,German Grand Prix,hockenheimring,844,leclerc,Leclerc,6,Ferrari,10,17,0.0,3,10.0,0,1
1020,2019,11,2019-07-28,German Grand Prix,hockenheimring,846,norris,Norris,1,McLaren,19,18,0.0,75,16.0,0,1
1020,2019,11,2019-07-28,German Grand Prix,hockenheimring,817,ricciardo,Ricciardo,4,Renault,13,19,0.0,43,13.0,0,1
1020,2019,11,2019-07-28,German Grand Prix,hockenheimring,815,perez,Pérez,211,Racing Point,8,20,0.0,20,8.0,0,1
1021,2019,12,2019-08-04,Hungarian Grand Prix,hungaroring,1,hamilton,Hamilton,131,Mercedes,3,1,25.0,1,3.0,1,0
1021,2019,12,2019-08-04,Hungarian Grand Prix,hungaroring,830,max_verstappen,Verstappen,9,Red Bull,1,2,19.0,1,1.0,0,0
1021,2019,12,2019-08-04,Hungarian Grand Prix,hungaroring,20,vettel,Vettel,6,Ferrari,5,3,15.0,1,5.0,0,0
1021,2019,12,2019-08-04,Hungarian Grand Prix,hungaroring,844,leclerc,Leclerc,6,Ferrari,4,4,12.0,1,4.0,0,0
1021,2019,12,2019-08-04,Hungarian Grand Prix,hungaroring,832,sainz,Sainz,1,McLaren,8,5,10.0,11,8.0,0,0
1021,2019,12,2019-08-04,Hungarian Grand Prix,hungaroring,842,gasly,Gasly,9,Red Bull,6,6,8.0,11,6.0,0,0
1021,2019,12,2019-08-04,Hungarian Grand Prix,hungaroring,8,raikkonen,Räikkönen,51,Alfa Romeo,10,7,6.0,11,10.0,0,0
1021,2019,12,2019-08-04,Hungarian Grand Prix,hungaroring,822,bottas,Bottas,131,Mercedes,2,8,4.0,11,2.0,0,0
1021,2019,12,2019-08-04,Hungarian Grand Prix,hungaroring,846,norris,Norris,1,McLaren,7,9,2.0,11,7.0,0,0
1021,2019,12,2019-08-04,Hungarian Grand Prix,hungaroring,848,albon,Albon,5,Toro Rosso,12,10,1.0,11,12.0,0,0
1021,2019,12,2019-08-04,Hungarian Grand Prix,hungaroring,815,perez,Pérez,211,Racing Point,16,11,0.0,11,17.0,0,0
1021,2019,12,2019-08-04,Hungarian Grand Prix,hungaroring,807,hulkenberg,Hülkenberg,4,Renault,11,12,0.0,11,11.0,0,0
1021,2019,12,2019-08-04,Hungarian Grand Prix,hungaroring,825,kevin_magnussen,Magnussen,210,Haas F1 Team,14,13,0.0,11,15.0,0,0
1021,2019,12,2019-08-04,Hungarian Grand Prix,hungaroring,817,ricciardo,Ricciardo,4,Renault,20,14,0.0,11,18.0,0,0
1021,2019,12,2019-08-04,Hungarian Grand Prix,hungaroring,826,kvyat,Kvyat,5,Toro Rosso,13,15,0.0,12,13.0,0,0
1021,2019,12,2019-08-04,Hungarian Grand Prix,hungaroring,847,russell,Russell,3,Williams,15,16,0.0,12,16.0,0,1
1021,2019,12,2019-08-04,Hungarian Grand Prix,hungaroring,840,stroll,Stroll,211,Racing Point,18,17,0.0,12,19.0,0,1
1021,2019,12,2019-08-04,Hungarian Grand Prix,hungaroring,841,giovinazzi,Giovinazzi,51,Alfa Romeo,17,18,0.0,12,14.0,0,1
1021,2019,12,2019-08-04,Hungarian Grand Prix,hungaroring,9,kubica,Kubica,3,Williams,19,19,0.0,13,20.0,0,1
1021,2019,12,2019-08-04,Hungarian Grand Prix,hungaroring,154,grosjean,Grosjean,210,Haas F1 Team,9,20,0.0,34,9.0,0,1
1022,2019,13,2019-09-01,Belgian Grand Prix,spa,844,leclerc,Leclerc,6,Ferrari,1,1,25.0,1,1.0,1,0
1022,2019,13,2019-09-01,Belgian Grand Prix,spa,1,hamilton,Hamilton,131,Mercedes,3,2,18.0,1,3.0,0,0
1022,2019,13,2019-09-01,Belgian Grand Prix,spa,822,bottas,Bottas,131,Mercedes,4,3,15.0,1,4.0,0,0
1022,2019,13,2019-09-01,Belgian Grand Prix,spa,20,vettel,Vettel,6,Ferrari,2,4,13.0,1,2.0,0,0
1022,2019,13,2019-09-01,Belgian Grand Prix,spa,848,albon,Albon,9,Red Bull,17,5,10.0,1,14.0,0,0
1022,2019,13,2019-09-01,Belgian Grand Prix,spa,815,perez,Pérez,211,Racing Point,7,6,8.0,1,9.0,0,0
1022,2019,13,2019-09-01,Belgian Grand Prix,spa,826,kvyat,Kvyat,5,Toro Rosso,19,7,6.0,1,18.0,0,0
1022,2019,13,2019-09-01,Belgian Grand Prix,spa,807,hulkenberg,Hülkenberg,4,Renault,12,8,4.0,1,7.0,0,0
1022,2019,13,2019-09-01,Belgian Grand Prix,spa,842,gasly,Gasly,5,Toro Rosso,13,9,2.0,1,16.0,0,0
1022,2019,13,2019-09-01,Belgian Grand Prix,spa,840,stroll,Stroll,211,Racing Point,16,10,1.0,1,13.0,0,0
1022,2019,13,2019-09-01,Belgian Grand Prix,spa,846,norris,Norris,1,McLaren,11,11,0.0,5,12.0,0,0
1022,2019,13,2019-09-01,Belgian Grand Prix,spa,825,kevin_magnussen,Magnussen,210,Haas F1 Team,8,12,0.0,11,10.0,0,0
1022,2019,13,2019-09-01,Belgian Grand Prix,spa,154,grosjean,Grosjean,210,Haas F1 Team,9,13,0.0,11,11.0,0,0
1022,2019,13,2019-09-01,Belgian Grand Prix,spa,817,ricciardo,Ricciardo,4,Renault,10,14,0.0,11,6.0,0,0
1022,2019,13,2019-09-01,Belgian Grand Prix,spa,847,russell,Russell,3,Williams,14,15,0.0,11,19.0,0,0
1022,2019,13,2019-09-01,Belgian Grand Prix,spa,8,raikkonen,Räikkönen,51,Alfa Romeo,6,16,0.0,11,8.0,0,1
1022,2019,13,2019-09-01,Belgian Grand Prix,spa,9,kubica,Kubica,3,Williams,0,17,0.0,11,20.0,0,1
1022,2019,13,2019-09-01,Belgian Grand Prix,spa,841,giovinazzi,Giovinazzi,51,Alfa Romeo,18,18,0.0,3,15.0,0,1
1022,2019,13,2019-09-01,Belgian Grand Prix,spa,832,sainz,Sainz,1,McLaren,15,19,0.0,75,17.0,0,1
1022,2019,13,2019-09-01,Belgian Grand Prix,spa,830,max_verstappen,Verstappen,9,Red Bull,5,20,0.0,3,5.0,0,1
1023,2019,14,2019-09-08,Italian Grand Prix,monza,844,leclerc,Leclerc,6,Ferrari,1,1,25.0,1,1.0,1,0
1023,2019,14,2019-09-08,Italian Grand Prix,monza,822,bottas,Bottas,131,Mercedes,3,2,18.0,1,3.0,0,0
1023,2019,14,2019-09-08,Italian Grand Prix,monza,1,hamilton,Hamilton,131,Mercedes,2,3,16.0,1,2.0,0,0
1023,2019,14,2019-09-08,Italian Grand Prix,monza,817,ricciardo,Ricciardo,4,Renault,5,4,12.0,1,5.0,0,0
1023,2019,14,2019-09-08,Italian Grand Prix,monza,807,hulkenberg,Hülkenberg,4,Renault,6,5,10.0,1,6.0,0,0
1023,2019,14,2019-09-08,Italian Grand Prix,monza,848,albon,Albon,9,Red Bull,8,6,8.0,1,8.0,0,0
1023,2019,14,2019-09-08,Italian Grand Prix,monza,815,perez,Pérez,211,Racing Point,18,7,6.0,1,17.0,0,0
1023,2019,14,2019-09-08,Italian Grand Prix,monza,830,max_verstappen,Verstappen,9,Red Bull,19,8,4.0,1,20.0,0,0
1023,2019,14,2019-09-08,Italian Grand Prix,monza,841,giovinazzi,Giovinazzi,51,Alfa Romeo,10,9,2.0,11,11.0,0,0
1023,2019,14,2019-09-08,Italian Grand Prix,monza,846,norris,Norris,1,McLaren,16,10,1.0,11,14.0,0,0
1023,2019,14,2019-09-08,Italian Grand Prix,monza,842,gasly,Gasly,5,Toro Rosso,17,11,0.0,11,15.0,0,0
1023,2019,14,2019-09-08,Italian Grand Prix,monza,840,stroll,Stroll,211,Racing Point,9,12,0.0,11,9.0,0,0
1023,2019,14,2019-09-08,Italian Grand Prix,monza,20,vettel,Vettel,6,Ferrari,4,13,0.0,11,4.0,0,0
1023,2019,14,2019-09-08,Italian Grand Prix,monza,847,russell,Russell,3,Williams,14,14,0.0,11,18.0,0,0
1023,2019,14,2019-09-08,Italian Grand Prix,monza,8,raikkonen,Räikkönen,51,Alfa Romeo,0,15,0.0,11,10.0,0,0
1023,2019,14,2019-09-08,Italian Grand Prix,monza,154,grosjean,Grosjean,210,Haas F1 Team,13,16,0.0,11,16.0,0,1
1023,2019,14,2019-09-08,Italian Grand Prix,monza,9,kubica,Kubica,3,Williams,15,17,0.0,12,19.0,0,1
1023,2019,14,2019-09-08,Italian Grand Prix,monza,825,kevin_magnussen,Magnussen,210,Haas F1 Team,11,18,0.0,9,12.0,0,1
1023,2019,14,2019-09-08,Italian Grand Prix,monza,826,kvyat,Kvyat,5,Toro Rosso,12,19,0.0,5,13.0,0,1
1023,2019,14,2019-09-08,Italian Grand Prix,monza,832,sainz,Sainz,1,McLaren,7,20,0.0,36,7.0,0,1
1024,2019,15,2019-09-22,Singapore Grand Prix,marina_bay,20,vettel,Vettel,6,Ferrari,3,1,25.0,1,3.0,1,0
1024,2019,15,2019-09-22,Singapore Grand Prix,marina_bay,844,leclerc,Leclerc,6,Ferrari,1,2,18.0,1,1.0,0,0
1024,2019,15,2019-09-22,Singapore Grand Prix,marina_bay,830,max_verstappen,Verstappen,9,Red Bull,4,3,15.0,1,4.0,0,0
1024,2019,15,2019-09-22,Singapore Grand Prix,marina_bay,1,hamilton,Hamilton,131,Mercedes,2,4,12.0,1,2.0,0,0
1024,2019,15,2019-09-22,Singapore Grand Prix,marina_bay,822,bottas,Bottas,131,Mercedes,5,5,10.0,1,5.0,0,0
1024,2019,15,2019-09-22,Singapore Grand Prix,marina_bay,848,albon,Albon,9,Red Bull,6,6,8.0,1,6.0,0,0
1024,2019,15,2019-09-22,Singapore Grand Prix,marina_bay,846,norris,Norris,1,McLaren,9,7,6.0,1,9.0,0,0
1024,2019,15,2019-09-22,Singapore Grand Prix,marina_bay,842,gasly,Gasly,5,Toro Rosso,11,8,4.0,1,12.0,0,0
1024,2019,15,2019-09-22,Singapore Grand Prix,marina_bay,807,hulkenberg,Hülkenberg,4,Renault,8,9,2.0,1,8.0,0,0
1024,2019,15,2019-09-22,Singapore Grand Prix,marina_bay,841,giovinazzi,Giovinazzi,51,Alfa Romeo,10,10,1.0,1,11.0,0,0
1024,2019,15,2019-09-22,Singapore Grand Prix,marina_bay,154,grosjean,Grosjean,210,Haas F1 Team,17,11,0.0,1,17.0,0,0
1024,2019,15,2019-09-22,Singapore Grand Prix,marina_bay,832,sainz,Sainz,1,McLaren,7,12,0.0,1,7.0,0,0
1024,2019,15,2019-09-22,Singapore Grand Prix,marina_bay,840,stroll,Stroll,211,Racing Point,16,13,0.0,1,16.0,0,0
1024,2019,15,2019-09-22,Singapore Grand Prix,marina_bay,817,ricciardo,Ricciardo,4,Renault,20,14,0.0,1,20.0,0,0
1024,2019,15,2019-09-22,Singapore Grand Prix,marina_bay,826,kvyat,Kvyat,5,Toro Rosso,14,15,0.0,1,15.0,0,0
1024,2019,15,2019-09-22,Singapore Grand Prix,marina_bay,9,kubica,Kubica,3,Williams,19,16,0.0,1,19.0,0,1
1024,2019,15,2019-09-22,Singapore Grand Prix,marina_bay,825,kevin_magnussen,Magnussen,210,Haas F1 Team,13,17,0.0,1,14.0,0,1
1024,2019,15,2019-09-22,Singapore Grand Prix,marina_bay,8,raikkonen,Räikkönen,51,Alfa Romeo,12,18,0.0,4,13.0,0,1
1024,2019,15,2019-09-22,Singapore Grand Prix,marina_bay,815,perez,Pérez,211,Racing Point,15,19,0.0,5,10.0,0,1
1024,2019,15,2019-09-22,Singapore Grand Prix,marina_bay,847,russell,Russell,3,Williams,18,20,0.0,4,18.0,0,1
1025,2019,16,2019-09-29,Russian Grand Prix,sochi,1,hamilton,Hamilton,131,Mercedes,2,1,26.0,1,2.0,1,0
1025,2019,16,2019-09-29,Russian Grand Prix,sochi,822,bottas,Bottas,131,Mercedes,4,2,18.0,1,5.0,0,0
1025,2019,16,2019-09-29,Russian Grand Prix,sochi,844,leclerc,Leclerc,6,Ferrari,1,3,15.0,1,1.0,0,0
1025,2019,16,2019-09-29,Russian Grand Prix,sochi,830,max_verstappen,Verstappen,9,Red Bull,9,4,12.0,1,4.0,0,0
1025,2019,16,2019-09-29,Russian Grand Prix,sochi,848,albon,Albon,9,Red Bull,0,5,10.0,1,19.0,0,0
1025,2019,16,2019-09-29,Russian Grand Prix,sochi,832,sainz,Sainz,1,McLaren,5,6,8.0,1,6.0,0,0
1025,2019,16,2019-09-29,Russian Grand Prix,sochi,815,perez,Pérez,211,Racing Point,11,7,6.0,1,12.0,0,0
1025,2019,16,2019-09-29,Russian Grand Prix,sochi,846,norris,Norris,1,McLaren,7,8,4.0,1,8.0,0,0
1025,2019,16,2019-09-29,Russian Grand Prix,sochi,825,kevin_magnussen,Magnussen,210,Haas F1 Team,13,9,2.0,1,14.0,0,0
1025,2019,16,2019-09-29,Russian Grand Prix,sochi,807,hulkenberg,Hülkenberg,4,Renault,6,10,1.0,1,7.0,0,0
1025,2019,16,2019-09-29,Russian Grand Prix,sochi,840,stroll,Stroll,211,Racing Point,14,11,0.0,1,15.0,0,0
1025,2019,16,2019-09-29,Russian Grand Prix,sochi,826,kvyat,Kvyat,5,Toro Rosso,19,12,0.0,1,20.0,0,0
1025,2019,16,2019-09-29,Russian Grand Prix,sochi,8,raikkonen,Räikkönen,51,Alfa Romeo,15,13,0.0,1,16.0,0,0
1025,2019,16,2019-09-29,Russian Grand Prix,sochi,842,gasly,Gasly,5,Toro Rosso,16,14,0.0,1,11.0,0,0
1025,2019,16,2019-09-29,Russian Grand Prix,sochi,841,giovinazzi,Giovinazzi,51,Alfa Romeo,12,15,0.0,1,13.0,0,0
1025,2019,16,2019-09-29,Russian Grand Prix,sochi,9,kubica,Kubica,3,Williams,18,16,0.0,23,18.0,0,1
1025,2019,16,2019-09-29,Russian Grand Prix,sochi,847,russell,Russell,3,Williams,17,17,0.0,23,17.0,0,1
1025,2019,16,2019-09-29,Russian Grand Prix,sochi,20,vettel,Vettel,6,Ferrari,3,18,0.0,75,3.0,0,1
1025,2019,16,2019-09-29,Russian Grand Prix,sochi,817,ricciardo,Ricciardo,4,Renault,10,19,0.0,4,10.0,0,1
1025,2019,16,2019-09-29,Russian Grand Prix,sochi,154,grosjean,Grosjean,210,Haas F1 Team,8,20,0.0,4,9.0,0,1
1026,2019,17,2019-10-13,Japanese Grand Prix,suzuka,822,bottas,Bottas,131,Mercedes,3,1,25.0,1,3.0,1,0
1026,2019,17,2019-10-13,Japanese Grand Prix,suzuka,20,vettel,Vettel,6,Ferrari,1,2,18.0,1,1.0,0,0
1026,2019,17,2019-10-13,Japanese Grand Prix,suzuka,1,hamilton,Hamilton,131,Mercedes,4,3,16.0,1,4.0,0,0
1026,2019,17,2019-10-13,Japanese Grand Prix,suzuka,848,albon,Albon,9,Red Bull,6,4,12.0,1,6.0,0,0
1026,2019,17,2019-10-13,Japanese Grand Prix,suzuka,832,sainz,Sainz,1,McLaren,7,5,10.0,1,7.0,0,0
1026,2019,17,2019-10-13,Japanese Grand Prix,suzuka,844,leclerc,Leclerc,6,Ferrari,2,6,8.0,11,2.0,0,0
1026,2019,17,2019-10-13,Japanese Grand Prix,suzuka,842,gasly,Gasly,5,Toro Rosso,9,7,6.0,11,9.0,0,0
1026,2019,17,2019-10-13,Japanese Grand Prix,suzuka,815,perez,Pérez,211,Racing Point,17,8,4.0,11,17.0,0,0
1026,2019,17,2019-10-13,Japanese Grand Prix,suzuka,840,stroll,Stroll,211,Racing Point,12,9,2.0,11,12.0,0,0
1026,2019,17,2019-10-13,Japanese Grand Prix,suzuka,826,kvyat,Kvyat,5,Toro Rosso,14,10,1.0,11,14.0,0,0
1026,2019,17,2019-10-13,Japanese Grand Prix,suzuka,846,norris,Norris,1,McLaren,8,11,0.0,11,8.0,0,0
1026,2019,17,2019-10-13,Japanese Grand Prix,suzuka,8,raikkonen,Räikkönen,51,Alfa Romeo,13,12,0.0,11,13.0,0,0
1026,2019,17,2019-10-13,Japanese Grand Prix,suzuka,154,grosjean,Grosjean,210,Haas F1 Team,10,13,0.0,11,10.0,0,0
1026,2019,17,2019-10-13,Japanese Grand Prix,suzuka,841,giovinazzi,Giovinazzi,51,Alfa Romeo,11,14,0.0,11,11.0,0,0
1026,2019,17,2019-10-13,Japanese Grand Prix,suzuka,825,kevin_magnussen,Magnussen,210,Haas F1 Team,19,15,0.0,11,19.0,0,0
1026,2019,17,2019-10-13,Japanese Grand Prix,suzuka,847,russell,Russell,3,Williams,18,16,0.0,12,18.0,0,1
1026,2019,17,2019-10-13,Japanese Grand Prix,suzuka,9,kubica,Kubica,3,Williams,0,17,0.0,12,20.0,0,1
1026,2019,17,2019-10-13,Japanese Grand Prix,suzuka,830,max_verstappen,Verstappen,9,Red Bull,5,18,0.0,23,5.0,0,1
1026,2019,17,2019-10-13,Japanese Grand Prix,suzuka,817,ricciardo,Ricciardo,4,Renault,16,19,0.0,2,16.0,0,1
1026,2019,17,2019-10-13,Japanese Grand Prix,suzuka,807,hulkenberg,Hülkenberg,4,Renault,15,20,0.0,2,15.0,0,1
1027,2019,18,2019-10-27,Mexican Grand Prix,rodriguez,1,hamilton,Hamilton,131,Mercedes,3,1,25.0,1,4.0,1,0
1027,2019,18,2019-10-27,Mexican Grand Prix,rodriguez,20,vettel,Vettel,6,Ferrari,2,2,18.0,1,3.0,0,0
1027,2019,18,2019-10-27,Mexican Grand Prix,rodriguez,822,bottas,Bottas,131,Mercedes,6,3,15.0,1,6.0,0,0
1027,2019,18,2019-10-27,Mexican Grand Prix,rodriguez,844,leclerc,Leclerc,6,Ferrari,1,4,13.0,1,2.0,0,0
1027,2019,18,2019-10-27,Mexican Grand Prix,rodriguez,848,albon,Albon,9,Red Bull,5,5,10.0,1,5.0,0,0
1027,2019,18,2019-10-27,Mexican Grand Prix,rodriguez,830,max_verstappen,Verstappen,9,Red Bull,4,6,8.0,1,1.0,0,0
1027,2019,18,2019-10-27,Mexican Grand Prix,rodriguez,815,perez,Pérez,211,Racing Point,11,7,6.0,1,11.0,0,0
1027,2019,18,2019-10-27,Mexican Grand Prix,rodriguez,817,ricciardo,Ricciardo,4,Renault,13,8,4.0,1,13.0,0,0
1027,2019,18,2019-10-27,Mexican Grand Prix,rodriguez,842,gasly,Gasly,5,Toro Rosso,10,9,2.0,11,10.0,0,0
1027,2019,18,2019-10-27,Mexican Grand Prix,rodriguez,807,hulkenberg,Hülkenberg,4,Renault,12,10,1.0,11,12.0,0,0
1027,2019,18,2019-10-27,Mexican Grand Prix,rodriguez,826,kvyat,Kvyat,5,Toro Rosso,9,11,0.0,11,9.0,0,0
1027,2019,18,2019-10-27,Mexican Grand Prix,rodriguez,840,stroll,Stroll,211,Racing Point,16,12,0.0,11,16.0,0,0
1027,2019,18,2019-10-27,Mexican Grand Prix,rodriguez,832,sainz,Sainz,1,McLaren,7,13,0.0,11,7.0,0,0
1027,2019,18,2019-10-27,Mexican Grand Prix,rodriguez,841,giovinazzi,Giovinazzi,51,Alfa Romeo,15,14,0.0,11,15.0,0,0
1027,2019,18,2019-10-27,Mexican Grand Prix,rodriguez,825,kevin_magnussen,Magnussen,210,Haas F1 Team,17,15,0.0,12,17.0,0,0
1027,2019,18,2019-10-27,Mexican Grand Prix,rodriguez,847,russell,Russell,3,Williams,19,16,0.0,12,19.0,0,1
1027,2019,18,2019-10-27,Mexican Grand Prix,rodriguez,154,grosjean,Grosjean,210,Haas F1 Team,18,17,0.0,12,18.0,0,1
1027,2019,18,2019-10-27,Mexican Grand Prix,rodriguez,9,kubica,Kubica,3,Williams,20,18,0.0,12,20.0,0,1
1027,2019,18,2019-10-27,Mexican Grand Prix,rodriguez,8,raikkonen,Räikkönen,51,Alfa Romeo,14,19,0.0,25,14.0,0,1
1027,2019,18,2019-10-27,Mexican Grand Prix,rodriguez,846,norris,Norris,1,McLaren,8,20,0.0,54,8.0,0,1
1031,2020,1,2020-07-05,Austrian Grand Prix,red_bull_ring,822,bottas,Bottas,131,Mercedes,1,1,25.0,1,1.0,1,0
1028,2019,19,2019-11-03,United States Grand Prix,americas,822,bottas,Bottas,131,Mercedes,1,1,25.0,1,1.0,1,0
1028,2019,19,2019-11-03,United States Grand Prix,americas,1,hamilton,Hamilton,131,Mercedes,5,2,18.0,1,5.0,0,0
1028,2019,19,2019-11-03,United States Grand Prix,americas,830,max_verstappen,Verstappen,9,Red Bull,3,3,15.0,1,3.0,0,0
1028,2019,19,2019-11-03,United States Grand Prix,americas,844,leclerc,Leclerc,6,Ferrari,4,4,13.0,1,4.0,0,0
1028,2019,19,2019-11-03,United States Grand Prix,americas,848,albon,Albon,9,Red Bull,6,5,10.0,1,6.0,0,0
1028,2019,19,2019-11-03,United States Grand Prix,americas,817,ricciardo,Ricciardo,4,Renault,9,6,8.0,1,9.0,0,0
1028,2019,19,2019-11-03,United States Grand Prix,americas,846,norris,Norris,1,McLaren,8,7,6.0,1,8.0,0,0
1028,2019,19,2019-11-03,United States Grand Prix,americas,832,sainz,Sainz,1,McLaren,7,8,4.0,11,7.0,0,0
1028,2019,19,2019-11-03,United States Grand Prix,americas,807,hulkenberg,Hülkenberg,4,Renault,11,9,2.0,11,11.0,0,0
1028,2019,19,2019-11-03,United States Grand Prix,americas,815,perez,Pérez,211,Racing Point,0,10,1.0,11,19.0,0,0
1028,2019,19,2019-11-03,United States Grand Prix,americas,8,raikkonen,Räikkönen,51,Alfa Romeo,17,11,0.0,11,17.0,0,0
1028,2019,19,2019-11-03,United States Grand Prix,americas,826,kvyat,Kvyat,5,Toro Rosso,13,12,0.0,11,13.0,0,0
1028,2019,19,2019-11-03,United States Grand Prix,americas,840,stroll,Stroll,211,Racing Point,14,13,0.0,11,14.0,0,0
1028,2019,19,2019-11-03,United States Grand Prix,americas,841,giovinazzi,Giovinazzi,51,Alfa Romeo,16,14,0.0,11,16.0,0,0
1028,2019,19,2019-11-03,United States Grand Prix,americas,154,grosjean,Grosjean,210,Haas F1 Team,15,15,0.0,11,15.0,0,0
1028,2019,19,2019-11-03,United States Grand Prix,americas,842,gasly,Gasly,5,Toro Rosso,10,16,0.0,22,10.0,0,1
1028,2019,19,2019-11-03,United States Grand Prix,americas,847,russell,Russell,3,Williams,18,17,0.0,12,18.0,0,1
1028,2019,19,2019-11-03,United States Grand Prix,americas,825,kevin_magnussen,Magnussen,210,Haas F1 Team,12,18,0.0,23,12.0,0,1
1028,2019,19,2019-11-03,United States Grand Prix,americas,9,kubica,Kubica,3,Williams,19,19,0.0,44,20.0,0,1
1028,2019,19,2019-11-03,United States Grand Prix,americas,20,vettel,Vettel,6,Ferrari,2,20,0.0,22,2.0,0,1
1029,2019,20,2019-11-17,Brazilian Grand Prix,interlagos,830,max_verstappen,Verstappen,9,Red Bull,1,1,25.0,1,1.0,1,0
1029,2019,20,2019-11-17,Brazilian Grand Prix,interlagos,842,gasly,Gasly,5,Toro Rosso,6,2,18.0,1,7.0,0,0
1029,2019,20,2019-11-17,Brazilian Grand Prix,interlagos,832,sainz,Sainz,1,McLaren,20,3,15.0,1,20.0,0,0
1029,2019,20,2019-11-17,Brazilian Grand Prix,interlagos,8,raikkonen,Räikkönen,51,Alfa Romeo,8,4,12.0,1,9.0,0,0
1029,2019,20,2019-11-17,Brazilian Grand Prix,interlagos,841,giovinazzi,Giovinazzi,51,Alfa Romeo,12,5,10.0,1,13.0,0,0
1029,2019,20,2019-11-17,Brazilian Grand Prix,interlagos,817,ricciardo,Ricciardo,4,Renault,11,6,8.0,1,12.0,0,0
1029,2019,20,2019-11-17,Brazilian Grand Prix,interlagos,1,hamilton,Hamilton,131,Mercedes,3,7,6.0,1,3.0,0,0
1029,2019,20,2019-11-17,Brazilian Grand Prix,interlagos,846,norris,Norris,1,McLaren,10,8,4.0,1,11.0,0,0
1029,2019,20,2019-11-17,Brazilian Grand Prix,interlagos,815,perez,Pérez,211,Racing Point,15,9,2.0,1,15.0,0,0
1029,2019,20,2019-11-17,Brazilian Grand Prix,interlagos,826,kvyat,Kvyat,5,Toro Rosso,16,10,1.0,1,16.0,0,0
1029,2019,20,2019-11-17,Brazilian Grand Prix,interlagos,825,kevin_magnussen,Magnussen,210,Haas F1 Team,9,11,0.0,1,10.0,0,0
1029,2019,20,2019-11-17,Brazilian Grand Prix,interlagos,847,russell,Russell,3,Williams,18,12,0.0,1,18.0,0,0
1029,2019,20,2019-11-17,Brazilian Grand Prix,interlagos,154,grosjean,Grosjean,210,Haas F1 Team,7,13,0.0,1,8.0,0,0
1029,2019,20,2019-11-17,Brazilian Grand Prix,interlagos,848,albon,Albon,9,Red Bull,5,14,0.0,1,6.0,0,0
1029,2019,20,2019-11-17,Brazilian Grand Prix,interlagos,807,hulkenberg,Hülkenberg,4,Renault,13,15,0.0,1,14.0,0,0
1029,2019,20,2019-11-17,Brazilian Grand Prix,interlagos,9,kubica,Kubica,3,Williams,19,16,0.0,11,19.0,0,1
1029,2019,20,2019-11-17,Brazilian Grand Prix,interlagos,20,vettel,Vettel,6,Ferrari,2,17,0.0,4,2.0,0,1
1029,2019,20,2019-11-17,Brazilian Grand Prix,interlagos,844,leclerc,Leclerc,6,Ferrari,14,18,0.0,4,4.0,0,1
1029,2019,20,2019-11-17,Brazilian Grand Prix,interlagos,840,stroll,Stroll,211,Racing Point,17,19,0.0,22,17.0,0,1
1029,2019,20,2019-11-17,Brazilian Grand Prix,interlagos,822,bottas,Bottas,131,Mercedes,4,20,0.0,131,5.0,0,1
1030,2019,21,2019-12-01,Abu Dhabi Grand Prix,yas_marina,1,hamilton,Hamilton,131,Mercedes,1,1,26.0,1,1.0,1,0
1030,2019,21,2019-12-01,Abu Dhabi Grand Prix,yas_marina,830,max_verstappen,Verstappen,9,Red Bull,2,2,18.0,1,3.0,0,0
1030,2019,21,2019-12-01,Abu Dhabi Grand Prix,yas_marina,844,leclerc,Leclerc,6,Ferrari,3,3,15.0,1,4.0,0,0
1030,2019,21,2019-12-01,Abu Dhabi Grand Prix,yas_marina,822,bottas,Bottas,131,Mercedes,20,4,12.0,1,2.0,0,0
1030,2019,21,2019-12-01,Abu Dhabi Grand Prix,yas_marina,20,vettel,Vettel,6,Ferrari,4,5,10.0,1,5.0,0,0
1030,2019,21,2019-12-01,Abu Dhabi Grand Prix,yas_marina,848,albon,Albon,9,Red Bull,5,6,8.0,1,6.0,0,0
1030,2019,21,2019-12-01,Abu Dhabi Grand Prix,yas_marina,815,perez,Pérez,211,Racing Point,10,7,6.0,11,11.0,0,0
1030,2019,21,2019-12-01,Abu Dhabi Grand Prix,yas_marina,846,norris,Norris,1,McLaren,6,8,4.0,11,7.0,0,0
1030,2019,21,2019-12-01,Abu Dhabi Grand Prix,yas_marina,826,kvyat,Kvyat,5,Toro Rosso,13,9,2.0,11,14.0,0,0
1030,2019,21,2019-12-01,Abu Dhabi Grand Prix,yas_marina,832,sainz,Sainz,1,McLaren,8,10,1.0,11,9.0,0,0
1030,2019,21,2019-12-01,Abu Dhabi Grand Prix,yas_marina,817,ricciardo,Ricciardo,4,Renault,7,11,0.0,11,8.0,0,0
1030,2019,21,2019-12-01,Abu Dhabi Grand Prix,yas_marina,807,hulkenberg,Hülkenberg,4,Renault,9,12,0.0,11,10.0,0,0
1030,2019,21,2019-12-01,Abu Dhabi Grand Prix,yas_marina,8,raikkonen,Räikkönen,51,Alfa Romeo,17,13,0.0,11,18.0,0,0
1030,2019,21,2019-12-01,Abu Dhabi Grand Prix,yas_marina,825,kevin_magnussen,Magnussen,210,Haas F1 Team,14,14,0.0,11,15.0,0,0
1030,2019,21,2019-12-01,Abu Dhabi Grand Prix,yas_marina,154,grosjean,Grosjean,210,Haas F1 Team,15,15,0.0,11,16.0,0,0
1030,2019,21,2019-12-01,Abu Dhabi Grand Prix,yas_marina,841,giovinazzi,Giovinazzi,51,Alfa Romeo,16,16,0.0,11,17.0,0,1
1030,2019,21,2019-12-01,Abu Dhabi Grand Prix,yas_marina,847,russell,Russell,3,Williams,18,17,0.0,11,19.0,0,1
1030,2019,21,2019-12-01,Abu Dhabi Grand Prix,yas_marina,842,gasly,Gasly,5,Toro Rosso,11,18,0.0,12,12.0,0,1
1030,2019,21,2019-12-01,Abu Dhabi Grand Prix,yas_marina,9,kubica,Kubica,3,Williams,19,19,0.0,12,20.0,0,1
1030,2019,21,2019-12-01,Abu Dhabi Grand Prix,yas_marina,840,stroll,Stroll,211,Racing Point,12,20,0.0,23,13.0,0,1
1031,2020,1,2020-07-05,Austrian Grand Prix,red_bull_ring,844,leclerc,Leclerc,6,Ferrari,7,2,18.0,1,7.0,0,0
1031,2020,1,2020-07-05,Austrian Grand Prix,red_bull_ring,846,norris,Norris,1,McLaren,3,3,16.0,1,4.0,0,0
1031,2020,1,2020-07-05,Austrian Grand Prix,red_bull_ring,1,hamilton,Hamilton,131,Mercedes,5,4,12.0,1,2.0,0,0
1031,2020,1,2020-07-05,Austrian Grand Prix,red_bull_ring,832,sainz,Sainz,1,McLaren,8,5,10.0,1,8.0,0,0
1031,2020,1,2020-07-05,Austrian Grand Prix,red_bull_ring,815,perez,Pérez,211,Racing Point,6,6,8.0,1,6.0,0,0
1031,2020,1,2020-07-05,Austrian Grand Prix,red_bull_ring,842,gasly,Gasly,213,AlphaTauri,12,7,6.0,1,12.0,0,0
1031,2020,1,2020-07-05,Austrian Grand Prix,red_bull_ring,839,ocon,Ocon,4,Renault,14,8,4.0,1,14.0,0,0
1031,2020,1,2020-07-05,Austrian Grand Prix,red_bull_ring,841,giovinazzi,Giovinazzi,51,Alfa Romeo,18,9,2.0,1,18.0,0,0
1031,2020,1,2020-07-05,Austrian Grand Prix,red_bull_ring,20,vettel,Vettel,6,Ferrari,11,10,1.0,1,11.0,0,0
1031,2020,1,2020-07-05,Austrian Grand Prix,red_bull_ring,849,latifi,Latifi,3,Williams,20,11,0.0,1,20.0,0,0
1031,2020,1,2020-07-05,Austrian Grand Prix,red_bull_ring,826,kvyat,Kvyat,213,AlphaTauri,13,12,0.0,22,13.0,0,0
1031,2020,1,2020-07-05,Austrian Grand Prix,red_bull_ring,848,albon,Albon,9,Red Bull,4,13,0.0,40,5.0,0,0
1031,2020,1,2020-07-05,Austrian Grand Prix,red_bull_ring,8,raikkonen,Räikkönen,51,Alfa Romeo,19,14,0.0,36,19.0,0,0
1031,2020,1,2020-07-05,Austrian Grand Prix,red_bull_ring,847,russell,Russell,3,Williams,17,15,0.0,32,17.0,0,0
1031,2020,1,2020-07-05,Austrian Grand Prix,red_bull_ring,154,grosjean,Grosjean,210,Haas F1 Team,15,16,0.0,23,15.0,0,1
1031,2020,1,2020-07-05,Austrian Grand Prix,red_bull_ring,825,kevin_magnussen,Magnussen,210,Haas F1 Team,16,17,0.0,23,16.0,0,1
1031,2020,1,2020-07-05,Austrian Grand Prix,red_bull_ring,840,stroll,Stroll,211,Racing Point,9,18,0.0,5,9.0,0,1
1031,2020,1,2020-07-05,Austrian Grand Prix,red_bull_ring,817,ricciardo,Ricciardo,4,Renault,10,19,0.0,25,10.0,0,1
1031,2020,1,2020-07-05,Austrian Grand Prix,red_bull_ring,830,max_verstappen,Verstappen,9,Red Bull,2,20,0.0,40,3.0,0,1
1032,2020,2,2020-07-12,Styrian Grand Prix,red_bull_ring,1,hamilton,Hamilton,131,Mercedes,1,1,25.0,1,1.0,1,0
1032,2020,2,2020-07-12,Styrian Grand Prix,red_bull_ring,822,bottas,Bottas,131,Mercedes,4,2,18.0,1,4.0,0,0
1032,2020,2,2020-07-12,Styrian Grand Prix,red_bull_ring,830,max_verstappen,Verstappen,9,Red Bull,2,3,15.0,1,2.0,0,0
1032,2020,2,2020-07-12,Styrian Grand Prix,red_bull_ring,848,albon,Albon,9,Red Bull,6,4,12.0,1,7.0,0,0
1032,2020,2,2020-07-12,Styrian Grand Prix,red_bull_ring,846,norris,Norris,1,McLaren,9,5,10.0,1,6.0,0,0
1032,2020,2,2020-07-12,Styrian Grand Prix,red_bull_ring,815,perez,Pérez,211,Racing Point,17,6,8.0,1,17.0,0,0
1032,2020,2,2020-07-12,Styrian Grand Prix,red_bull_ring,840,stroll,Stroll,211,Racing Point,12,7,6.0,1,13.0,0,0
1032,2020,2,2020-07-12,Styrian Grand Prix,red_bull_ring,817,ricciardo,Ricciardo,4,Renault,8,8,4.0,1,9.0,0,0
1032,2020,2,2020-07-12,Styrian Grand Prix,red_bull_ring,832,sainz,Sainz,1,McLaren,3,9,3.0,11,3.0,0,0
1032,2020,2,2020-07-12,Styrian Grand Prix,red_bull_ring,826,kvyat,Kvyat,213,AlphaTauri,13,10,1.0,11,14.0,0,0
1032,2020,2,2020-07-12,Styrian Grand Prix,red_bull_ring,8,raikkonen,Räikkönen,51,Alfa Romeo,16,11,0.0,11,16.0,0,0
1032,2020,2,2020-07-12,Styrian Grand Prix,red_bull_ring,825,kevin_magnussen,Magnussen,210,Haas F1 Team,15,12,0.0,11,15.0,0,0
1032,2020,2,2020-07-12,Styrian Grand Prix,red_bull_ring,154,grosjean,Grosjean,210,Haas F1 Team,0,13,0.0,11,20.0,0,0
1032,2020,2,2020-07-12,Styrian Grand Prix,red_bull_ring,841,giovinazzi,Giovinazzi,51,Alfa Romeo,19,14,0.0,11,19.0,0,0
1032,2020,2,2020-07-12,Styrian Grand Prix,red_bull_ring,842,gasly,Gasly,213,AlphaTauri,7,15,0.0,11,8.0,0,0
1032,2020,2,2020-07-12,Styrian Grand Prix,red_bull_ring,847,russell,Russell,3,Williams,11,16,0.0,12,12.0,0,1
1032,2020,2,2020-07-12,Styrian Grand Prix,red_bull_ring,849,latifi,Latifi,3,Williams,18,17,0.0,12,18.0,0,1
1032,2020,2,2020-07-12,Styrian Grand Prix,red_bull_ring,839,ocon,Ocon,4,Renault,5,18,0.0,25,5.0,0,1
1032,2020,2,2020-07-12,Styrian Grand Prix,red_bull_ring,844,leclerc,Leclerc,6,Ferrari,14,19,0.0,130,11.0,0,1
1032,2020,2,2020-07-12,Styrian Grand Prix,red_bull_ring,20,vettel,Vettel,6,Ferrari,10,20,0.0,130,10.0,0,1
1033,2020,3,2020-07-19,Hungarian Grand Prix,hungaroring,1,hamilton,Hamilton,131,Mercedes,1,1,26.0,1,1.0,1,0
1033,2020,3,2020-07-19,Hungarian Grand Prix,hungaroring,830,max_verstappen,Verstappen,9,Red Bull,7,2,18.0,1,7.0,0,0
1033,2020,3,2020-07-19,Hungarian Grand Prix,hungaroring,822,bottas,Bottas,131,Mercedes,2,3,15.0,1,2.0,0,0
1033,2020,3,2020-07-19,Hungarian Grand Prix,hungaroring,840,stroll,Stroll,211,Racing Point,3,4,12.0,1,3.0,0,0
1033,2020,3,2020-07-19,Hungarian Grand Prix,hungaroring,848,albon,Albon,9,Red Bull,13,5,10.0,1,13.0,0,0
1033,2020,3,2020-07-19,Hungarian Grand Prix,hungaroring,20,vettel,Vettel,6,Ferrari,5,6,8.0,11,5.0,0,0
1033,2020,3,2020-07-19,Hungarian Grand Prix,hungaroring,815,perez,Pérez,211,Racing Point,4,7,6.0,11,4.0,0,0
1033,2020,3,2020-07-19,Hungarian Grand Prix,hungaroring,817,ricciardo,Ricciardo,4,Renault,11,8,4.0,11,11.0,0,0
1033,2020,3,2020-07-19,Hungarian Grand Prix,hungaroring,832,sainz,Sainz,1,McLaren,9,9,2.0,11,9.0,0,0
1033,2020,3,2020-07-19,Hungarian Grand Prix,hungaroring,825,kevin_magnussen,Magnussen,210,Haas F1 Team,0,10,1.0,11,16.0,0,0
1033,2020,3,2020-07-19,Hungarian Grand Prix,hungaroring,844,leclerc,Leclerc,6,Ferrari,6,11,0.0,11,6.0,0,0
1033,2020,3,2020-07-19,Hungarian Grand Prix,hungaroring,826,kvyat,Kvyat,213,AlphaTauri,17,12,0.0,11,17.0,0,0
1033,2020,3,2020-07-19,Hungarian Grand Prix,hungaroring,846,norris,Norris,1,McLaren,8,13,0.0,11,8.0,0,0
1033,2020,3,2020-07-19,Hungarian Grand Prix,hungaroring,839,ocon,Ocon,4,Renault,14,14,0.0,11,14.0,0,0
1033,2020,3,2020-07-19,Hungarian Grand Prix,hungaroring,8,raikkonen,Räikkönen,51,Alfa Romeo,20,15,0.0,11,20.0,0,0
1033,2020,3,2020-07-19,Hungarian Grand Prix,hungaroring,154,grosjean,Grosjean,210,Haas F1 Team,0,16,0.0,11,18.0,0,1
1033,2020,3,2020-07-19,Hungarian Grand Prix,hungaroring,841,giovinazzi,Giovinazzi,51,Alfa Romeo,19,17,0.0,11,19.0,0,1
1033,2020,3,2020-07-19,Hungarian Grand Prix,hungaroring,847,russell,Russell,3,Williams,12,18,0.0,11,12.0,0,1
1033,2020,3,2020-07-19,Hungarian Grand Prix,hungaroring,849,latifi,Latifi,3,Williams,15,19,0.0,15,15.0,0,1
1033,2020,3,2020-07-19,Hungarian Grand Prix,hungaroring,842,gasly,Gasly,213,AlphaTauri,10,20,0.0,5,10.0,0,1
1034,2020,4,2020-08-02,British Grand Prix,silverstone,1,hamilton,Hamilton,131,Mercedes,1,1,25.0,1,1.0,1,0
1034,2020,4,2020-08-02,British Grand Prix,silverstone,830,max_verstappen,Verstappen,9,Red Bull,3,2,19.0,1,3.0,0,0
1034,2020,4,2020-08-02,British Grand Prix,silverstone,844,leclerc,Leclerc,6,Ferrari,4,3,15.0,1,4.0,0,0
1034,2020,4,2020-08-02,British Grand Prix,silverstone,817,ricciardo,Ricciardo,4,Renault,8,4,12.0,1,8.0,0,0
1034,2020,4,2020-08-02,British Grand Prix,silverstone,846,norris,Norris,1,McLaren,5,5,10.0,1,5.0,0,0
1034,2020,4,2020-08-02,British Grand Prix,silverstone,839,ocon,Ocon,4,Renault,9,6,8.0,1,9.0,0,0
1034,2020,4,2020-08-02,British Grand Prix,silverstone,842,gasly,Gasly,213,AlphaTauri,11,7,6.0,1,11.0,0,0
1034,2020,4,2020-08-02,British Grand Prix,silverstone,848,albon,Albon,9,Red Bull,12,8,4.0,1,12.0,0,0
1034,2020,4,2020-08-02,British Grand Prix,silverstone,840,stroll,Stroll,211,Racing Point,6,9,2.0,1,6.0,0,0
1034,2020,4,2020-08-02,British Grand Prix,silverstone,20,vettel,Vettel,6,Ferrari,10,10,1.0,1,10.0,0,0
1034,2020,4,2020-08-02,British Grand Prix,silverstone,822,bottas,Bottas,131,Mercedes,2,11,0.0,1,2.0,0,0
1034,2020,4,2020-08-02,British Grand Prix,silverstone,847,russell,Russell,3,Williams,20,12,0.0,1,15.0,0,0
1034,2020,4,2020-08-02,British Grand Prix,silverstone,832,sainz,Sainz,1,McLaren,7,13,0.0,1,7.0,0,0
1034,2020,4,2020-08-02,British Grand Prix,silverstone,841,giovinazzi,Giovinazzi,51,Alfa Romeo,15,14,0.0,1,17.0,0,0
1034,2020,4,2020-08-02,British Grand Prix,silverstone,849,latifi,Latifi,3,Williams,18,15,0.0,1,20.0,0,0
1034,2020,4,2020-08-02,British Grand Prix,silverstone,154,grosjean,Grosjean,210,Haas F1 Team,17,16,0.0,1,19.0,0,1
1034,2020,4,2020-08-02,British Grand Prix,silverstone,8,raikkonen,Räikkönen,51,Alfa Romeo,16,17,0.0,11,18.0,0,1
1034,2020,4,2020-08-02,British Grand Prix,silverstone,826,kvyat,Kvyat,213,AlphaTauri,19,18,0.0,3,14.0,0,1
1034,2020,4,2020-08-02,British Grand Prix,silverstone,825,kevin_magnussen,Magnussen,210,Haas F1 Team,14,19,0.0,4,16.0,0,1
1034,2020,4,2020-08-02,British Grand Prix,silverstone,807,hulkenberg,Hülkenberg,211,Racing Point,13,20,0.0,131,13.0,0,1
1035,2020,5,2020-08-09,70th Anniversary Grand Prix,silverstone,830,max_verstappen,Verstappen,9,Red Bull,4,1,25.0,1,4.0,1,0
1035,2020,5,2020-08-09,70th Anniversary Grand Prix,silverstone,1,hamilton,Hamilton,131,Mercedes,2,2,19.0,1,2.0,0,0
1035,2020,5,2020-08-09,70th Anniversary Grand Prix,silverstone,822,bottas,Bottas,131,Mercedes,1,3,15.0,1,1.0,0,0
1035,2020,5,2020-08-09,70th Anniversary Grand Prix,silverstone,844,leclerc,Leclerc,6,Ferrari,8,4,12.0,1,8.0,0,0
1035,2020,5,2020-08-09,70th Anniversary Grand Prix,silverstone,848,albon,Albon,9,Red Bull,9,5,10.0,1,9.0,0,0
1035,2020,5,2020-08-09,70th Anniversary Grand Prix,silverstone,840,stroll,Stroll,211,Racing Point,6,6,8.0,1,6.0,0,0
1035,2020,5,2020-08-09,70th Anniversary Grand Prix,silverstone,807,hulkenberg,Hülkenberg,211,Racing Point,3,7,6.0,1,3.0,0,0
1035,2020,5,2020-08-09,70th Anniversary Grand Prix,silverstone,839,ocon,Ocon,4,Renault,14,8,4.0,1,11.0,0,0
1035,2020,5,2020-08-09,70th Anniversary Grand Prix,silverstone,846,norris,Norris,1,McLaren,10,9,2.0,1,10.0,0,0
1035,2020,5,2020-08-09,70th Anniversary Grand Prix,silverstone,826,kvyat,Kvyat,213,AlphaTauri,16,10,1.0,1,16.0,0,0
1035,2020,5,2020-08-09,70th Anniversary Grand Prix,silverstone,842,gasly,Gasly,213,AlphaTauri,7,11,0.0,1,7.0,0,0
1035,2020,5,2020-08-09,70th Anniversary Grand Prix,silverstone,20,vettel,Vettel,6,Ferrari,11,12,0.0,1,12.0,0,0
1035,2020,5,2020-08-09,70th Anniversary Grand Prix,silverstone,832,sainz,Sainz,1,McLaren,12,13,0.0,1,13.0,0,0
1035,2020,5,2020-08-09,70th Anniversary Grand Prix,silverstone,817,ricciardo,Ricciardo,4,Renault,5,14,0.0,11,5.0,0,0
1035,2020,5,2020-08-09,70th Anniversary Grand Prix,silverstone,8,raikkonen,Räikkönen,51,Alfa Romeo,20,15,0.0,11,20.0,0,0
1035,2020,5,2020-08-09,70th Anniversary Grand Prix,silverstone,154,grosjean,Grosjean,210,Haas F1 Team,13,16,0.0,11,14.0,0,1
1035,2020,5,2020-08-09,70th Anniversary Grand Prix,silverstone,841,giovinazzi,Giovinazzi,51,Alfa Romeo,19,17,0.0,11,19.0,0,1
1035,2020,5,2020-08-09,70th Anniversary Grand Prix,silverstone,847,russell,Russell,3,Williams,15,18,0.0,11,15.0,0,1
1035,2020,5,2020-08-09,70th Anniversary Grand Prix,silverstone,849,latifi,Latifi,3,Williams,18,19,0.0,11,18.0,0,1
1035,2020,5,2020-08-09,70th Anniversary Grand Prix,silverstone,825,kevin_magnussen,Magnussen,210,Haas F1 Team,17,20,0.0,31,17.0,0,1
1036,2020,6,2020-08-16,Spanish Grand Prix,catalunya,1,hamilton,Hamilton,131,Mercedes,1,1,25.0,1,1.0,1,0
1036,2020,6,2020-08-16,Spanish Grand Prix,catalunya,830,max_verstappen,Verstappen,9,Red Bull,3,2,18.0,1,3.0,0,0
1036,2020,6,2020-08-16,Spanish Grand Prix,catalunya,822,bottas,Bottas,131,Mercedes,2,3,16.0,1,2.0,0,0
1036,2020,6,2020-08-16,Spanish Grand Prix,catalunya,840,stroll,Stroll,211,Racing Point,5,4,12.0,11,5.0,0,0
1036,2020,6,2020-08-16,Spanish Grand Prix,catalunya,815,perez,Pérez,211,Racing Point,4,5,10.0,11,4.0,0,0
1036,2020,6,2020-08-16,Spanish Grand Prix,catalunya,832,sainz,Sainz,1,McLaren,7,6,8.0,11,7.0,0,0
1036,2020,6,2020-08-16,Spanish Grand Prix,catalunya,20,vettel,Vettel,6,Ferrari,11,7,6.0,11,11.0,0,0
1036,2020,6,2020-08-16,Spanish Grand Prix,catalunya,848,albon,Albon,9,Red Bull,6,8,4.0,11,6.0,0,0
1036,2020,6,2020-08-16,Spanish Grand Prix,catalunya,842,gasly,Gasly,213,AlphaTauri,10,9,2.0,11,10.0,0,0
1036,2020,6,2020-08-16,Spanish Grand Prix,catalunya,846,norris,Norris,1,McLaren,8,10,1.0,11,8.0,0,0
1036,2020,6,2020-08-16,Spanish Grand Prix,catalunya,817,ricciardo,Ricciardo,4,Renault,13,11,0.0,11,13.0,0,0
1036,2020,6,2020-08-16,Spanish Grand Prix,catalunya,826,kvyat,Kvyat,213,AlphaTauri,12,12,0.0,11,12.0,0,0
1036,2020,6,2020-08-16,Spanish Grand Prix,catalunya,839,ocon,Ocon,4,Renault,15,13,0.0,11,15.0,0,0
1036,2020,6,2020-08-16,Spanish Grand Prix,catalunya,8,raikkonen,Räikkönen,51,Alfa Romeo,14,14,0.0,11,14.0,0,0
1036,2020,6,2020-08-16,Spanish Grand Prix,catalunya,825,kevin_magnussen,Magnussen,210,Haas F1 Team,16,15,0.0,11,16.0,0,0
1036,2020,6,2020-08-16,Spanish Grand Prix,catalunya,841,giovinazzi,Giovinazzi,51,Alfa Romeo,20,16,0.0,11,20.0,0,1
1036,2020,6,2020-08-16,Spanish Grand Prix,catalunya,847,russell,Russell,3,Williams,18,17,0.0,11,18.0,0,1
1036,2020,6,2020-08-16,Spanish Grand Prix,catalunya,849,latifi,Latifi,3,Williams,19,18,0.0,12,19.0,0,1
1036,2020,6,2020-08-16,Spanish Grand Prix,catalunya,154,grosjean,Grosjean,210,Haas F1 Team,17,19,0.0,12,17.0,0,1
1036,2020,6,2020-08-16,Spanish Grand Prix,catalunya,844,leclerc,Leclerc,6,Ferrari,9,20,0.0,40,9.0,0,1
1037,2020,7,2020-08-30,Belgian Grand Prix,spa,1,hamilton,Hamilton,131,Mercedes,1,1,25.0,1,1.0,1,0
1037,2020,7,2020-08-30,Belgian Grand Prix,spa,822,bottas,Bottas,131,Mercedes,2,2,18.0,1,2.0,0,0
1037,2020,7,2020-08-30,Belgian Grand Prix,spa,830,max_verstappen,Verstappen,9,Red Bull,3,3,15.0,1,3.0,0,0
1037,2020,7,2020-08-30,Belgian Grand Prix,spa,817,ricciardo,Ricciardo,4,Renault,4,4,13.0,1,4.0,0,0
1037,2020,7,2020-08-30,Belgian Grand Prix,spa,839,ocon,Ocon,4,Renault,6,5,10.0,1,6.0,0,0
1037,2020,7,2020-08-30,Belgian Grand Prix,spa,848,albon,Albon,9,Red Bull,5,6,8.0,1,5.0,0,0
1037,2020,7,2020-08-30,Belgian Grand Prix,spa,846,norris,Norris,1,McLaren,10,7,6.0,1,10.0,0,0
1037,2020,7,2020-08-30,Belgian Grand Prix,spa,842,gasly,Gasly,213,AlphaTauri,12,8,4.0,1,12.0,0,0
1037,2020,7,2020-08-30,Belgian Grand Prix,spa,840,stroll,Stroll,211,Racing Point,9,9,2.0,1,9.0,0,0
1037,2020,7,2020-08-30,Belgian Grand Prix,spa,815,perez,Pérez,211,Racing Point,8,10,1.0,1,8.0,0,0
1037,2020,7,2020-08-30,Belgian Grand Prix,spa,826,kvyat,Kvyat,213,AlphaTauri,11,11,0.0,1,11.0,0,0
1037,2020,7,2020-08-30,Belgian Grand Prix,spa,8,raikkonen,Räikkönen,51,Alfa Romeo,16,12,0.0,1,16.0,0,0
1037,2020,7,2020-08-30,Belgian Grand Prix,spa,20,vettel,Vettel,6,Ferrari,14,13,0.0,1,14.0,0,0
1037,2020,7,2020-08-30,Belgian Grand Prix,spa,844,leclerc,Leclerc,6,Ferrari,13,14,0.0,1,13.0,0,0
1037,2020,7,2020-08-30,Belgian Grand Prix,spa,154,grosjean,Grosjean,210,Haas F1 Team,17,15,0.0,1,17.0,0,0
1037,2020,7,2020-08-30,Belgian Grand Prix,spa,849,latifi,Latifi,3,Williams,19,16,0.0,1,19.0,0,1
1037,2020,7,2020-08-30,Belgian Grand Prix,spa,825,kevin_magnussen,Magnussen,210,Haas F1 Team,20,17,0.0,1,20.0,0,1
1037,2020,7,2020-08-30,Belgian Grand Prix,spa,841,giovinazzi,Giovinazzi,51,Alfa Romeo,18,18,0.0,3,18.0,0,1
1037,2020,7,2020-08-30,Belgian Grand Prix,spa,847,russell,Russell,3,Williams,15,19,0.0,138,15.0,0,1
1037,2020,7,2020-08-30,Belgian Grand Prix,spa,832,sainz,Sainz,1,McLaren,7,20,0.0,43,7.0,0,1
1038,2020,8,2020-09-06,Italian Grand Prix,monza,842,gasly,Gasly,213,AlphaTauri,10,1,25.0,1,10.0,1,0
1038,2020,8,2020-09-06,Italian Grand Prix,monza,832,sainz,Sainz,1,McLaren,3,2,18.0,1,3.0,0,0
1038,2020,8,2020-09-06,Italian Grand Prix,monza,840,stroll,Stroll,211,Racing Point,8,3,15.0,1,8.0,0,0
1038,2020,8,2020-09-06,Italian Grand Prix,monza,846,norris,Norris,1,McLaren,6,4,12.0,1,6.0,0,0
1038,2020,8,2020-09-06,Italian Grand Prix,monza,822,bottas,Bottas,131,Mercedes,2,5,10.0,1,2.0,0,0
1038,2020,8,2020-09-06,Italian Grand Prix,monza,817,ricciardo,Ricciardo,4,Renault,7,6,8.0,1,7.0,0,0
1038,2020,8,2020-09-06,Italian Grand Prix,monza,1,hamilton,Hamilton,131,Mercedes,1,7,7.0,1,1.0,0,0
1038,2020,8,2020-09-06,Italian Grand Prix,monza,839,ocon,Ocon,4,Renault,12,8,4.0,1,12.0,0,0
1038,2020,8,2020-09-06,Italian Grand Prix,monza,826,kvyat,Kvyat,213,AlphaTauri,11,9,2.0,1,11.0,0,0
1038,2020,8,2020-09-06,Italian Grand Prix,monza,815,perez,Pérez,211,Racing Point,4,10,1.0,1,4.0,0,0
1038,2020,8,2020-09-06,Italian Grand Prix,monza,849,latifi,Latifi,3,Williams,20,11,0.0,1,20.0,0,0
1038,2020,8,2020-09-06,Italian Grand Prix,monza,154,grosjean,Grosjean,210,Haas F1 Team,16,12,0.0,1,16.0,0,0
1038,2020,8,2020-09-06,Italian Grand Prix,monza,8,raikkonen,Räikkönen,51,Alfa Romeo,14,13,0.0,1,14.0,0,0
1038,2020,8,2020-09-06,Italian Grand Prix,monza,847,russell,Russell,3,Williams,19,14,0.0,1,19.0,0,0
1038,2020,8,2020-09-06,Italian Grand Prix,monza,848,albon,Albon,9,Red Bull,9,15,0.0,1,9.0,0,0
1038,2020,8,2020-09-06,Italian Grand Prix,monza,841,giovinazzi,Giovinazzi,51,Alfa Romeo,18,16,0.0,1,18.0,0,1
1038,2020,8,2020-09-06,Italian Grand Prix,monza,830,max_verstappen,Verstappen,9,Red Bull,5,17,0.0,131,5.0,0,1
1038,2020,8,2020-09-06,Italian Grand Prix,monza,844,leclerc,Leclerc,6,Ferrari,13,18,0.0,3,13.0,0,1
1038,2020,8,2020-09-06,Italian Grand Prix,monza,825,kevin_magnussen,Magnussen,210,Haas F1 Team,15,19,0.0,131,15.0,0,1
1038,2020,8,2020-09-06,Italian Grand Prix,monza,20,vettel,Vettel,6,Ferrari,17,20,0.0,23,17.0,0,1
1039,2020,9,2020-09-13,Tuscan Grand Prix,mugello,1,hamilton,Hamilton,131,Mercedes,1,1,26.0,1,1.0,1,0
1039,2020,9,2020-09-13,Tuscan Grand Prix,mugello,822,bottas,Bottas,131,Mercedes,2,2,18.0,1,2.0,0,0
1039,2020,9,2020-09-13,Tuscan Grand Prix,mugello,848,albon,Albon,9,Red Bull,4,3,15.0,1,4.0,0,0
1039,2020,9,2020-09-13,Tuscan Grand Prix,mugello,817,ricciardo,Ricciardo,4,Renault,8,4,12.0,1,8.0,0,0
1039,2020,9,2020-09-13,Tuscan Grand Prix,mugello,815,perez,Pérez,211,Racing Point,7,5,10.0,1,6.0,0,0
1039,2020,9,2020-09-13,Tuscan Grand Prix,mugello,846,norris,Norris,1,McLaren,11,6,8.0,1,11.0,0,0
1039,2020,9,2020-09-13,Tuscan Grand Prix,mugello,826,kvyat,Kvyat,213,AlphaTauri,12,7,6.0,1,12.0,0,0
1039,2020,9,2020-09-13,Tuscan Grand Prix,mugello,844,leclerc,Leclerc,6,Ferrari,5,8,4.0,1,5.0,0,0
1039,2020,9,2020-09-13,Tuscan Grand Prix,mugello,8,raikkonen,Räikkönen,51,Alfa Romeo,13,9,2.0,1,13.0,0,0
1039,2020,9,2020-09-13,Tuscan Grand Prix,mugello,20,vettel,Vettel,6,Ferrari,14,10,1.0,1,14.0,0,0
1039,2020,9,2020-09-13,Tuscan Grand Prix,mugello,847,russell,Russell,3,Williams,18,11,0.0,1,18.0,0,0
1039,2020,9,2020-09-13,Tuscan Grand Prix,mugello,154,grosjean,Grosjean,210,Haas F1 Team,15,12,0.0,1,15.0,0,0
1039,2020,9,2020-09-13,Tuscan Grand Prix,mugello,840,stroll,Stroll,211,Racing Point,6,13,0.0,29,7.0,0,0
1039,2020,9,2020-09-13,Tuscan Grand Prix,mugello,839,ocon,Ocon,4,Renault,10,14,0.0,23,10.0,0,0
1039,2020,9,2020-09-13,Tuscan Grand Prix,mugello,849,latifi,Latifi,3,Williams,19,15,0.0,4,19.0,0,0
1039,2020,9,2020-09-13,Tuscan Grand Prix,mugello,825,kevin_magnussen,Magnussen,210,Haas F1 Team,20,16,0.0,4,20.0,0,1
1039,2020,9,2020-09-13,Tuscan Grand Prix,mugello,841,giovinazzi,Giovinazzi,51,Alfa Romeo,17,17,0.0,4,17.0,0,1
1039,2020,9,2020-09-13,Tuscan Grand Prix,mugello,832,sainz,Sainz,1,McLaren,9,18,0.0,4,9.0,0,1
1039,2020,9,2020-09-13,Tuscan Grand Prix,mugello,830,max_verstappen,Verstappen,9,Red Bull,3,19,0.0,4,3.0,0,1
1039,2020,9,2020-09-13,Tuscan Grand Prix,mugello,842,gasly,Gasly,213,AlphaTauri,16,20,0.0,4,16.0,0,1
1040,2020,10,2020-09-27,Russian Grand Prix,sochi,822,bottas,Bottas,131,Mercedes,3,1,26.0,1,3.0,1,0
1040,2020,10,2020-09-27,Russian Grand Prix,sochi,830,max_verstappen,Verstappen,9,Red Bull,2,2,18.0,1,2.0,0,0
1040,2020,10,2020-09-27,Russian Grand Prix,sochi,1,hamilton,Hamilton,131,Mercedes,1,3,15.0,1,1.0,0,0
1040,2020,10,2020-09-27,Russian Grand Prix,sochi,815,perez,Pérez,211,Racing Point,4,4,12.0,1,4.0,0,0
1040,2020,10,2020-09-27,Russian Grand Prix,sochi,817,ricciardo,Ricciardo,4,Renault,5,5,10.0,1,5.0,0,0
1040,2020,10,2020-09-27,Russian Grand Prix,sochi,844,leclerc,Leclerc,6,Ferrari,10,6,8.0,1,11.0,0,0
1040,2020,10,2020-09-27,Russian Grand Prix,sochi,839,ocon,Ocon,4,Renault,7,7,6.0,1,7.0,0,0
1040,2020,10,2020-09-27,Russian Grand Prix,sochi,826,kvyat,Kvyat,213,AlphaTauri,11,8,4.0,1,12.0,0,0
1040,2020,10,2020-09-27,Russian Grand Prix,sochi,842,gasly,Gasly,213,AlphaTauri,9,9,2.0,1,9.0,0,0
1040,2020,10,2020-09-27,Russian Grand Prix,sochi,848,albon,Albon,9,Red Bull,15,10,1.0,1,10.0,0,0
1040,2020,10,2020-09-27,Russian Grand Prix,sochi,841,giovinazzi,Giovinazzi,51,Alfa Romeo,17,11,0.0,11,17.0,0,0
1040,2020,10,2020-09-27,Russian Grand Prix,sochi,825,kevin_magnussen,Magnussen,210,Haas F1 Team,18,12,0.0,11,18.0,0,0
1040,2020,10,2020-09-27,Russian Grand Prix,sochi,20,vettel,Vettel,6,Ferrari,14,13,0.0,11,15.0,0,0
1040,2020,10,2020-09-27,Russian Grand Prix,sochi,8,raikkonen,Räikkönen,51,Alfa Romeo,19,14,0.0,11,20.0,0,0
1040,2020,10,2020-09-27,Russian Grand Prix,sochi,846,norris,Norris,1,McLaren,8,15,0.0,11,8.0,0,0
1040,2020,10,2020-09-27,Russian Grand Prix,sochi,849,latifi,Latifi,3,Williams,20,16,0.0,11,19.0,0,1
1040,2020,10,2020-09-27,Russian Grand Prix,sochi,154,grosjean,Grosjean,210,Haas F1 Team,16,17,0.0,11,16.0,0,1
1040,2020,10,2020-09-27,Russian Grand Prix,sochi,847,russell,Russell,3,Williams,13,18,0.0,11,14.0,0,1
1040,2020,10,2020-09-27,Russian Grand Prix,sochi,832,sainz,Sainz,1,McLaren,6,19,0.0,3,6.0,0,1
1040,2020,10,2020-09-27,Russian Grand Prix,sochi,840,stroll,Stroll,211,Racing Point,12,20,0.0,4,13.0,0,1
1041,2020,11,2020-10-11,Eifel Grand Prix,nurburgring,1,hamilton,Hamilton,131,Mercedes,2,1,25.0,1,2.0,1,0
1041,2020,11,2020-10-11,Eifel Grand Prix,nurburgring,830,max_verstappen,Verstappen,9,Red Bull,3,2,19.0,1,3.0,0,0
1041,2020,11,2020-10-11,Eifel Grand Prix,nurburgring,817,ricciardo,Ricciardo,4,Renault,6,3,15.0,1,6.0,0,0
1041,2020,11,2020-10-11,Eifel Grand Prix,nurburgring,815,perez,Pérez,211,Racing Point,9,4,12.0,1,9.0,0,0
1041,2020,11,2020-10-11,Eifel Grand Prix,nurburgring,832,sainz,Sainz,1,McLaren,10,5,10.0,1,10.0,0,0
1041,2020,11,2020-10-11,Eifel Grand Prix,nurburgring,842,gasly,Gasly,213,AlphaTauri,12,6,8.0,1,12.0,0,0
1041,2020,11,2020-10-11,Eifel Grand Prix,nurburgring,844,leclerc,Leclerc,6,Ferrari,4,7,6.0,1,4.0,0,0
1041,2020,11,2020-10-11,Eifel Grand Prix,nurburgring,807,hulkenberg,Hülkenberg,211,Racing Point,20,8,4.0,1,20.0,0,0
1041,2020,11,2020-10-11,Eifel Grand Prix,nurburgring,154,grosjean,Grosjean,210,Haas F1 Team,16,9,2.0,1,16.0,0,0
1041,2020,11,2020-10-11,Eifel Grand Prix,nurburgring,841,giovinazzi,Giovinazzi,51,Alfa Romeo,14,10,1.0,1,14.0,0,0
1041,2020,11,2020-10-11,Eifel Grand Prix,nurburgring,20,vettel,Vettel,6,Ferrari,11,11,0.0,1,11.0,0,0
1041,2020,11,2020-10-11,Eifel Grand Prix,nurburgring,8,raikkonen,Räikkönen,51,Alfa Romeo,19,12,0.0,1,19.0,0,0
1041,2020,11,2020-10-11,Eifel Grand Prix,nurburgring,825,kevin_magnussen,Magnussen,210,Haas F1 Team,15,13,0.0,1,15.0,0,0
1041,2020,11,2020-10-11,Eifel Grand Prix,nurburgring,849,latifi,Latifi,3,Williams,18,14,0.0,1,18.0,0,0
1041,2020,11,2020-10-11,Eifel Grand Prix,nurburgring,826,kvyat,Kvyat,213,AlphaTauri,13,15,0.0,1,13.0,0,0
1041,2020,11,2020-10-11,Eifel Grand Prix,nurburgring,846,norris,Norris,1,McLaren,8,16,0.0,131,8.0,0,1
1041,2020,11,2020-10-11,Eifel Grand Prix,nurburgring,848,albon,Albon,9,Red Bull,5,17,0.0,21,5.0,0,1
1041,2020,11,2020-10-11,Eifel Grand Prix,nurburgring,839,ocon,Ocon,4,Renault,7,18,0.0,6,7.0,0,1
1041,2020,11,2020-10-11,Eifel Grand Prix,nurburgring,822,bottas,Bottas,131,Mercedes,1,19,0.0,131,1.0,0,1
1041,2020,11,2020-10-11,Eifel Grand Prix,nurburgring,847,russell,Russell,3,Williams,17,20,0.0,4,17.0,0,1
1042,2020,12,2020-10-25,Portuguese Grand Prix,portimao,1,hamilton,Hamilton,131,Mercedes,1,1,26.0,1,1.0,1,0
1042,2020,12,2020-10-25,Portuguese Grand Prix,portimao,822,bottas,Bottas,131,Mercedes,2,2,18.0,1,2.0,0,0
1042,2020,12,2020-10-25,Portuguese Grand Prix,portimao,830,max_verstappen,Verstappen,9,Red Bull,3,3,15.0,1,3.0,0,0
1042,2020,12,2020-10-25,Portuguese Grand Prix,portimao,844,leclerc,Leclerc,6,Ferrari,4,4,12.0,1,4.0,0,0
1042,2020,12,2020-10-25,Portuguese Grand Prix,portimao,842,gasly,Gasly,213,AlphaTauri,9,5,10.0,11,9.0,0,0
1042,2020,12,2020-10-25,Portuguese Grand Prix,portimao,832,sainz,Sainz,1,McLaren,7,6,8.0,11,7.0,0,0
1042,2020,12,2020-10-25,Portuguese Grand Prix,portimao,815,perez,Pérez,211,Racing Point,5,7,6.0,11,5.0,0,0
1042,2020,12,2020-10-25,Portuguese Grand Prix,portimao,839,ocon,Ocon,4,Renault,11,8,4.0,11,11.0,0,0
1042,2020,12,2020-10-25,Portuguese Grand Prix,portimao,817,ricciardo,Ricciardo,4,Renault,10,9,2.0,11,10.0,0,0
1042,2020,12,2020-10-25,Portuguese Grand Prix,portimao,20,vettel,Vettel,6,Ferrari,15,10,1.0,11,15.0,0,0
1042,2020,12,2020-10-25,Portuguese Grand Prix,portimao,8,raikkonen,Räikkönen,51,Alfa Romeo,16,11,0.0,11,16.0,0,0
1042,2020,12,2020-10-25,Portuguese Grand Prix,portimao,848,albon,Albon,9,Red Bull,6,12,0.0,11,6.0,0,0
1042,2020,12,2020-10-25,Portuguese Grand Prix,portimao,846,norris,Norris,1,McLaren,8,13,0.0,11,8.0,0,0
1042,2020,12,2020-10-25,Portuguese Grand Prix,portimao,847,russell,Russell,3,Williams,14,14,0.0,11,14.0,0,0
1042,2020,12,2020-10-25,Portuguese Grand Prix,portimao,841,giovinazzi,Giovinazzi,51,Alfa Romeo,17,15,0.0,11,17.0,0,0
1042,2020,12,2020-10-25,Portuguese Grand Prix,portimao,825,kevin_magnussen,Magnussen,210,Haas F1 Team,19,16,0.0,11,19.0,0,1
1042,2020,12,2020-10-25,Portuguese Grand Prix,portimao,154,grosjean,Grosjean,210,Haas F1 Team,18,17,0.0,11,18.0,0,1
1042,2020,12,2020-10-25,Portuguese Grand Prix,portimao,849,latifi,Latifi,3,Williams,20,18,0.0,12,20.0,0,1
1042,2020,12,2020-10-25,Portuguese Grand Prix,portimao,826,kvyat,Kvyat,213,AlphaTauri,13,19,0.0,12,13.0,0,1
1042,2020,12,2020-10-25,Portuguese Grand Prix,portimao,840,stroll,Stroll,211,Racing Point,12,20,0.0,130,12.0,0,1
1043,2020,13,2020-11-01,Emilia Romagna Grand Prix,imola,1,hamilton,Hamilton,131,Mercedes,2,1,26.0,1,2.0,1,0
1043,2020,13,2020-11-01,Emilia Romagna Grand Prix,imola,822,bottas,Bottas,131,Mercedes,1,2,18.0,1,1.0,0,0
1043,2020,13,2020-11-01,Emilia Romagna Grand Prix,imola,817,ricciardo,Ricciardo,4,Renault,5,3,15.0,1,5.0,0,0
1043,2020,13,2020-11-01,Emilia Romagna Grand Prix,imola,826,kvyat,Kvyat,213,AlphaTauri,8,4,12.0,1,8.0,0,0
1043,2020,13,2020-11-01,Emilia Romagna Grand Prix,imola,844,leclerc,Leclerc,6,Ferrari,7,5,10.0,1,7.0,0,0
1043,2020,13,2020-11-01,Emilia Romagna Grand Prix,imola,815,perez,Pérez,211,Racing Point,11,6,8.0,1,11.0,0,0
1043,2020,13,2020-11-01,Emilia Romagna Grand Prix,imola,832,sainz,Sainz,1,McLaren,10,7,6.0,1,10.0,0,0
1043,2020,13,2020-11-01,Emilia Romagna Grand Prix,imola,846,norris,Norris,1,McLaren,9,8,4.0,1,9.0,0,0
1043,2020,13,2020-11-01,Emilia Romagna Grand Prix,imola,8,raikkonen,Räikkönen,51,Alfa Romeo,18,9,2.0,1,18.0,0,0
1043,2020,13,2020-11-01,Emilia Romagna Grand Prix,imola,841,giovinazzi,Giovinazzi,51,Alfa Romeo,20,10,1.0,1,20.0,0,0
1043,2020,13,2020-11-01,Emilia Romagna Grand Prix,imola,849,latifi,Latifi,3,Williams,19,11,0.0,1,19.0,0,0
1043,2020,13,2020-11-01,Emilia Romagna Grand Prix,imola,20,vettel,Vettel,6,Ferrari,14,12,0.0,1,14.0,0,0
1043,2020,13,2020-11-01,Emilia Romagna Grand Prix,imola,840,stroll,Stroll,211,Racing Point,15,13,0.0,1,15.0,0,0
1043,2020,13,2020-11-01,Emilia Romagna Grand Prix,imola,154,grosjean,Grosjean,210,Haas F1 Team,16,14,0.0,1,16.0,0,0
1043,2020,13,2020-11-01,Emilia Romagna Grand Prix,imola,848,albon,Albon,9,Red Bull,6,15,0.0,1,6.0,0,0
1043,2020,13,2020-11-01,Emilia Romagna Grand Prix,imola,847,russell,Russell,3,Williams,13,16,0.0,3,13.0,0,1
1043,2020,13,2020-11-01,Emilia Romagna Grand Prix,imola,830,max_verstappen,Verstappen,9,Red Bull,3,17,0.0,29,3.0,0,1
1043,2020,13,2020-11-01,Emilia Romagna Grand Prix,imola,825,kevin_magnussen,Magnussen,210,Haas F1 Team,17,18,0.0,139,17.0,0,1
1043,2020,13,2020-11-01,Emilia Romagna Grand Prix,imola,839,ocon,Ocon,4,Renault,12,19,0.0,6,12.0,0,1
1043,2020,13,2020-11-01,Emilia Romagna Grand Prix,imola,842,gasly,Gasly,213,AlphaTauri,4,20,0.0,34,4.0,0,1
1044,2020,14,2020-11-15,Turkish Grand Prix,istanbul,1,hamilton,Hamilton,131,Mercedes,6,1,25.0,1,6.0,1,0
1044,2020,14,2020-11-15,Turkish Grand Prix,istanbul,815,perez,Pérez,211,Racing Point,3,2,18.0,1,3.0,0,0
1044,2020,14,2020-11-15,Turkish Grand Prix,istanbul,20,vettel,Vettel,6,Ferrari,11,3,15.0,1,12.0,0,0
1044,2020,14,2020-11-15,Turkish Grand Prix,istanbul,844,leclerc,Leclerc,6,Ferrari,12,4,12.0,1,14.0,0,0
1044,2020,14,2020-11-15,Turkish Grand Prix,istanbul,832,sainz,Sainz,1,McLaren,15,5,10.0,1,13.0,0,0
1044,2020,14,2020-11-15,Turkish Grand Prix,istanbul,830,max_verstappen,Verstappen,9,Red Bull,2,6,8.0,1,2.0,0,0
1044,2020,14,2020-11-15,Turkish Grand Prix,istanbul,848,albon,Albon,9,Red Bull,4,7,6.0,1,4.0,0,0
1044,2020,14,2020-11-15,Turkish Grand Prix,istanbul,846,norris,Norris,1,McLaren,14,8,5.0,1,11.0,0,0
1044,2020,14,2020-11-15,Turkish Grand Prix,istanbul,840,stroll,Stroll,211,Racing Point,1,9,2.0,1,1.0,0,0
1044,2020,14,2020-11-15,Turkish Grand Prix,istanbul,817,ricciardo,Ricciardo,4,Renault,5,10,1.0,1,5.0,0,0
1044,2020,14,2020-11-15,Turkish Grand Prix,istanbul,839,ocon,Ocon,4,Renault,7,11,0.0,11,7.0,0,0
1044,2020,14,2020-11-15,Turkish Grand Prix,istanbul,826,kvyat,Kvyat,213,AlphaTauri,16,12,0.0,11,17.0,0,0
1044,2020,14,2020-11-15,Turkish Grand Prix,istanbul,842,gasly,Gasly,213,AlphaTauri,19,13,0.0,11,15.0,0,0
1044,2020,14,2020-11-15,Turkish Grand Prix,istanbul,822,bottas,Bottas,131,Mercedes,9,14,0.0,11,9.0,0,0
1044,2020,14,2020-11-15,Turkish Grand Prix,istanbul,8,raikkonen,Räikkönen,51,Alfa Romeo,8,15,0.0,11,8.0,0,0
1044,2020,14,2020-11-15,Turkish Grand Prix,istanbul,847,russell,Russell,3,Williams,0,16,0.0,11,18.0,0,1
1044,2020,14,2020-11-15,Turkish Grand Prix,istanbul,825,kevin_magnussen,Magnussen,210,Haas F1 Team,13,17,0.0,54,16.0,0,1
1044,2020,14,2020-11-15,Turkish Grand Prix,istanbul,154,grosjean,Grosjean,210,Haas F1 Team,17,18,0.0,130,19.0,0,1
1044,2020,14,2020-11-15,Turkish Grand Prix,istanbul,849,latifi,Latifi,3,Williams,0,19,0.0,130,20.0,0,1
1044,2020,14,2020-11-15,Turkish Grand Prix,istanbul,841,giovinazzi,Giovinazzi,51,Alfa Romeo,10,20,0.0,6,10.0,0,1
1045,2020,15,2020-11-29,Bahrain Grand Prix,bahrain,1,hamilton,Hamilton,131,Mercedes,1,1,25.0,1,1.0,1,0
1045,2020,15,2020-11-29,Bahrain Grand Prix,bahrain,830,max_verstappen,Verstappen,9,Red Bull,3,2,19.0,1,3.0,0,0
1045,2020,15,2020-11-29,Bahrain Grand Prix,bahrain,848,albon,Albon,9,Red Bull,4,3,15.0,1,4.0,0,0
1045,2020,15,2020-11-29,Bahrain Grand Prix,bahrain,846,norris,Norris,1,McLaren,9,4,12.0,1,9.0,0,0
1045,2020,15,2020-11-29,Bahrain Grand Prix,bahrain,832,sainz,Sainz,1,McLaren,15,5,10.0,1,15.0,0,0
1045,2020,15,2020-11-29,Bahrain Grand Prix,bahrain,842,gasly,Gasly,213,AlphaTauri,8,6,8.0,1,8.0,0,0
1045,2020,15,2020-11-29,Bahrain Grand Prix,bahrain,817,ricciardo,Ricciardo,4,Renault,6,7,6.0,1,6.0,0,0
1045,2020,15,2020-11-29,Bahrain Grand Prix,bahrain,822,bottas,Bottas,131,Mercedes,2,8,4.0,1,2.0,0,0
1045,2020,15,2020-11-29,Bahrain Grand Prix,bahrain,839,ocon,Ocon,4,Renault,7,9,2.0,1,7.0,0,0
1045,2020,15,2020-11-29,Bahrain Grand Prix,bahrain,844,leclerc,Leclerc,6,Ferrari,12,10,1.0,11,12.0,0,0
1045,2020,15,2020-11-29,Bahrain Grand Prix,bahrain,826,kvyat,Kvyat,213,AlphaTauri,10,11,0.0,11,10.0,0,0
1045,2020,15,2020-11-29,Bahrain Grand Prix,bahrain,847,russell,Russell,3,Williams,14,12,0.0,11,14.0,0,0
1045,2020,15,2020-11-29,Bahrain Grand Prix,bahrain,20,vettel,Vettel,6,Ferrari,11,13,0.0,11,11.0,0,0
1045,2020,15,2020-11-29,Bahrain Grand Prix,bahrain,849,latifi,Latifi,3,Williams,20,14,0.0,11,20.0,0,0
1045,2020,15,2020-11-29,Bahrain Grand Prix,bahrain,8,raikkonen,Räikkönen,51,Alfa Romeo,17,15,0.0,11,17.0,0,0
1045,2020,15,2020-11-29,Bahrain Grand Prix,bahrain,841,giovinazzi,Giovinazzi,51,Alfa Romeo,16,16,0.0,11,16.0,0,1
1045,2020,15,2020-11-29,Bahrain Grand Prix,bahrain,825,kevin_magnussen,Magnussen,210,Haas F1 Team,18,17,0.0,11,18.0,0,1
1045,2020,15,2020-11-29,Bahrain Grand Prix,bahrain,815,perez,Pérez,211,Racing Point,5,18,0.0,5,5.0,0,1
1045,2020,15,2020-11-29,Bahrain Grand Prix,bahrain,840,stroll,Stroll,211,Racing Point,13,19,0.0,4,13.0,0,1
1045,2020,15,2020-11-29,Bahrain Grand Prix,bahrain,154,grosjean,Grosjean,210,Haas F1 Team,19,20,0.0,4,19.0,0,1
1046,2020,16,2020-12-06,Sakhir Grand Prix,bahrain,815,perez,Pérez,211,Racing Point,5,1,25.0,1,5.0,1,0
1046,2020,16,2020-12-06,Sakhir Grand Prix,bahrain,839,ocon,Ocon,4,Renault,11,2,18.0,1,11.0,0,0
1046,2020,16,2020-12-06,Sakhir Grand Prix,bahrain,840,stroll,Stroll,211,Racing Point,10,3,15.0,1,10.0,0,0
1046,2020,16,2020-12-06,Sakhir Grand Prix,bahrain,832,sainz,Sainz,1,McLaren,8,4,12.0,1,8.0,0,0
1046,2020,16,2020-12-06,Sakhir Grand Prix,bahrain,817,ricciardo,Ricciardo,4,Renault,7,5,10.0,1,7.0,0,0
1046,2020,16,2020-12-06,Sakhir Grand Prix,bahrain,848,albon,Albon,9,Red Bull,12,6,8.0,1,12.0,0,0
1046,2020,16,2020-12-06,Sakhir Grand Prix,bahrain,826,kvyat,Kvyat,213,AlphaTauri,6,7,6.0,1,6.0,0,0
1046,2020,16,2020-12-06,Sakhir Grand Prix,bahrain,822,bottas,Bottas,131,Mercedes,1,8,4.0,1,1.0,0,0
1046,2020,16,2020-12-06,Sakhir Grand Prix,bahrain,847,russell,Russell,131,Mercedes,2,9,3.0,1,2.0,0,0
1046,2020,16,2020-12-06,Sakhir Grand Prix,bahrain,846,norris,Norris,1,McLaren,19,10,1.0,1,15.0,0,0
1046,2020,16,2020-12-06,Sakhir Grand Prix,bahrain,842,gasly,Gasly,213,AlphaTauri,9,11,0.0,1,9.0,0,0
1046,2020,16,2020-12-06,Sakhir Grand Prix,bahrain,20,vettel,Vettel,6,Ferrari,13,12,0.0,1,13.0,0,0
1046,2020,16,2020-12-06,Sakhir Grand Prix,bahrain,841,giovinazzi,Giovinazzi,51,Alfa Romeo,14,13,0.0,1,14.0,0,0
1046,2020,16,2020-12-06,Sakhir Grand Prix,bahrain,8,raikkonen,Räikkönen,51,Alfa Romeo,18,14,0.0,1,19.0,0,0
1046,2020,16,2020-12-06,Sakhir Grand Prix,bahrain,825,kevin_magnussen,Magnussen,210,Haas F1 Team,15,15,0.0,1,16.0,0,0
1046,2020,16,2020-12-06,Sakhir Grand Prix,bahrain,851,aitken,Aitken,3,Williams,17,16,0.0,1,18.0,0,1
1046,2020,16,2020-12-06,Sakhir Grand Prix,bahrain,850,pietro_fittipaldi,Fittipaldi,210,Haas F1 Team,20,17,0.0,1,20.0,0,1
1046,2020,16,2020-12-06,Sakhir Grand Prix,bahrain,849,latifi,Latifi,3,Williams,16,18,0.0,5,17.0,0,1
1046,2020,16,2020-12-06,Sakhir Grand Prix,bahrain,830,max_verstappen,Verstappen,9,Red Bull,3,19,0.0,3,3.0,0,1
1046,2020,16,2020-12-06,Sakhir Grand Prix,bahrain,844,leclerc,Leclerc,6,Ferrari,4,20,0.0,4,4.0,0,1
1047,2020,17,2020-12-13,Abu Dhabi Grand Prix,yas_marina,830,max_verstappen,Verstappen,9,Red Bull,1,1,25.0,1,1.0,1,0
1047,2020,17,2020-12-13,Abu Dhabi Grand Prix,yas_marina,822,bottas,Bottas,131,Mercedes,2,2,18.0,1,2.0,0,0
1047,2020,17,2020-12-13,Abu Dhabi Grand Prix,yas_marina,1,hamilton,Hamilton,131,Mercedes,3,3,15.0,1,3.0,0,0
1047,2020,17,2020-12-13,Abu Dhabi Grand Prix,yas_marina,848,albon,Albon,9,Red Bull,5,4,12.0,1,5.0,0,0
1047,2020,17,2020-12-13,Abu Dhabi Grand Prix,yas_marina,846,norris,Norris,1,McLaren,4,5,10.0,1,4.0,0,0
1047,2020,17,2020-12-13,Abu Dhabi Grand Prix,yas_marina,832,sainz,Sainz,1,McLaren,6,6,8.0,1,6.0,0,0
1047,2020,17,2020-12-13,Abu Dhabi Grand Prix,yas_marina,817,ricciardo,Ricciardo,4,Renault,11,7,7.0,1,12.0,0,0
1047,2020,17,2020-12-13,Abu Dhabi Grand Prix,yas_marina,842,gasly,Gasly,213,AlphaTauri,9,8,4.0,1,10.0,0,0
1047,2020,17,2020-12-13,Abu Dhabi Grand Prix,yas_marina,839,ocon,Ocon,4,Renault,10,9,2.0,1,11.0,0,0
1047,2020,17,2020-12-13,Abu Dhabi Grand Prix,yas_marina,840,stroll,Stroll,211,Racing Point,8,10,1.0,1,8.0,0,0
1047,2020,17,2020-12-13,Abu Dhabi Grand Prix,yas_marina,826,kvyat,Kvyat,213,AlphaTauri,7,11,0.0,11,7.0,0,0
1047,2020,17,2020-12-13,Abu Dhabi Grand Prix,yas_marina,8,raikkonen,Räikkönen,51,Alfa Romeo,15,12,0.0,11,16.0,0,0
1047,2020,17,2020-12-13,Abu Dhabi Grand Prix,yas_marina,844,leclerc,Leclerc,6,Ferrari,12,13,0.0,11,9.0,0,0
1047,2020,17,2020-12-13,Abu Dhabi Grand Prix,yas_marina,20,vettel,Vettel,6,Ferrari,13,14,0.0,11,13.0,0,0
1047,2020,17,2020-12-13,Abu Dhabi Grand Prix,yas_marina,847,russell,Russell,3,Williams,16,15,0.0,11,18.0,0,0
1047,2020,17,2020-12-13,Abu Dhabi Grand Prix,yas_marina,841,giovinazzi,Giovinazzi,51,Alfa Romeo,14,16,0.0,11,14.0,0,1
1047,2020,17,2020-12-13,Abu Dhabi Grand Prix,yas_marina,849,latifi,Latifi,3,Williams,18,17,0.0,11,20.0,0,1
1047,2020,17,2020-12-13,Abu Dhabi Grand Prix,yas_marina,825,kevin_magnussen,Magnussen,210,Haas F1 Team,20,18,0.0,11,17.0,0,1
1047,2020,17,2020-12-13,Abu Dhabi Grand Prix,yas_marina,850,pietro_fittipaldi,Fittipaldi,210,Haas F1 Team,17,19,0.0,12,19.0,0,1
1047,2020,17,2020-12-13,Abu Dhabi Grand Prix,yas_marina,815,perez,Pérez,211,Racing Point,19,20,0.0,7,15.0,0,1
1052,2021,1,2021-03-28,Bahrain Grand Prix,bahrain,1,hamilton,Hamilton,131,Mercedes,2,1,25.0,1,2.0,1,0
1052,2021,1,2021-03-28,Bahrain Grand Prix,bahrain,830,max_verstappen,Verstappen,9,Red Bull,1,2,18.0,1,1.0,0,0
1052,2021,1,2021-03-28,Bahrain Grand Prix,bahrain,822,bottas,Bottas,131,Mercedes,3,3,16.0,1,3.0,0,0
1052,2021,1,2021-03-28,Bahrain Grand Prix,bahrain,846,norris,Norris,1,McLaren,7,4,12.0,1,7.0,0,0
1052,2021,1,2021-03-28,Bahrain Grand Prix,bahrain,815,perez,Pérez,9,Red Bull,0,5,10.0,1,11.0,0,0
1052,2021,1,2021-03-28,Bahrain Grand Prix,bahrain,844,leclerc,Leclerc,6,Ferrari,4,6,8.0,1,4.0,0,0
1052,2021,1,2021-03-28,Bahrain Grand Prix,bahrain,817,ricciardo,Ricciardo,1,McLaren,6,7,6.0,1,6.0,0,0
1052,2021,1,2021-03-28,Bahrain Grand Prix,bahrain,832,sainz,Sainz,6,Ferrari,8,8,4.0,1,8.0,0,0
1052,2021,1,2021-03-28,Bahrain Grand Prix,bahrain,852,tsunoda,Tsunoda,213,AlphaTauri,13,9,2.0,1,13.0,0,0
1052,2021,1,2021-03-28,Bahrain Grand Prix,bahrain,840,stroll,Stroll,117,Aston Martin,10,10,1.0,1,10.0,0,0
1052,2021,1,2021-03-28,Bahrain Grand Prix,bahrain,8,raikkonen,Räikkönen,51,Alfa Romeo,14,11,0.0,1,14.0,0,0
1052,2021,1,2021-03-28,Bahrain Grand Prix,bahrain,841,giovinazzi,Giovinazzi,51,Alfa Romeo,12,12,0.0,11,12.0,0,0
1052,2021,1,2021-03-28,Bahrain Grand Prix,bahrain,839,ocon,Ocon,214,Alpine F1 Team,16,13,0.0,11,16.0,0,0
1052,2021,1,2021-03-28,Bahrain Grand Prix,bahrain,847,russell,Russell,3,Williams,15,14,0.0,11,15.0,0,0
1052,2021,1,2021-03-28,Bahrain Grand Prix,bahrain,20,vettel,Vettel,117,Aston Martin,20,15,0.0,11,18.0,0,0
1052,2021,1,2021-03-28,Bahrain Grand Prix,bahrain,854,mick_schumacher,Schumacher,210,Haas F1 Team,18,16,0.0,11,19.0,0,1
1052,2021,1,2021-03-28,Bahrain Grand Prix,bahrain,842,gasly,Gasly,213,AlphaTauri,5,17,0.0,31,5.0,0,1
1052,2021,1,2021-03-28,Bahrain Grand Prix,bahrain,849,latifi,Latifi,3,Williams,17,18,0.0,31,17.0,0,1
1052,2021,1,2021-03-28,Bahrain Grand Prix,bahrain,4,alonso,Alonso,214,Alpine F1 Team,9,19,0.0,23,9.0,0,1
1052,2021,1,2021-03-28,Bahrain Grand Prix,bahrain,853,mazepin,Mazepin,210,Haas F1 Team,19,20,0.0,3,20.0,0,1
1053,2021,2,2021-04-18,Emilia Romagna Grand Prix,imola,830,max_verstappen,Verstappen,9,Red Bull,3,1,25.0,1,3.0,1,0
1053,2021,2,2021-04-18,Emilia Romagna Grand Prix,imola,1,hamilton,Hamilton,131,Mercedes,1,2,19.0,1,1.0,0,0
1053,2021,2,2021-04-18,Emilia Romagna Grand Prix,imola,846,norris,Norris,1,McLaren,7,3,15.0,1,7.0,0,0
1053,2021,2,2021-04-18,Emilia Romagna Grand Prix,imola,844,leclerc,Leclerc,6,Ferrari,4,4,12.0,1,4.0,0,0
1053,2021,2,2021-04-18,Emilia Romagna Grand Prix,imola,832,sainz,Sainz,6,Ferrari,11,5,10.0,1,11.0,0,0
1053,2021,2,2021-04-18,Emilia Romagna Grand Prix,imola,817,ricciardo,Ricciardo,1,McLaren,6,6,8.0,1,6.0,0,0
1053,2021,2,2021-04-18,Emilia Romagna Grand Prix,imola,842,gasly,Gasly,213,AlphaTauri,5,7,6.0,1,5.0,0,0
1053,2021,2,2021-04-18,Emilia Romagna Grand Prix,imola,840,stroll,Stroll,117,Aston Martin,10,8,4.0,1,10.0,0,0
1053,2021,2,2021-04-18,Emilia Romagna Grand Prix,imola,839,ocon,Ocon,214,Alpine F1 Team,9,9,2.0,1,9.0,0,0
1053,2021,2,2021-04-18,Emilia Romagna Grand Prix,imola,4,alonso,Alonso,214,Alpine F1 Team,15,10,1.0,1,15.0,0,0
1053,2021,2,2021-04-18,Emilia Romagna Grand Prix,imola,815,perez,Pérez,9,Red Bull,2,11,0.0,1,2.0,0,0
1053,2021,2,2021-04-18,Emilia Romagna Grand Prix,imola,852,tsunoda,Tsunoda,213,AlphaTauri,20,12,0.0,1,20.0,0,0
1053,2021,2,2021-04-18,Emilia Romagna Grand Prix,imola,8,raikkonen,Räikkönen,51,Alfa Romeo,16,13,0.0,1,16.0,0,0
1053,2021,2,2021-04-18,Emilia Romagna Grand Prix,imola,841,giovinazzi,Giovinazzi,51,Alfa Romeo,17,14,0.0,11,17.0,0,0
1053,2021,2,2021-04-18,Emilia Romagna Grand Prix,imola,20,vettel,Vettel,117,Aston Martin,0,15,0.0,6,13.0,0,0
1053,2021,2,2021-04-18,Emilia Romagna Grand Prix,imola,854,mick_schumacher,Schumacher,210,Haas F1 Team,18,16,0.0,12,18.0,0,1
1053,2021,2,2021-04-18,Emilia Romagna Grand Prix,imola,853,mazepin,Mazepin,210,Haas F1 Team,19,17,0.0,12,19.0,0,1
1053,2021,2,2021-04-18,Emilia Romagna Grand Prix,imola,822,bottas,Bottas,131,Mercedes,8,18,0.0,4,8.0,0,1
1053,2021,2,2021-04-18,Emilia Romagna Grand Prix,imola,847,russell,Russell,3,Williams,12,19,0.0,4,12.0,0,1
1053,2021,2,2021-04-18,Emilia Romagna Grand Prix,imola,849,latifi,Latifi,3,Williams,14,20,0.0,4,14.0,0,1
1054,2021,3,2021-05-02,Portuguese Grand Prix,portimao,1,hamilton,Hamilton,131,Mercedes,2,1,25.0,1,2.0,1,0
1054,2021,3,2021-05-02,Portuguese Grand Prix,portimao,830,max_verstappen,Verstappen,9,Red Bull,3,2,18.0,1,3.0,0,0
1054,2021,3,2021-05-02,Portuguese Grand Prix,portimao,822,bottas,Bottas,131,Mercedes,1,3,16.0,1,1.0,0,0
1054,2021,3,2021-05-02,Portuguese Grand Prix,portimao,815,perez,Pérez,9,Red Bull,4,4,12.0,1,4.0,0,0
1054,2021,3,2021-05-02,Portuguese Grand Prix,portimao,846,norris,Norris,1,McLaren,7,5,10.0,1,7.0,0,0
1054,2021,3,2021-05-02,Portuguese Grand Prix,portimao,844,leclerc,Leclerc,6,Ferrari,8,6,8.0,1,8.0,0,0
1054,2021,3,2021-05-02,Portuguese Grand Prix,portimao,839,ocon,Ocon,214,Alpine F1 Team,6,7,6.0,1,6.0,0,0
1054,2021,3,2021-05-02,Portuguese Grand Prix,portimao,4,alonso,Alonso,214,Alpine F1 Team,13,8,4.0,1,13.0,0,0
1054,2021,3,2021-05-02,Portuguese Grand Prix,portimao,817,ricciardo,Ricciardo,1,McLaren,16,9,2.0,1,16.0,0,0
1054,2021,3,2021-05-02,Portuguese Grand Prix,portimao,842,gasly,Gasly,213,AlphaTauri,9,10,1.0,1,9.0,0,0
1054,2021,3,2021-05-02,Portuguese Grand Prix,portimao,832,sainz,Sainz,6,Ferrari,5,11,0.0,1,5.0,0,0
1054,2021,3,2021-05-02,Portuguese Grand Prix,portimao,841,giovinazzi,Giovinazzi,51,Alfa Romeo,12,12,0.0,11,12.0,0,0
1054,2021,3,2021-05-02,Portuguese Grand Prix,portimao,20,vettel,Vettel,117,Aston Martin,10,13,0.0,11,10.0,0,0
1054,2021,3,2021-05-02,Portuguese Grand Prix,portimao,840,stroll,Stroll,117,Aston Martin,17,14,0.0,11,17.0,0,0
1054,2021,3,2021-05-02,Portuguese Grand Prix,portimao,852,tsunoda,Tsunoda,213,AlphaTauri,14,15,0.0,11,14.0,0,0
1054,2021,3,2021-05-02,Portuguese Grand Prix,portimao,847,russell,Russell,3,Williams,11,16,0.0,11,11.0,0,1
1054,2021,3,2021-05-02,Portuguese Grand Prix,portimao,854,mick_schumacher,Schumacher,210,Haas F1 Team,19,17,0.0,12,19.0,0,1
1054,2021,3,2021-05-02,Portuguese Grand Prix,portimao,849,latifi,Latifi,3,Williams,18,18,0.0,12,18.0,0,1
1054,2021,3,2021-05-02,Portuguese Grand Prix,portimao,853,mazepin,Mazepin,210,Haas F1 Team,20,19,0.0,12,20.0,0,1
1054,2021,3,2021-05-02,Portuguese Grand Prix,portimao,8,raikkonen,Räikkönen,51,Alfa Romeo,15,20,0.0,130,15.0,0,1
1055,2021,4,2021-05-09,Spanish Grand Prix,catalunya,1,hamilton,Hamilton,131,Mercedes,1,1,25.0,1,1.0,1,0
1055,2021,4,2021-05-09,Spanish Grand Prix,catalunya,830,max_verstappen,Verstappen,9,Red Bull,2,2,19.0,1,2.0,0,0
1055,2021,4,2021-05-09,Spanish Grand Prix,catalunya,822,bottas,Bottas,131,Mercedes,3,3,15.0,1,3.0,0,0
1055,2021,4,2021-05-09,Spanish Grand Prix,catalunya,844,leclerc,Leclerc,6,Ferrari,4,4,12.0,1,4.0,0,0
1055,2021,4,2021-05-09,Spanish Grand Prix,catalunya,815,perez,Pérez,9,Red Bull,8,5,10.0,1,8.0,0,0
1055,2021,4,2021-05-09,Spanish Grand Prix,catalunya,817,ricciardo,Ricciardo,1,McLaren,7,6,8.0,1,7.0,0,0
1055,2021,4,2021-05-09,Spanish Grand Prix,catalunya,832,sainz,Sainz,6,Ferrari,6,7,6.0,1,6.0,0,0
1055,2021,4,2021-05-09,Spanish Grand Prix,catalunya,846,norris,Norris,1,McLaren,9,8,4.0,11,9.0,0,0
1055,2021,4,2021-05-09,Spanish Grand Prix,catalunya,839,ocon,Ocon,214,Alpine F1 Team,5,9,2.0,11,5.0,0,0
1055,2021,4,2021-05-09,Spanish Grand Prix,catalunya,842,gasly,Gasly,213,AlphaTauri,12,10,1.0,11,12.0,0,0
1055,2021,4,2021-05-09,Spanish Grand Prix,catalunya,840,stroll,Stroll,117,Aston Martin,11,11,0.0,11,11.0,0,0
1055,2021,4,2021-05-09,Spanish Grand Prix,catalunya,8,raikkonen,Räikkönen,51,Alfa Romeo,17,12,0.0,11,17.0,0,0
1055,2021,4,2021-05-09,Spanish Grand Prix,catalunya,20,vettel,Vettel,117,Aston Martin,13,13,0.0,11,13.0,0,0
1055,2021,4,2021-05-09,Spanish Grand Prix,catalunya,847,russell,Russell,3,Williams,15,14,0.0,11,15.0,0,0
1055,2021,4,2021-05-09,Spanish Grand Prix,catalunya,841,giovinazzi,Giovinazzi,51,Alfa Romeo,14,15,0.0,11,14.0,0,0
1055,2021,4,2021-05-09,Spanish Grand Prix,catalunya,849,latifi,Latifi,3,Williams,19,16,0.0,11,19.0,0,1
1055,2021,4,2021-05-09,Spanish Grand Prix,catalunya,4,alonso,Alonso,214,Alpine F1 Team,10,17,0.0,11,10.0,0,1
1055,2021,4,2021-05-09,Spanish Grand Prix,catalunya,854,mick_schumacher,Schumacher,210,Haas F1 Team,18,18,0.0,12,18.0,0,1
1055,2021,4,2021-05-09,Spanish Grand Prix,catalunya,853,mazepin,Mazepin,210,Haas F1 Team,20,19,0.0,12,20.0,0,1
1055,2021,4,2021-05-09,Spanish Grand Prix,catalunya,852,tsunoda,Tsunoda,213,AlphaTauri,16,20,0.0,10,16.0,0,1
1056,2021,5,2021-05-23,Monaco Grand Prix,monaco,832,sainz,Sainz,6,Ferrari,4,2,18.0,1,4.0,0,0
1056,2021,5,2021-05-23,Monaco Grand Prix,monaco,830,max_verstappen,Verstappen,9,Red Bull,2,1,25.0,1,2.0,1,0
1056,2021,5,2021-05-23,Monaco Grand Prix,monaco,846,norris,Norris,1,McLaren,5,3,15.0,1,5.0,0,0
1056,2021,5,2021-05-23,Monaco Grand Prix,monaco,815,perez,Pérez,9,Red Bull,9,4,12.0,1,9.0,0,0
1056,2021,5,2021-05-23,Monaco Grand Prix,monaco,20,vettel,Vettel,117,Aston Martin,8,5,10.0,1,8.0,0,0
1056,2021,5,2021-05-23,Monaco Grand Prix,monaco,842,gasly,Gasly,213,AlphaTauri,6,6,8.0,1,6.0,0,0
1056,2021,5,2021-05-23,Monaco Grand Prix,monaco,1,hamilton,Hamilton,131,Mercedes,7,7,7.0,1,7.0,0,0
1056,2021,5,2021-05-23,Monaco Grand Prix,monaco,840,stroll,Stroll,117,Aston Martin,13,8,4.0,11,13.0,0,0
1056,2021,5,2021-05-23,Monaco Grand Prix,monaco,839,ocon,Ocon,214,Alpine F1 Team,11,9,2.0,11,11.0,0,0
1056,2021,5,2021-05-23,Monaco Grand Prix,monaco,841,giovinazzi,Giovinazzi,51,Alfa Romeo,10,10,1.0,11,10.0,0,0
1056,2021,5,2021-05-23,Monaco Grand Prix,monaco,8,raikkonen,Räikkönen,51,Alfa Romeo,14,11,0.0,11,14.0,0,0
1056,2021,5,2021-05-23,Monaco Grand Prix,monaco,817,ricciardo,Ricciardo,1,McLaren,12,12,0.0,11,12.0,0,0
1056,2021,5,2021-05-23,Monaco Grand Prix,monaco,4,alonso,Alonso,214,Alpine F1 Team,17,13,0.0,11,17.0,0,0
1056,2021,5,2021-05-23,Monaco Grand Prix,monaco,847,russell,Russell,3,Williams,15,14,0.0,11,15.0,0,0
1056,2021,5,2021-05-23,Monaco Grand Prix,monaco,849,latifi,Latifi,3,Williams,18,15,0.0,11,18.0,0,0
1056,2021,5,2021-05-23,Monaco Grand Prix,monaco,852,tsunoda,Tsunoda,213,AlphaTauri,16,16,0.0,11,16.0,0,1
1056,2021,5,2021-05-23,Monaco Grand Prix,monaco,853,mazepin,Mazepin,210,Haas F1 Team,19,17,0.0,13,19.0,0,1
1056,2021,5,2021-05-23,Monaco Grand Prix,monaco,822,bottas,Bottas,131,Mercedes,3,19,0.0,61,3.0,0,1
1056,2021,5,2021-05-23,Monaco Grand Prix,monaco,844,leclerc,Leclerc,6,Ferrari,1,20,0.0,30,1.0,0,1
1057,2021,6,2021-06-06,Azerbaijan Grand Prix,baku,815,perez,Pérez,9,Red Bull,6,1,25.0,1,7.0,1,0
1057,2021,6,2021-06-06,Azerbaijan Grand Prix,baku,20,vettel,Vettel,117,Aston Martin,11,2,18.0,1,11.0,0,0
1057,2021,6,2021-06-06,Azerbaijan Grand Prix,baku,842,gasly,Gasly,213,AlphaTauri,4,3,15.0,1,4.0,0,0
1057,2021,6,2021-06-06,Azerbaijan Grand Prix,baku,844,leclerc,Leclerc,6,Ferrari,1,4,12.0,1,1.0,0,0
1057,2021,6,2021-06-06,Azerbaijan Grand Prix,baku,846,norris,Norris,1,McLaren,9,5,10.0,1,6.0,0,0
1057,2021,6,2021-06-06,Azerbaijan Grand Prix,baku,4,alonso,Alonso,214,Alpine F1 Team,8,6,8.0,1,9.0,0,0
1057,2021,6,2021-06-06,Azerbaijan Grand Prix,baku,852,tsunoda,Tsunoda,213,AlphaTauri,7,7,6.0,1,8.0,0,0
1057,2021,6,2021-06-06,Azerbaijan Grand Prix,baku,832,sainz,Sainz,6,Ferrari,5,8,4.0,1,5.0,0,0
1057,2021,6,2021-06-06,Azerbaijan Grand Prix,baku,817,ricciardo,Ricciardo,1,McLaren,13,9,2.0,1,13.0,0,0
1057,2021,6,2021-06-06,Azerbaijan Grand Prix,baku,8,raikkonen,Räikkönen,51,Alfa Romeo,14,10,1.0,1,14.0,0,0
1057,2021,6,2021-06-06,Azerbaijan Grand Prix,baku,841,giovinazzi,Giovinazzi,51,Alfa Romeo,20,11,0.0,1,20.0,0,0
1057,2021,6,2021-06-06,Azerbaijan Grand Prix,baku,822,bottas,Bottas,131,Mercedes,10,12,0.0,1,10.0,0,0
1057,2021,6,2021-06-06,Azerbaijan Grand Prix,baku,854,mick_schumacher,Schumacher,210,Haas F1 Team,17,13,0.0,1,17.0,0,0
1057,2021,6,2021-06-06,Azerbaijan Grand Prix,baku,853,mazepin,Mazepin,210,Haas F1 Team,18,14,0.0,1,18.0,0,0
1057,2021,6,2021-06-06,Azerbaijan Grand Prix,baku,1,hamilton,Hamilton,131,Mercedes,2,15,0.0,1,2.0,0,0
1057,2021,6,2021-06-06,Azerbaijan Grand Prix,baku,849,latifi,Latifi,3,Williams,16,16,0.0,1,16.0,0,1
1057,2021,6,2021-06-06,Azerbaijan Grand Prix,baku,847,russell,Russell,3,Williams,15,17,0.0,6,15.0,0,1
1057,2021,6,2021-06-06,Azerbaijan Grand Prix,baku,830,max_verstappen,Verstappen,9,Red Bull,3,18,0.0,3,3.0,0,1
1057,2021,6,2021-06-06,Azerbaijan Grand Prix,baku,840,stroll,Stroll,117,Aston Martin,19,19,0.0,3,19.0,0,1
1057,2021,6,2021-06-06,Azerbaijan Grand Prix,baku,839,ocon,Ocon,214,Alpine F1 Team,12,20,0.0,101,12.0,0,1
1059,2021,7,2021-06-20,French Grand Prix,ricard,830,max_verstappen,Verstappen,9,Red Bull,1,1,26.0,1,1.0,1,0
1059,2021,7,2021-06-20,French Grand Prix,ricard,1,hamilton,Hamilton,131,Mercedes,2,2,18.0,1,2.0,0,0
1059,2021,7,2021-06-20,French Grand Prix,ricard,815,perez,Pérez,9,Red Bull,4,3,15.0,1,4.0,0,0
1059,2021,7,2021-06-20,French Grand Prix,ricard,822,bottas,Bottas,131,Mercedes,3,4,12.0,1,3.0,0,0
1059,2021,7,2021-06-20,French Grand Prix,ricard,846,norris,Norris,1,McLaren,8,5,10.0,1,8.0,0,0
1059,2021,7,2021-06-20,French Grand Prix,ricard,817,ricciardo,Ricciardo,1,McLaren,10,6,8.0,1,10.0,0,0
1059,2021,7,2021-06-20,French Grand Prix,ricard,842,gasly,Gasly,213,AlphaTauri,6,7,6.0,1,6.0,0,0
1059,2021,7,2021-06-20,French Grand Prix,ricard,4,alonso,Alonso,214,Alpine F1 Team,9,8,4.0,1,9.0,0,0
1059,2021,7,2021-06-20,French Grand Prix,ricard,20,vettel,Vettel,117,Aston Martin,12,9,2.0,1,12.0,0,0
1059,2021,7,2021-06-20,French Grand Prix,ricard,840,stroll,Stroll,117,Aston Martin,19,10,1.0,1,19.0,0,0
1059,2021,7,2021-06-20,French Grand Prix,ricard,832,sainz,Sainz,6,Ferrari,5,11,0.0,1,5.0,0,0
1059,2021,7,2021-06-20,French Grand Prix,ricard,847,russell,Russell,3,Williams,14,12,0.0,11,14.0,0,0
1059,2021,7,2021-06-20,French Grand Prix,ricard,852,tsunoda,Tsunoda,213,AlphaTauri,0,13,0.0,11,20.0,0,0
1059,2021,7,2021-06-20,French Grand Prix,ricard,839,ocon,Ocon,214,Alpine F1 Team,11,14,0.0,11,11.0,0,0
1059,2021,7,2021-06-20,French Grand Prix,ricard,841,giovinazzi,Giovinazzi,51,Alfa Romeo,13,15,0.0,11,13.0,0,0
1059,2021,7,2021-06-20,French Grand Prix,ricard,844,leclerc,Leclerc,6,Ferrari,7,16,0.0,11,7.0,0,1
1059,2021,7,2021-06-20,French Grand Prix,ricard,8,raikkonen,Räikkönen,51,Alfa Romeo,17,17,0.0,11,17.0,0,1
1059,2021,7,2021-06-20,French Grand Prix,ricard,849,latifi,Latifi,3,Williams,16,18,0.0,11,16.0,0,1
1059,2021,7,2021-06-20,French Grand Prix,ricard,854,mick_schumacher,Schumacher,210,Haas F1 Team,15,19,0.0,11,15.0,0,1
1059,2021,7,2021-06-20,French Grand Prix,ricard,853,mazepin,Mazepin,210,Haas F1 Team,18,20,0.0,11,18.0,0,1
1058,2021,8,2021-06-27,Styrian Grand Prix,red_bull_ring,830,max_verstappen,Verstappen,9,Red Bull,1,1,25.0,1,1.0,1,0
1058,2021,8,2021-06-27,Styrian Grand Prix,red_bull_ring,1,hamilton,Hamilton,131,Mercedes,2,2,19.0,1,3.0,0,0
1058,2021,8,2021-06-27,Styrian Grand Prix,red_bull_ring,822,bottas,Bottas,131,Mercedes,5,3,15.0,1,2.0,0,0
1058,2021,8,2021-06-27,Styrian Grand Prix,red_bull_ring,815,perez,Pérez,9,Red Bull,4,4,12.0,1,5.0,0,0
1058,2021,8,2021-06-27,Styrian Grand Prix,red_bull_ring,846,norris,Norris,1,McLaren,3,5,10.0,11,4.0,0,0
1058,2021,8,2021-06-27,Styrian Grand Prix,red_bull_ring,832,sainz,Sainz,6,Ferrari,12,6,8.0,11,12.0,0,0
1058,2021,8,2021-06-27,Styrian Grand Prix,red_bull_ring,844,leclerc,Leclerc,6,Ferrari,7,7,6.0,11,7.0,0,0
1058,2021,8,2021-06-27,Styrian Grand Prix,red_bull_ring,840,stroll,Stroll,117,Aston Martin,9,8,4.0,11,10.0,0,0
1058,2021,8,2021-06-27,Styrian Grand Prix,red_bull_ring,4,alonso,Alonso,214,Alpine F1 Team,8,9,2.0,11,9.0,0,0
1058,2021,8,2021-06-27,Styrian Grand Prix,red_bull_ring,852,tsunoda,Tsunoda,213,AlphaTauri,11,10,1.0,11,8.0,0,0
1058,2021,8,2021-06-27,Styrian Grand Prix,red_bull_ring,8,raikkonen,Räikkönen,51,Alfa Romeo,18,11,0.0,11,18.0,0,0
1058,2021,8,2021-06-27,Styrian Grand Prix,red_bull_ring,20,vettel,Vettel,117,Aston Martin,14,12,0.0,11,14.0,0,0
1058,2021,8,2021-06-27,Styrian Grand Prix,red_bull_ring,817,ricciardo,Ricciardo,1,McLaren,13,13,0.0,11,13.0,0,0
1058,2021,8,2021-06-27,Styrian Grand Prix,red_bull_ring,839,ocon,Ocon,214,Alpine F1 Team,17,14,0.0,11,17.0,0,0
1058,2021,8,2021-06-27,Styrian Grand Prix,red_bull_ring,841,giovinazzi,Giovinazzi,51,Alfa Romeo,15,15,0.0,11,15.0,0,0
1058,2021,8,2021-06-27,Styrian Grand Prix,red_bull_ring,854,mick_schumacher,Schumacher,210,Haas F1 Team,19,16,0.0,12,19.0,0,1
1058,2021,8,2021-06-27,Styrian Grand Prix,red_bull_ring,849,latifi,Latifi,3,Williams,16,17,0.0,13,16.0,0,1
1058,2021,8,2021-06-27,Styrian Grand Prix,red_bull_ring,853,mazepin,Mazepin,210,Haas F1 Team,20,18,0.0,13,20.0,0,1
1058,2021,8,2021-06-27,Styrian Grand Prix,red_bull_ring,847,russell,Russell,3,Williams,10,19,0.0,5,11.0,0,1
1058,2021,8,2021-06-27,Styrian Grand Prix,red_bull_ring,842,gasly,Gasly,213,AlphaTauri,6,20,0.0,4,6.0,0,1
1060,2021,9,2021-07-04,Austrian Grand Prix,red_bull_ring,830,max_verstappen,Verstappen,9,Red Bull,1,1,26.0,1,1.0,1,0
1060,2021,9,2021-07-04,Austrian Grand Prix,red_bull_ring,822,bottas,Bottas,131,Mercedes,5,2,18.0,1,5.0,0,0
1060,2021,9,2021-07-04,Austrian Grand Prix,red_bull_ring,846,norris,Norris,1,McLaren,2,3,15.0,1,2.0,0,0
1060,2021,9,2021-07-04,Austrian Grand Prix,red_bull_ring,1,hamilton,Hamilton,131,Mercedes,4,4,12.0,1,4.0,0,0
1060,2021,9,2021-07-04,Austrian Grand Prix,red_bull_ring,832,sainz,Sainz,6,Ferrari,10,5,10.0,1,11.0,0,0
1060,2021,9,2021-07-04,Austrian Grand Prix,red_bull_ring,815,perez,Pérez,9,Red Bull,3,6,8.0,1,3.0,0,0
1060,2021,9,2021-07-04,Austrian Grand Prix,red_bull_ring,817,ricciardo,Ricciardo,1,McLaren,13,7,6.0,1,13.0,0,0
1060,2021,9,2021-07-04,Austrian Grand Prix,red_bull_ring,844,leclerc,Leclerc,6,Ferrari,12,8,4.0,1,12.0,0,0
1060,2021,9,2021-07-04,Austrian Grand Prix,red_bull_ring,842,gasly,Gasly,213,AlphaTauri,6,9,2.0,1,6.0,0,0
1060,2021,9,2021-07-04,Austrian Grand Prix,red_bull_ring,4,alonso,Alonso,214,Alpine F1 Team,14,10,1.0,11,14.0,0,0
1060,2021,9,2021-07-04,Austrian Grand Prix,red_bull_ring,847,russell,Russell,3,Williams,8,11,0.0,11,9.0,0,0
1060,2021,9,2021-07-04,Austrian Grand Prix,red_bull_ring,852,tsunoda,Tsunoda,213,AlphaTauri,7,12,0.0,11,7.0,0,0
1060,2021,9,2021-07-04,Austrian Grand Prix,red_bull_ring,840,stroll,Stroll,117,Aston Martin,9,13,0.0,11,10.0,0,0
1060,2021,9,2021-07-04,Austrian Grand Prix,red_bull_ring,841,giovinazzi,Giovinazzi,51,Alfa Romeo,15,14,0.0,11,15.0,0,0
1060,2021,9,2021-07-04,Austrian Grand Prix,red_bull_ring,8,raikkonen,Räikkönen,51,Alfa Romeo,16,15,0.0,11,16.0,0,0
1060,2021,9,2021-07-04,Austrian Grand Prix,red_bull_ring,849,latifi,Latifi,3,Williams,18,16,0.0,11,18.0,0,1
1060,2021,9,2021-07-04,Austrian Grand Prix,red_bull_ring,20,vettel,Vettel,117,Aston Martin,11,17,0.0,4,8.0,0,1
1060,2021,9,2021-07-04,Austrian Grand Prix,red_bull_ring,854,mick_schumacher,Schumacher,210,Haas F1 Team,19,18,0.0,12,19.0,0,1
1060,2021,9,2021-07-04,Austrian Grand Prix,red_bull_ring,853,mazepin,Mazepin,210,Haas F1 Team,20,19,0.0,12,20.0,0,1
1060,2021,9,2021-07-04,Austrian Grand Prix,red_bull_ring,839,ocon,Ocon,214,Alpine F1 Team,17,20,0.0,4,17.0,0,1
1061,2021,10,2021-07-18,British Grand Prix,silverstone,1,hamilton,Hamilton,131,Mercedes,2,1,25.0,1,1.0,1,0
1061,2021,10,2021-07-18,British Grand Prix,silverstone,844,leclerc,Leclerc,6,Ferrari,4,2,18.0,1,4.0,0,0
1061,2021,10,2021-07-18,British Grand Prix,silverstone,822,bottas,Bottas,131,Mercedes,3,3,15.0,1,3.0,0,0
1061,2021,10,2021-07-18,British Grand Prix,silverstone,846,norris,Norris,1,McLaren,5,4,12.0,1,6.0,0,0
1061,2021,10,2021-07-18,British Grand Prix,silverstone,817,ricciardo,Ricciardo,1,McLaren,6,5,10.0,1,7.0,0,0
1061,2021,10,2021-07-18,British Grand Prix,silverstone,832,sainz,Sainz,6,Ferrari,10,6,8.0,1,9.0,0,0
1061,2021,10,2021-07-18,British Grand Prix,silverstone,4,alonso,Alonso,214,Alpine F1 Team,7,7,6.0,1,11.0,0,0
1061,2021,10,2021-07-18,British Grand Prix,silverstone,840,stroll,Stroll,117,Aston Martin,14,8,4.0,1,15.0,0,0
1061,2021,10,2021-07-18,British Grand Prix,silverstone,839,ocon,Ocon,214,Alpine F1 Team,9,9,2.0,1,13.0,0,0
1061,2021,10,2021-07-18,British Grand Prix,silverstone,852,tsunoda,Tsunoda,213,AlphaTauri,16,10,1.0,1,16.0,0,0
1061,2021,10,2021-07-18,British Grand Prix,silverstone,842,gasly,Gasly,213,AlphaTauri,11,11,0.0,1,12.0,0,0
1061,2021,10,2021-07-18,British Grand Prix,silverstone,847,russell,Russell,3,Williams,12,12,0.0,11,8.0,0,0
1061,2021,10,2021-07-18,British Grand Prix,silverstone,841,giovinazzi,Giovinazzi,51,Alfa Romeo,15,13,0.0,11,14.0,0,0
1061,2021,10,2021-07-18,British Grand Prix,silverstone,849,latifi,Latifi,3,Williams,17,14,0.0,11,18.0,0,0
1061,2021,10,2021-07-18,British Grand Prix,silverstone,8,raikkonen,Räikkönen,51,Alfa Romeo,13,15,0.0,11,17.0,0,0
1061,2021,10,2021-07-18,British Grand Prix,silverstone,815,perez,Pérez,9,Red Bull,0,16,0.0,11,5.0,0,1
1061,2021,10,2021-07-18,British Grand Prix,silverstone,853,mazepin,Mazepin,210,Haas F1 Team,19,17,0.0,11,20.0,0,1
1061,2021,10,2021-07-18,British Grand Prix,silverstone,854,mick_schumacher,Schumacher,210,Haas F1 Team,18,18,0.0,11,19.0,0,1
1061,2021,10,2021-07-18,British Grand Prix,silverstone,20,vettel,Vettel,117,Aston Martin,8,19,0.0,31,10.0,0,1
1061,2021,10,2021-07-18,British Grand Prix,silverstone,830,max_verstappen,Verstappen,9,Red Bull,1,20,0.0,4,2.0,0,1
1062,2021,11,2021-08-01,Hungarian Grand Prix,hungaroring,839,ocon,Ocon,214,Alpine F1 Team,8,1,25.0,1,8.0,1,0
1062,2021,11,2021-08-01,Hungarian Grand Prix,hungaroring,1,hamilton,Hamilton,131,Mercedes,1,2,18.0,1,1.0,0,0
1062,2021,11,2021-08-01,Hungarian Grand Prix,hungaroring,832,sainz,Sainz,6,Ferrari,15,3,15.0,1,15.0,0,0
1062,2021,11,2021-08-01,Hungarian Grand Prix,hungaroring,4,alonso,Alonso,214,Alpine F1 Team,9,4,12.0,1,9.0,0,0
1062,2021,11,2021-08-01,Hungarian Grand Prix,hungaroring,842,gasly,Gasly,213,AlphaTauri,5,5,11.0,1,5.0,0,0
1062,2021,11,2021-08-01,Hungarian Grand Prix,hungaroring,852,tsunoda,Tsunoda,213,AlphaTauri,16,6,8.0,1,16.0,0,0
1062,2021,11,2021-08-01,Hungarian Grand Prix,hungaroring,849,latifi,Latifi,3,Williams,18,7,6.0,1,18.0,0,0
1062,2021,11,2021-08-01,Hungarian Grand Prix,hungaroring,847,russell,Russell,3,Williams,17,8,4.0,1,17.0,0,0
1062,2021,11,2021-08-01,Hungarian Grand Prix,hungaroring,830,max_verstappen,Verstappen,9,Red Bull,3,9,2.0,1,3.0,0,0
1062,2021,11,2021-08-01,Hungarian Grand Prix,hungaroring,8,raikkonen,Räikkönen,51,Alfa Romeo,13,10,1.0,11,13.0,0,0
1062,2021,11,2021-08-01,Hungarian Grand Prix,hungaroring,817,ricciardo,Ricciardo,1,McLaren,11,11,0.0,11,11.0,0,0
1062,2021,11,2021-08-01,Hungarian Grand Prix,hungaroring,854,mick_schumacher,Schumacher,210,Haas F1 Team,20,12,0.0,11,20.0,0,0
1062,2021,11,2021-08-01,Hungarian Grand Prix,hungaroring,841,giovinazzi,Giovinazzi,51,Alfa Romeo,0,13,0.0,11,14.0,0,0
1062,2021,11,2021-08-01,Hungarian Grand Prix,hungaroring,853,mazepin,Mazepin,210,Haas F1 Team,19,14,0.0,4,19.0,0,0
1062,2021,11,2021-08-01,Hungarian Grand Prix,hungaroring,846,norris,Norris,1,McLaren,6,15,0.0,4,6.0,0,0
1062,2021,11,2021-08-01,Hungarian Grand Prix,hungaroring,822,bottas,Bottas,131,Mercedes,2,16,0.0,4,2.0,0,1
1062,2021,11,2021-08-01,Hungarian Grand Prix,hungaroring,815,perez,Pérez,9,Red Bull,4,17,0.0,4,4.0,0,1
1062,2021,11,2021-08-01,Hungarian Grand Prix,hungaroring,844,leclerc,Leclerc,6,Ferrari,7,18,0.0,4,7.0,0,1
1062,2021,11,2021-08-01,Hungarian Grand Prix,hungaroring,840,stroll,Stroll,117,Aston Martin,12,19,0.0,4,12.0,0,1
1062,2021,11,2021-08-01,Hungarian Grand Prix,hungaroring,20,vettel,Vettel,117,Aston Martin,10,20,0.0,2,10.0,0,1
1063,2021,12,2021-08-29,Belgian Grand Prix,spa,830,max_verstappen,Verstappen,9,Red Bull,1,1,12.5,1,1.0,1,0
1063,2021,12,2021-08-29,Belgian Grand Prix,spa,847,russell,Russell,3,Williams,2,2,9.0,1,2.0,0,0
1063,2021,12,2021-08-29,Belgian Grand Prix,spa,1,hamilton,Hamilton,131,Mercedes,3,3,7.5,1,3.0,0,0
1063,2021,12,2021-08-29,Belgian Grand Prix,spa,817,ricciardo,Ricciardo,1,McLaren,4,4,6.0,1,4.0,0,0
1063,2021,12,2021-08-29,Belgian Grand Prix,spa,20,vettel,Vettel,117,Aston Martin,5,5,5.0,1,5.0,0,0
1063,2021,12,2021-08-29,Belgian Grand Prix,spa,842,gasly,Gasly,213,AlphaTauri,6,6,4.0,1,6.0,0,0
1063,2021,12,2021-08-29,Belgian Grand Prix,spa,839,ocon,Ocon,214,Alpine F1 Team,8,7,3.0,1,9.0,0,0
1063,2021,12,2021-08-29,Belgian Grand Prix,spa,844,leclerc,Leclerc,6,Ferrari,9,8,2.0,1,11.0,0,0
1063,2021,12,2021-08-29,Belgian Grand Prix,spa,849,latifi,Latifi,3,Williams,10,9,1.0,1,12.0,0,0
1063,2021,12,2021-08-29,Belgian Grand Prix,spa,832,sainz,Sainz,6,Ferrari,11,10,0.5,1,13.0,0,0
1063,2021,12,2021-08-29,Belgian Grand Prix,spa,4,alonso,Alonso,214,Alpine F1 Team,12,11,0.0,1,14.0,0,0
1063,2021,12,2021-08-29,Belgian Grand Prix,spa,822,bottas,Bottas,131,Mercedes,13,12,0.0,1,8.0,0,0
1063,2021,12,2021-08-29,Belgian Grand Prix,spa,841,giovinazzi,Giovinazzi,51,Alfa Romeo,14,13,0.0,1,16.0,0,0
1063,2021,12,2021-08-29,Belgian Grand Prix,spa,846,norris,Norris,1,McLaren,15,14,0.0,1,10.0,0,0
1063,2021,12,2021-08-29,Belgian Grand Prix,spa,852,tsunoda,Tsunoda,213,AlphaTauri,16,15,0.0,1,17.0,0,0
1063,2021,12,2021-08-29,Belgian Grand Prix,spa,854,mick_schumacher,Schumacher,210,Haas F1 Team,17,16,0.0,1,18.0,0,1
1063,2021,12,2021-08-29,Belgian Grand Prix,spa,853,mazepin,Mazepin,210,Haas F1 Team,18,17,0.0,1,20.0,0,1
1063,2021,12,2021-08-29,Belgian Grand Prix,spa,8,raikkonen,Räikkönen,51,Alfa Romeo,0,18,0.0,1,19.0,0,1
1063,2021,12,2021-08-29,Belgian Grand Prix,spa,815,perez,Pérez,9,Red Bull,0,19,0.0,1,7.0,0,1
1063,2021,12,2021-08-29,Belgian Grand Prix,spa,840,stroll,Stroll,117,Aston Martin,19,20,0.0,1,15.0,0,1
1064,2021,13,2021-09-05,Dutch Grand Prix,zandvoort,830,max_verstappen,Verstappen,9,Red Bull,1,1,25.0,1,1.0,1,0
1064,2021,13,2021-09-05,Dutch Grand Prix,zandvoort,1,hamilton,Hamilton,131,Mercedes,2,2,19.0,1,2.0,0,0
1064,2021,13,2021-09-05,Dutch Grand Prix,zandvoort,822,bottas,Bottas,131,Mercedes,3,3,15.0,1,3.0,0,0
1064,2021,13,2021-09-05,Dutch Grand Prix,zandvoort,842,gasly,Gasly,213,AlphaTauri,4,4,12.0,11,4.0,0,0
1064,2021,13,2021-09-05,Dutch Grand Prix,zandvoort,844,leclerc,Leclerc,6,Ferrari,5,5,10.0,11,5.0,0,0
1064,2021,13,2021-09-05,Dutch Grand Prix,zandvoort,4,alonso,Alonso,214,Alpine F1 Team,9,6,8.0,11,9.0,0,0
1064,2021,13,2021-09-05,Dutch Grand Prix,zandvoort,832,sainz,Sainz,6,Ferrari,6,7,6.0,11,6.0,0,0
1064,2021,13,2021-09-05,Dutch Grand Prix,zandvoort,815,perez,Pérez,9,Red Bull,0,8,4.0,11,16.0,0,0
1064,2021,13,2021-09-05,Dutch Grand Prix,zandvoort,839,ocon,Ocon,214,Alpine F1 Team,8,9,2.0,11,8.0,0,0
1064,2021,13,2021-09-05,Dutch Grand Prix,zandvoort,846,norris,Norris,1,McLaren,13,10,1.0,11,13.0,0,0
1064,2021,13,2021-09-05,Dutch Grand Prix,zandvoort,817,ricciardo,Ricciardo,1,McLaren,10,11,0.0,11,10.0,0,0
1064,2021,13,2021-09-05,Dutch Grand Prix,zandvoort,840,stroll,Stroll,117,Aston Martin,12,12,0.0,12,12.0,0,0
1064,2021,13,2021-09-05,Dutch Grand Prix,zandvoort,20,vettel,Vettel,117,Aston Martin,15,13,0.0,12,17.0,0,0
1064,2021,13,2021-09-05,Dutch Grand Prix,zandvoort,841,giovinazzi,Giovinazzi,51,Alfa Romeo,7,14,0.0,12,7.0,0,0
1064,2021,13,2021-09-05,Dutch Grand Prix,zandvoort,9,kubica,Kubica,51,Alfa Romeo,16,15,0.0,12,18.0,0,0
1064,2021,13,2021-09-05,Dutch Grand Prix,zandvoort,849,latifi,Latifi,3,Williams,0,16,0.0,12,14.0,0,1
1064,2021,13,2021-09-05,Dutch Grand Prix,zandvoort,847,russell,Russell,3,Williams,11,17,0.0,6,11.0,0,1
1064,2021,13,2021-09-05,Dutch Grand Prix,zandvoort,854,mick_schumacher,Schumacher,210,Haas F1 Team,17,18,0.0,13,19.0,0,1
1064,2021,13,2021-09-05,Dutch Grand Prix,zandvoort,852,tsunoda,Tsunoda,213,AlphaTauri,14,19,0.0,131,15.0,0,1
1064,2021,13,2021-09-05,Dutch Grand Prix,zandvoort,853,mazepin,Mazepin,210,Haas F1 Team,18,20,0.0,9,20.0,0,1
1065,2021,14,2021-09-12,Italian Grand Prix,monza,817,ricciardo,Ricciardo,1,McLaren,2,1,26.0,1,5.0,1,0
1065,2021,14,2021-09-12,Italian Grand Prix,monza,846,norris,Norris,1,McLaren,3,2,18.0,1,4.0,0,0
1065,2021,14,2021-09-12,Italian Grand Prix,monza,822,bottas,Bottas,131,Mercedes,19,3,15.0,1,1.0,0,0
1065,2021,14,2021-09-12,Italian Grand Prix,monza,844,leclerc,Leclerc,6,Ferrari,5,4,12.0,1,8.0,0,0
1065,2021,14,2021-09-12,Italian Grand Prix,monza,815,perez,Pérez,9,Red Bull,8,5,10.0,1,9.0,0,0
1065,2021,14,2021-09-12,Italian Grand Prix,monza,832,sainz,Sainz,6,Ferrari,6,6,8.0,1,7.0,0,0
1065,2021,14,2021-09-12,Italian Grand Prix,monza,840,stroll,Stroll,117,Aston Martin,9,7,6.0,1,12.0,0,0
1065,2021,14,2021-09-12,Italian Grand Prix,monza,4,alonso,Alonso,214,Alpine F1 Team,10,8,4.0,1,13.0,0,0
1065,2021,14,2021-09-12,Italian Grand Prix,monza,847,russell,Russell,3,Williams,14,9,2.0,1,15.0,0,0
1065,2021,14,2021-09-12,Italian Grand Prix,monza,839,ocon,Ocon,214,Alpine F1 Team,12,10,1.0,1,14.0,0,0
1065,2021,14,2021-09-12,Italian Grand Prix,monza,849,latifi,Latifi,3,Williams,13,11,0.0,1,16.0,0,0
1065,2021,14,2021-09-12,Italian Grand Prix,monza,20,vettel,Vettel,117,Aston Martin,11,12,0.0,1,11.0,0,0
1065,2021,14,2021-09-12,Italian Grand Prix,monza,841,giovinazzi,Giovinazzi,51,Alfa Romeo,7,13,0.0,1,10.0,0,0
1065,2021,14,2021-09-12,Italian Grand Prix,monza,9,kubica,Kubica,51,Alfa Romeo,17,14,0.0,1,19.0,0,0
1065,2021,14,2021-09-12,Italian Grand Prix,monza,854,mick_schumacher,Schumacher,210,Haas F1 Team,18,15,0.0,1,18.0,0,0
1065,2021,14,2021-09-12,Italian Grand Prix,monza,853,mazepin,Mazepin,210,Haas F1 Team,16,16,0.0,131,20.0,0,1
1065,2021,14,2021-09-12,Italian Grand Prix,monza,1,hamilton,Hamilton,131,Mercedes,4,17,0.0,4,2.0,0,1
1065,2021,14,2021-09-12,Italian Grand Prix,monza,830,max_verstappen,Verstappen,9,Red Bull,1,18,0.0,4,3.0,0,1
1065,2021,14,2021-09-12,Italian Grand Prix,monza,842,gasly,Gasly,213,AlphaTauri,0,19,0.0,22,6.0,0,1
1065,2021,14,2021-09-12,Italian Grand Prix,monza,852,tsunoda,Tsunoda,213,AlphaTauri,0,20,0.0,23,17.0,0,1
1066,2021,15,2021-09-26,Russian Grand Prix,sochi,1,hamilton,Hamilton,131,Mercedes,4,1,25.0,1,4.0,1,0
1066,2021,15,2021-09-26,Russian Grand Prix,sochi,830,max_verstappen,Verstappen,9,Red Bull,20,2,18.0,1,20.0,0,0
1066,2021,15,2021-09-26,Russian Grand Prix,sochi,832,sainz,Sainz,6,Ferrari,2,3,15.0,1,2.0,0,0
1066,2021,15,2021-09-26,Russian Grand Prix,sochi,817,ricciardo,Ricciardo,1,McLaren,5,4,12.0,1,5.0,0,0
1066,2021,15,2021-09-26,Russian Grand Prix,sochi,822,bottas,Bottas,131,Mercedes,16,5,10.0,1,7.0,0,0
1066,2021,15,2021-09-26,Russian Grand Prix,sochi,4,alonso,Alonso,214,Alpine F1 Team,6,6,8.0,1,6.0,0,0
1066,2021,15,2021-09-26,Russian Grand Prix,sochi,846,norris,Norris,1,McLaren,1,7,7.0,1,1.0,0,0
1066,2021,15,2021-09-26,Russian Grand Prix,sochi,8,raikkonen,Räikkönen,51,Alfa Romeo,13,8,4.0,1,16.0,0,0
1066,2021,15,2021-09-26,Russian Grand Prix,sochi,815,perez,Pérez,9,Red Bull,8,9,2.0,1,9.0,0,0
1066,2021,15,2021-09-26,Russian Grand Prix,sochi,847,russell,Russell,3,Williams,3,10,1.0,1,3.0,0,0
1066,2021,15,2021-09-26,Russian Grand Prix,sochi,840,stroll,Stroll,117,Aston Martin,7,11,0.0,1,8.0,0,0
1066,2021,15,2021-09-26,Russian Grand Prix,sochi,20,vettel,Vettel,117,Aston Martin,10,12,0.0,11,11.0,0,0
1066,2021,15,2021-09-26,Russian Grand Prix,sochi,842,gasly,Gasly,213,AlphaTauri,11,13,0.0,11,12.0,0,0
1066,2021,15,2021-09-26,Russian Grand Prix,sochi,839,ocon,Ocon,214,Alpine F1 Team,9,14,0.0,11,10.0,0,0
1066,2021,15,2021-09-26,Russian Grand Prix,sochi,844,leclerc,Leclerc,6,Ferrari,19,15,0.0,11,15.0,0,0
1066,2021,15,2021-09-26,Russian Grand Prix,sochi,841,giovinazzi,Giovinazzi,51,Alfa Romeo,17,16,0.0,11,18.0,0,1
1066,2021,15,2021-09-26,Russian Grand Prix,sochi,852,tsunoda,Tsunoda,213,AlphaTauri,12,17,0.0,11,13.0,0,1
1066,2021,15,2021-09-26,Russian Grand Prix,sochi,853,mazepin,Mazepin,210,Haas F1 Team,15,18,0.0,12,19.0,0,1
1066,2021,15,2021-09-26,Russian Grand Prix,sochi,849,latifi,Latifi,3,Williams,18,19,0.0,3,14.0,0,1
1066,2021,15,2021-09-26,Russian Grand Prix,sochi,854,mick_schumacher,Schumacher,210,Haas F1 Team,14,20,0.0,44,17.0,0,1
1067,2021,16,2021-10-10,Turkish Grand Prix,istanbul,822,bottas,Bottas,131,Mercedes,1,1,26.0,1,2.0,1,0
1067,2021,16,2021-10-10,Turkish Grand Prix,istanbul,830,max_verstappen,Verstappen,9,Red Bull,2,2,18.0,1,3.0,0,0
1067,2021,16,2021-10-10,Turkish Grand Prix,istanbul,815,perez,Pérez,9,Red Bull,6,3,15.0,1,7.0,0,0
1067,2021,16,2021-10-10,Turkish Grand Prix,istanbul,844,leclerc,Leclerc,6,Ferrari,3,4,12.0,1,4.0,0,0
1067,2021,16,2021-10-10,Turkish Grand Prix,istanbul,1,hamilton,Hamilton,131,Mercedes,11,5,10.0,1,1.0,0,0
1067,2021,16,2021-10-10,Turkish Grand Prix,istanbul,842,gasly,Gasly,213,AlphaTauri,4,6,8.0,1,5.0,0,0
1067,2021,16,2021-10-10,Turkish Grand Prix,istanbul,846,norris,Norris,1,McLaren,7,7,6.0,1,8.0,0,0
1067,2021,16,2021-10-10,Turkish Grand Prix,istanbul,832,sainz,Sainz,6,Ferrari,19,8,4.0,1,15.0,0,0
1067,2021,16,2021-10-10,Turkish Grand Prix,istanbul,840,stroll,Stroll,117,Aston Martin,8,9,2.0,1,9.0,0,0
1067,2021,16,2021-10-10,Turkish Grand Prix,istanbul,839,ocon,Ocon,214,Alpine F1 Team,12,10,1.0,11,12.0,0,0
1067,2021,16,2021-10-10,Turkish Grand Prix,istanbul,841,giovinazzi,Giovinazzi,51,Alfa Romeo,16,11,0.0,11,18.0,0,0
1067,2021,16,2021-10-10,Turkish Grand Prix,istanbul,8,raikkonen,Räikkönen,51,Alfa Romeo,17,12,0.0,11,19.0,0,0
1067,2021,16,2021-10-10,Turkish Grand Prix,istanbul,817,ricciardo,Ricciardo,1,McLaren,20,13,0.0,11,16.0,0,0
1067,2021,16,2021-10-10,Turkish Grand Prix,istanbul,852,tsunoda,Tsunoda,213,AlphaTauri,9,14,0.0,11,10.0,0,0
1067,2021,16,2021-10-10,Turkish Grand Prix,istanbul,847,russell,Russell,3,Williams,13,15,0.0,11,13.0,0,0
1067,2021,16,2021-10-10,Turkish Grand Prix,istanbul,4,alonso,Alonso,214,Alpine F1 Team,5,16,0.0,11,6.0,0,1
1067,2021,16,2021-10-10,Turkish Grand Prix,istanbul,849,latifi,Latifi,3,Williams,15,17,0.0,11,17.0,0,1
1067,2021,16,2021-10-10,Turkish Grand Prix,istanbul,20,vettel,Vettel,117,Aston Martin,10,18,0.0,11,11.0,0,1
1067,2021,16,2021-10-10,Turkish Grand Prix,istanbul,854,mick_schumacher,Schumacher,210,Haas F1 Team,14,19,0.0,12,14.0,0,1
1067,2021,16,2021-10-10,Turkish Grand Prix,istanbul,853,mazepin,Mazepin,210,Haas F1 Team,18,20,0.0,12,20.0,0,1
1069,2021,17,2021-10-24,United States Grand Prix,americas,830,max_verstappen,Verstappen,9,Red Bull,1,1,25.0,1,1.0,1,0
1069,2021,17,2021-10-24,United States Grand Prix,americas,1,hamilton,Hamilton,131,Mercedes,2,2,19.0,1,2.0,0,0
1069,2021,17,2021-10-24,United States Grand Prix,americas,815,perez,Pérez,9,Red Bull,3,3,15.0,1,3.0,0,0
1069,2021,17,2021-10-24,United States Grand Prix,americas,844,leclerc,Leclerc,6,Ferrari,4,4,12.0,1,5.0,0,0
1069,2021,17,2021-10-24,United States Grand Prix,americas,817,ricciardo,Ricciardo,1,McLaren,6,5,10.0,1,7.0,0,0
1069,2021,17,2021-10-24,United States Grand Prix,americas,822,bottas,Bottas,131,Mercedes,9,6,8.0,1,4.0,0,0
1069,2021,17,2021-10-24,United States Grand Prix,americas,832,sainz,Sainz,6,Ferrari,5,7,6.0,1,6.0,0,0
1069,2021,17,2021-10-24,United States Grand Prix,americas,846,norris,Norris,1,McLaren,7,8,4.0,1,8.0,0,0
1069,2021,17,2021-10-24,United States Grand Prix,americas,852,tsunoda,Tsunoda,213,AlphaTauri,10,9,2.0,11,10.0,0,0
1069,2021,17,2021-10-24,United States Grand Prix,americas,20,vettel,Vettel,117,Aston Martin,18,10,1.0,11,12.0,0,0
1069,2021,17,2021-10-24,United States Grand Prix,americas,841,giovinazzi,Giovinazzi,51,Alfa Romeo,12,11,0.0,11,13.0,0,0
1069,2021,17,2021-10-24,United States Grand Prix,americas,840,stroll,Stroll,117,Aston Martin,13,12,0.0,11,16.0,0,0
1069,2021,17,2021-10-24,United States Grand Prix,americas,8,raikkonen,Räikkönen,51,Alfa Romeo,15,13,0.0,11,18.0,0,0
1069,2021,17,2021-10-24,United States Grand Prix,americas,847,russell,Russell,3,Williams,20,14,0.0,11,15.0,0,0
1069,2021,17,2021-10-24,United States Grand Prix,americas,849,latifi,Latifi,3,Williams,14,15,0.0,11,17.0,0,0
1069,2021,17,2021-10-24,United States Grand Prix,americas,854,mick_schumacher,Schumacher,210,Haas F1 Team,16,16,0.0,12,19.0,0,1
1069,2021,17,2021-10-24,United States Grand Prix,americas,853,mazepin,Mazepin,210,Haas F1 Team,17,17,0.0,12,20.0,0,1
1069,2021,17,2021-10-24,United States Grand Prix,americas,4,alonso,Alonso,214,Alpine F1 Team,19,18,0.0,65,14.0,0,1
1069,2021,17,2021-10-24,United States Grand Prix,americas,839,ocon,Ocon,214,Alpine F1 Team,11,19,0.0,26,11.0,0,1
1069,2021,17,2021-10-24,United States Grand Prix,americas,842,gasly,Gasly,213,AlphaTauri,8,20,0.0,22,9.0,0,1
1070,2021,18,2021-11-07,Mexico City Grand Prix,rodriguez,830,max_verstappen,Verstappen,9,Red Bull,3,1,25.0,1,3.0,1,0
1070,2021,18,2021-11-07,Mexico City Grand Prix,rodriguez,1,hamilton,Hamilton,131,Mercedes,2,2,18.0,1,2.0,0,0
1070,2021,18,2021-11-07,Mexico City Grand Prix,rodriguez,815,perez,Pérez,9,Red Bull,4,3,15.0,1,4.0,0,0
1070,2021,18,2021-11-07,Mexico City Grand Prix,rodriguez,842,gasly,Gasly,213,AlphaTauri,5,4,12.0,1,5.0,0,0
1070,2021,18,2021-11-07,Mexico City Grand Prix,rodriguez,844,leclerc,Leclerc,6,Ferrari,8,5,10.0,1,8.0,0,0
1070,2021,18,2021-11-07,Mexico City Grand Prix,rodriguez,832,sainz,Sainz,6,Ferrari,6,6,8.0,11,6.0,0,0
1070,2021,18,2021-11-07,Mexico City Grand Prix,rodriguez,20,vettel,Vettel,117,Aston Martin,9,7,6.0,11,11.0,0,0
1070,2021,18,2021-11-07,Mexico City Grand Prix,rodriguez,8,raikkonen,Räikkönen,51,Alfa Romeo,10,8,4.0,11,12.0,0,0
1070,2021,18,2021-11-07,Mexico City Grand Prix,rodriguez,4,alonso,Alonso,214,Alpine F1 Team,12,9,2.0,11,16.0,0,0
1070,2021,18,2021-11-07,Mexico City Grand Prix,rodriguez,846,norris,Norris,1,McLaren,18,10,1.0,11,10.0,0,0
1070,2021,18,2021-11-07,Mexico City Grand Prix,rodriguez,841,giovinazzi,Giovinazzi,51,Alfa Romeo,11,11,0.0,11,14.0,0,0
1070,2021,18,2021-11-07,Mexico City Grand Prix,rodriguez,817,ricciardo,Ricciardo,1,McLaren,7,12,0.0,11,7.0,0,0
1070,2021,18,2021-11-07,Mexico City Grand Prix,rodriguez,839,ocon,Ocon,214,Alpine F1 Team,19,13,0.0,11,15.0,0,0
1070,2021,18,2021-11-07,Mexico City Grand Prix,rodriguez,840,stroll,Stroll,117,Aston Martin,20,14,0.0,12,20.0,0,0
1070,2021,18,2021-11-07,Mexico City Grand Prix,rodriguez,822,bottas,Bottas,131,Mercedes,1,15,0.0,12,1.0,0,0
1070,2021,18,2021-11-07,Mexico City Grand Prix,rodriguez,847,russell,Russell,3,Williams,16,16,0.0,12,13.0,0,1
1070,2021,18,2021-11-07,Mexico City Grand Prix,rodriguez,849,latifi,Latifi,3,Williams,13,17,0.0,12,17.0,0,1
1070,2021,18,2021-11-07,Mexico City Grand Prix,rodriguez,853,mazepin,Mazepin,210,Haas F1 Team,15,18,0.0,13,19.0,0,1
1070,2021,18,2021-11-07,Mexico City Grand Prix,rodriguez,854,mick_schumacher,Schumacher,210,Haas F1 Team,14,19,0.0,4,18.0,0,1
1070,2021,18,2021-11-07,Mexico City Grand Prix,rodriguez,852,tsunoda,Tsunoda,213,AlphaTauri,17,20,0.0,4,9.0,0,1
1071,2021,19,2021-11-14,São Paulo Grand Prix,interlagos,1,hamilton,Hamilton,131,Mercedes,10,1,25.0,1,1.0,1,0
1071,2021,19,2021-11-14,São Paulo Grand Prix,interlagos,830,max_verstappen,Verstappen,9,Red Bull,2,2,18.0,1,2.0,0,0
1071,2021,19,2021-11-14,São Paulo Grand Prix,interlagos,822,bottas,Bottas,131,Mercedes,1,3,15.0,1,3.0,0,0
1071,2021,19,2021-11-14,São Paulo Grand Prix,interlagos,815,perez,Pérez,9,Red Bull,4,4,13.0,1,4.0,0,0
1071,2021,19,2021-11-14,São Paulo Grand Prix,interlagos,844,leclerc,Leclerc,6,Ferrari,6,5,10.0,1,7.0,0,0
1071,2021,19,2021-11-14,São Paulo Grand Prix,interlagos,832,sainz,Sainz,6,Ferrari,3,6,8.0,1,6.0,0,0
1071,2021,19,2021-11-14,São Paulo Grand Prix,interlagos,842,gasly,Gasly,213,AlphaTauri,7,7,6.0,11,5.0,0,0
1071,2021,19,2021-11-14,São Paulo Grand Prix,interlagos,839,ocon,Ocon,214,Alpine F1 Team,8,8,4.0,11,11.0,0,0
1071,2021,19,2021-11-14,São Paulo Grand Prix,interlagos,4,alonso,Alonso,214,Alpine F1 Team,12,9,2.0,11,10.0,0,0
1071,2021,19,2021-11-14,São Paulo Grand Prix,interlagos,846,norris,Norris,1,McLaren,5,10,1.0,11,8.0,0,0
1071,2021,19,2021-11-14,São Paulo Grand Prix,interlagos,20,vettel,Vettel,117,Aston Martin,9,11,0.0,11,12.0,0,0
1071,2021,19,2021-11-14,São Paulo Grand Prix,interlagos,8,raikkonen,Räikkönen,51,Alfa Romeo,0,12,0.0,11,14.0,0,0
1071,2021,19,2021-11-14,São Paulo Grand Prix,interlagos,847,russell,Russell,3,Williams,17,13,0.0,11,18.0,0,0
1071,2021,19,2021-11-14,São Paulo Grand Prix,interlagos,841,giovinazzi,Giovinazzi,51,Alfa Romeo,13,14,0.0,11,15.0,0,0
1071,2021,19,2021-11-14,São Paulo Grand Prix,interlagos,852,tsunoda,Tsunoda,213,AlphaTauri,15,15,0.0,11,13.0,0,0
1071,2021,19,2021-11-14,São Paulo Grand Prix,interlagos,849,latifi,Latifi,3,Williams,16,16,0.0,11,17.0,0,1
1071,2021,19,2021-11-14,São Paulo Grand Prix,interlagos,853,mazepin,Mazepin,210,Haas F1 Team,19,17,0.0,12,20.0,0,1
1071,2021,19,2021-11-14,São Paulo Grand Prix,interlagos,854,mick_schumacher,Schumacher,210,Haas F1 Team,18,18,0.0,12,19.0,0,1
1071,2021,19,2021-11-14,São Paulo Grand Prix,interlagos,817,ricciardo,Ricciardo,1,McLaren,11,19,0.0,75,9.0,0,1
1071,2021,19,2021-11-14,São Paulo Grand Prix,interlagos,840,stroll,Stroll,117,Aston Martin,14,20,0.0,130,16.0,0,1
1051,2021,20,2021-11-21,Qatar Grand Prix,losail,1,hamilton,Hamilton,131,Mercedes,1,1,25.0,1,1.0,1,0
1051,2021,20,2021-11-21,Qatar Grand Prix,losail,830,max_verstappen,Verstappen,9,Red Bull,7,2,19.0,1,2.0,0,0
1051,2021,20,2021-11-21,Qatar Grand Prix,losail,4,alonso,Alonso,214,Alpine F1 Team,3,3,15.0,1,5.0,0,0
1051,2021,20,2021-11-21,Qatar Grand Prix,losail,815,perez,Pérez,9,Red Bull,11,4,12.0,1,11.0,0,0
1051,2021,20,2021-11-21,Qatar Grand Prix,losail,839,ocon,Ocon,214,Alpine F1 Team,9,5,10.0,1,9.0,0,0
1051,2021,20,2021-11-21,Qatar Grand Prix,losail,840,stroll,Stroll,117,Aston Martin,12,6,8.0,1,12.0,0,0
1051,2021,20,2021-11-21,Qatar Grand Prix,losail,832,sainz,Sainz,6,Ferrari,5,7,6.0,1,7.0,0,0
1051,2021,20,2021-11-21,Qatar Grand Prix,losail,844,leclerc,Leclerc,6,Ferrari,13,8,4.0,1,13.0,0,0
1051,2021,20,2021-11-21,Qatar Grand Prix,losail,846,norris,Norris,1,McLaren,4,9,2.0,11,6.0,0,0
1051,2021,20,2021-11-21,Qatar Grand Prix,losail,20,vettel,Vettel,117,Aston Martin,10,10,1.0,11,10.0,0,0
1051,2021,20,2021-11-21,Qatar Grand Prix,losail,842,gasly,Gasly,213,AlphaTauri,2,11,0.0,11,4.0,0,0
1051,2021,20,2021-11-21,Qatar Grand Prix,losail,817,ricciardo,Ricciardo,1,McLaren,14,12,0.0,11,14.0,0,0
1051,2021,20,2021-11-21,Qatar Grand Prix,losail,852,tsunoda,Tsunoda,213,AlphaTauri,8,13,0.0,11,8.0,0,0
1051,2021,20,2021-11-21,Qatar Grand Prix,losail,8,raikkonen,Räikkönen,51,Alfa Romeo,16,14,0.0,11,16.0,0,0
1051,2021,20,2021-11-21,Qatar Grand Prix,losail,841,giovinazzi,Giovinazzi,51,Alfa Romeo,18,15,0.0,11,18.0,0,0
1051,2021,20,2021-11-21,Qatar Grand Prix,losail,854,mick_schumacher,Schumacher,210,Haas F1 Team,19,16,0.0,11,19.0,0,1
1051,2021,20,2021-11-21,Qatar Grand Prix,losail,847,russell,Russell,3,Williams,15,17,0.0,12,15.0,0,1
1051,2021,20,2021-11-21,Qatar Grand Prix,losail,853,mazepin,Mazepin,210,Haas F1 Team,20,18,0.0,12,20.0,0,1
1051,2021,20,2021-11-21,Qatar Grand Prix,losail,849,latifi,Latifi,3,Williams,17,19,0.0,29,17.0,0,1
1051,2021,20,2021-11-21,Qatar Grand Prix,losail,822,bottas,Bottas,131,Mercedes,6,20,0.0,137,3.0,0,1
1072,2021,21,2021-12-05,Saudi Arabian Grand Prix,jeddah,1,hamilton,Hamilton,131,Mercedes,1,1,26.0,1,1.0,1,0
1072,2021,21,2021-12-05,Saudi Arabian Grand Prix,jeddah,830,max_verstappen,Verstappen,9,Red Bull,3,2,18.0,1,3.0,0,0
1072,2021,21,2021-12-05,Saudi Arabian Grand Prix,jeddah,822,bottas,Bottas,131,Mercedes,2,3,15.0,1,2.0,0,0
1072,2021,21,2021-12-05,Saudi Arabian Grand Prix,jeddah,839,ocon,Ocon,214,Alpine F1 Team,9,4,12.0,1,9.0,0,0
1072,2021,21,2021-12-05,Saudi Arabian Grand Prix,jeddah,817,ricciardo,Ricciardo,1,McLaren,11,5,10.0,1,11.0,0,0
1072,2021,21,2021-12-05,Saudi Arabian Grand Prix,jeddah,842,gasly,Gasly,213,AlphaTauri,6,6,8.0,1,6.0,0,0
1072,2021,21,2021-12-05,Saudi Arabian Grand Prix,jeddah,844,leclerc,Leclerc,6,Ferrari,4,7,6.0,1,4.0,0,0
1072,2021,21,2021-12-05,Saudi Arabian Grand Prix,jeddah,832,sainz,Sainz,6,Ferrari,15,8,4.0,1,15.0,0,0
1072,2021,21,2021-12-05,Saudi Arabian Grand Prix,jeddah,841,giovinazzi,Giovinazzi,51,Alfa Romeo,10,9,2.0,1,10.0,0,0
1072,2021,21,2021-12-05,Saudi Arabian Grand Prix,jeddah,846,norris,Norris,1,McLaren,7,10,1.0,1,7.0,0,0
1072,2021,21,2021-12-05,Saudi Arabian Grand Prix,jeddah,840,stroll,Stroll,117,Aston Martin,18,11,0.0,1,18.0,0,0
1072,2021,21,2021-12-05,Saudi Arabian Grand Prix,jeddah,849,latifi,Latifi,3,Williams,16,12,0.0,1,16.0,0,0
1072,2021,21,2021-12-05,Saudi Arabian Grand Prix,jeddah,4,alonso,Alonso,214,Alpine F1 Team,13,13,0.0,11,13.0,0,0
1072,2021,21,2021-12-05,Saudi Arabian Grand Prix,jeddah,852,tsunoda,Tsunoda,213,AlphaTauri,8,14,0.0,11,8.0,0,0
1072,2021,21,2021-12-05,Saudi Arabian Grand Prix,jeddah,8,raikkonen,Räikkönen,51,Alfa Romeo,12,15,0.0,11,12.0,0,0
1072,2021,21,2021-12-05,Saudi Arabian Grand Prix,jeddah,20,vettel,Vettel,117,Aston Martin,17,16,0.0,130,17.0,0,1
1072,2021,21,2021-12-05,Saudi Arabian Grand Prix,jeddah,815,perez,Pérez,9,Red Bull,5,17,0.0,4,5.0,0,1
1072,2021,21,2021-12-05,Saudi Arabian Grand Prix,jeddah,853,mazepin,Mazepin,210,Haas F1 Team,20,18,0.0,4,20.0,0,1
1072,2021,21,2021-12-05,Saudi Arabian Grand Prix,jeddah,847,russell,Russell,3,Williams,14,19,0.0,4,14.0,0,1
1072,2021,21,2021-12-05,Saudi Arabian Grand Prix,jeddah,854,mick_schumacher,Schumacher,210,Haas F1 Team,19,20,0.0,3,19.0,0,1
1073,2021,22,2021-12-12,Abu Dhabi Grand Prix,yas_marina,830,max_verstappen,Verstappen,9,Red Bull,1,1,26.0,1,1.0,1,0
1073,2021,22,2021-12-12,Abu Dhabi Grand Prix,yas_marina,1,hamilton,Hamilton,131,Mercedes,2,2,18.0,1,2.0,0,0
1073,2021,22,2021-12-12,Abu Dhabi Grand Prix,yas_marina,832,sainz,Sainz,6,Ferrari,5,3,15.0,1,5.0,0,0
1073,2021,22,2021-12-12,Abu Dhabi Grand Prix,yas_marina,852,tsunoda,Tsunoda,213,AlphaTauri,8,4,12.0,1,8.0,0,0
1073,2021,22,2021-12-12,Abu Dhabi Grand Prix,yas_marina,842,gasly,Gasly,213,AlphaTauri,12,5,10.0,1,12.0,0,0
1073,2021,22,2021-12-12,Abu Dhabi Grand Prix,yas_marina,822,bottas,Bottas,131,Mercedes,6,6,8.0,1,6.0,0,0
1073,2021,22,2021-12-12,Abu Dhabi Grand Prix,yas_marina,846,norris,Norris,1,McLaren,3,7,6.0,1,3.0,0,0
1073,2021,22,2021-12-12,Abu Dhabi Grand Prix,yas_marina,4,alonso,Alonso,214,Alpine F1 Team,11,8,4.0,1,11.0,0,0
1073,2021,22,2021-12-12,Abu Dhabi Grand Prix,yas_marina,839,ocon,Ocon,214,Alpine F1 Team,9,9,2.0,1,9.0,0,0
1073,2021,22,2021-12-12,Abu Dhabi Grand Prix,yas_marina,844,leclerc,Leclerc,6,Ferrari,7,10,1.0,1,7.0,0,0
1073,2021,22,2021-12-12,Abu Dhabi Grand Prix,yas_marina,20,vettel,Vettel,117,Aston Martin,15,11,0.0,1,15.0,0,0
1073,2021,22,2021-12-12,Abu Dhabi Grand Prix,yas_marina,817,ricciardo,Ricciardo,1,McLaren,10,12,0.0,11,10.0,0,0
1073,2021,22,2021-12-12,Abu Dhabi Grand Prix,yas_marina,840,stroll,Stroll,117,Aston Martin,13,13,0.0,11,13.0,0,0
1073,2021,22,2021-12-12,Abu Dhabi Grand Prix,yas_marina,854,mick_schumacher,Schumacher,210,Haas F1 Team,19,14,0.0,11,19.0,0,0
1073,2021,22,2021-12-12,Abu Dhabi Grand Prix,yas_marina,815,perez,Pérez,9,Red Bull,4,15,0.0,5,4.0,0,0
1073,2021,22,2021-12-12,Abu Dhabi Grand Prix,yas_marina,849,latifi,Latifi,3,Williams,16,16,0.0,3,16.0,0,1
1073,2021,22,2021-12-12,Abu Dhabi Grand Prix,yas_marina,841,giovinazzi,Giovinazzi,51,Alfa Romeo,14,17,0.0,6,14.0,0,1
1073,2021,22,2021-12-12,Abu Dhabi Grand Prix,yas_marina,847,russell,Russell,3,Williams,17,18,0.0,6,17.0,0,1
1073,2021,22,2021-12-12,Abu Dhabi Grand Prix,yas_marina,8,raikkonen,Räikkönen,51,Alfa Romeo,18,19,0.0,23,18.0,0,1
1073,2021,22,2021-12-12,Abu Dhabi Grand Prix,yas_marina,853,mazepin,Mazepin,210,Haas F1 Team,20,20,0.0,139,20.0,0,1
1074,2022,1,2022-03-20,Bahrain Grand Prix,bahrain,844,leclerc,Leclerc,6,Ferrari,1,1,26.0,1,1.0,1,0
1074,2022,1,2022-03-20,Bahrain Grand Prix,bahrain,832,sainz,Sainz,6,Ferrari,3,2,18.0,1,3.0,0,0
1074,2022,1,2022-03-20,Bahrain Grand Prix,bahrain,1,hamilton,Hamilton,131,Mercedes,5,3,15.0,1,5.0,0,0
1074,2022,1,2022-03-20,Bahrain Grand Prix,bahrain,847,russell,Russell,131,Mercedes,9,4,12.0,1,9.0,0,0
1074,2022,1,2022-03-20,Bahrain Grand Prix,bahrain,825,kevin_magnussen,Magnussen,210,Haas F1 Team,7,5,10.0,1,7.0,0,0
1074,2022,1,2022-03-20,Bahrain Grand Prix,bahrain,822,bottas,Bottas,51,Alfa Romeo,6,6,8.0,1,6.0,0,0
1074,2022,1,2022-03-20,Bahrain Grand Prix,bahrain,839,ocon,Ocon,214,Alpine F1 Team,11,7,6.0,1,11.0,0,0
1074,2022,1,2022-03-20,Bahrain Grand Prix,bahrain,852,tsunoda,Tsunoda,213,AlphaTauri,16,8,4.0,1,16.0,0,0
1074,2022,1,2022-03-20,Bahrain Grand Prix,bahrain,4,alonso,Alonso,214,Alpine F1 Team,8,9,2.0,1,8.0,0,0
1074,2022,1,2022-03-20,Bahrain Grand Prix,bahrain,855,zhou,Zhou,51,Alfa Romeo,15,10,1.0,1,15.0,0,0
1074,2022,1,2022-03-20,Bahrain Grand Prix,bahrain,854,mick_schumacher,Schumacher,210,Haas F1 Team,12,11,0.0,1,12.0,0,0
1074,2022,1,2022-03-20,Bahrain Grand Prix,bahrain,840,stroll,Stroll,117,Aston Martin,19,12,0.0,1,19.0,0,0
1074,2022,1,2022-03-20,Bahrain Grand Prix,bahrain,848,albon,Albon,3,Williams,14,13,0.0,1,14.0,0,0
1074,2022,1,2022-03-20,Bahrain Grand Prix,bahrain,817,ricciardo,Ricciardo,1,McLaren,18,14,0.0,1,18.0,0,0
1074,2022,1,2022-03-20,Bahrain Grand Prix,bahrain,846,norris,Norris,1,McLaren,13,15,0.0,1,13.0,0,0
1074,2022,1,2022-03-20,Bahrain Grand Prix,bahrain,849,latifi,Latifi,3,Williams,20,16,0.0,1,20.0,0,1
1074,2022,1,2022-03-20,Bahrain Grand Prix,bahrain,807,hulkenberg,Hülkenberg,117,Aston Martin,17,17,0.0,1,17.0,0,1
1074,2022,1,2022-03-20,Bahrain Grand Prix,bahrain,815,perez,Pérez,9,Red Bull,4,18,0.0,32,4.0,0,1
1074,2022,1,2022-03-20,Bahrain Grand Prix,bahrain,830,max_verstappen,Verstappen,9,Red Bull,2,19,0.0,32,2.0,0,1
1074,2022,1,2022-03-20,Bahrain Grand Prix,bahrain,842,gasly,Gasly,213,AlphaTauri,10,20,0.0,131,10.0,0,1
1075,2022,2,2022-03-27,Saudi Arabian Grand Prix,jeddah,830,max_verstappen,Verstappen,9,Red Bull,4,1,25.0,1,4.0,1,0
1075,2022,2,2022-03-27,Saudi Arabian Grand Prix,jeddah,844,leclerc,Leclerc,6,Ferrari,2,2,19.0,1,2.0,0,0
1075,2022,2,2022-03-27,Saudi Arabian Grand Prix,jeddah,832,sainz,Sainz,6,Ferrari,3,3,15.0,1,3.0,0,0
1075,2022,2,2022-03-27,Saudi Arabian Grand Prix,jeddah,815,perez,Pérez,9,Red Bull,1,4,12.0,1,1.0,0,0
1075,2022,2,2022-03-27,Saudi Arabian Grand Prix,jeddah,847,russell,Russell,131,Mercedes,6,5,10.0,1,6.0,0,0
1075,2022,2,2022-03-27,Saudi Arabian Grand Prix,jeddah,839,ocon,Ocon,214,Alpine F1 Team,5,6,8.0,1,5.0,0,0
1075,2022,2,2022-03-27,Saudi Arabian Grand Prix,jeddah,846,norris,Norris,1,McLaren,11,7,6.0,1,11.0,0,0
1075,2022,2,2022-03-27,Saudi Arabian Grand Prix,jeddah,842,gasly,Gasly,213,AlphaTauri,9,8,4.0,1,9.0,0,0
1075,2022,2,2022-03-27,Saudi Arabian Grand Prix,jeddah,825,kevin_magnussen,Magnussen,210,Haas F1 Team,10,9,2.0,1,10.0,0,0
1075,2022,2,2022-03-27,Saudi Arabian Grand Prix,jeddah,1,hamilton,Hamilton,131,Mercedes,15,10,1.0,1,16.0,0,0
1075,2022,2,2022-03-27,Saudi Arabian Grand Prix,jeddah,855,zhou,Zhou,51,Alfa Romeo,12,11,0.0,1,13.0,0,0
1075,2022,2,2022-03-27,Saudi Arabian Grand Prix,jeddah,807,hulkenberg,Hülkenberg,117,Aston Martin,17,12,0.0,1,18.0,0,0
1075,2022,2,2022-03-27,Saudi Arabian Grand Prix,jeddah,840,stroll,Stroll,117,Aston Martin,13,13,0.0,11,15.0,0,0
1075,2022,2,2022-03-27,Saudi Arabian Grand Prix,jeddah,848,albon,Albon,3,Williams,16,14,0.0,130,17.0,0,0
1075,2022,2,2022-03-27,Saudi Arabian Grand Prix,jeddah,822,bottas,Bottas,51,Alfa Romeo,8,15,0.0,141,8.0,0,0
1075,2022,2,2022-03-27,Saudi Arabian Grand Prix,jeddah,4,alonso,Alonso,214,Alpine F1 Team,7,16,0.0,103,7.0,0,1
1075,2022,2,2022-03-27,Saudi Arabian Grand Prix,jeddah,817,ricciardo,Ricciardo,1,McLaren,14,17,0.0,6,12.0,0,1
1075,2022,2,2022-03-27,Saudi Arabian Grand Prix,jeddah,849,latifi,Latifi,3,Williams,18,18,0.0,3,19.0,0,1
1075,2022,2,2022-03-27,Saudi Arabian Grand Prix,jeddah,852,tsunoda,Tsunoda,213,AlphaTauri,19,19,0.0,131,20.0,0,1
1075,2022,2,2022-03-27,Saudi Arabian Grand Prix,jeddah,854,mick_schumacher,Schumacher,210,Haas F1 Team,0,20,0.0,54,14.0,0,1
1076,2022,3,2022-04-10,Australian Grand Prix,albert_park,844,leclerc,Leclerc,6,Ferrari,1,1,26.0,1,1.0,1,0
1076,2022,3,2022-04-10,Australian Grand Prix,albert_park,815,perez,Pérez,9,Red Bull,3,2,18.0,1,3.0,0,0
1076,2022,3,2022-04-10,Australian Grand Prix,albert_park,847,russell,Russell,131,Mercedes,6,3,15.0,1,6.0,0,0
1076,2022,3,2022-04-10,Australian Grand Prix,albert_park,1,hamilton,Hamilton,131,Mercedes,5,4,12.0,1,5.0,0,0
1076,2022,3,2022-04-10,Australian Grand Prix,albert_park,846,norris,Norris,1,McLaren,4,5,10.0,1,4.0,0,0
1076,2022,3,2022-04-10,Australian Grand Prix,albert_park,817,ricciardo,Ricciardo,1,McLaren,7,6,8.0,1,7.0,0,0
1076,2022,3,2022-04-10,Australian Grand Prix,albert_park,839,ocon,Ocon,214,Alpine F1 Team,8,7,6.0,1,8.0,0,0
1076,2022,3,2022-04-10,Australian Grand Prix,albert_park,822,bottas,Bottas,51,Alfa Romeo,12,8,4.0,1,12.0,0,0
1076,2022,3,2022-04-10,Australian Grand Prix,albert_park,842,gasly,Gasly,213,AlphaTauri,11,9,2.0,1,11.0,0,0
1076,2022,3,2022-04-10,Australian Grand Prix,albert_park,848,albon,Albon,3,Williams,20,10,1.0,1,16.0,0,0
1076,2022,3,2022-04-10,Australian Grand Prix,albert_park,855,zhou,Zhou,51,Alfa Romeo,14,11,0.0,1,14.0,0,0
1076,2022,3,2022-04-10,Australian Grand Prix,albert_park,840,stroll,Stroll,117,Aston Martin,19,12,0.0,1,20.0,0,0
1076,2022,3,2022-04-10,Australian Grand Prix,albert_park,854,mick_schumacher,Schumacher,210,Haas F1 Team,15,13,0.0,11,15.0,0,0
1076,2022,3,2022-04-10,Australian Grand Prix,albert_park,825,kevin_magnussen,Magnussen,210,Haas F1 Team,16,14,0.0,11,17.0,0,0
1076,2022,3,2022-04-10,Australian Grand Prix,albert_park,852,tsunoda,Tsunoda,213,AlphaTauri,13,15,0.0,11,13.0,0,0
1076,2022,3,2022-04-10,Australian Grand Prix,albert_park,849,latifi,Latifi,3,Williams,18,16,0.0,11,19.0,0,1
1076,2022,3,2022-04-10,Australian Grand Prix,albert_park,4,alonso,Alonso,214,Alpine F1 Team,10,17,0.0,11,10.0,0,1
1076,2022,3,2022-04-10,Australian Grand Prix,albert_park,830,max_verstappen,Verstappen,9,Red Bull,2,18,0.0,95,2.0,0,1
1076,2022,3,2022-04-10,Australian Grand Prix,albert_park,20,vettel,Vettel,117,Aston Martin,17,19,0.0,3,18.0,0,1
1076,2022,3,2022-04-10,Australian Grand Prix,albert_park,832,sainz,Sainz,6,Ferrari,9,20,0.0,20,9.0,0,1
1077,2022,4,2022-04-24,Emilia Romagna Grand Prix,imola,830,max_verstappen,Verstappen,9,Red Bull,1,1,26.0,1,1.0,1,0
1077,2022,4,2022-04-24,Emilia Romagna Grand Prix,imola,815,perez,Pérez,9,Red Bull,3,2,18.0,1,7.0,0,0
1077,2022,4,2022-04-24,Emilia Romagna Grand Prix,imola,846,norris,Norris,1,McLaren,5,3,15.0,1,3.0,0,0
1077,2022,4,2022-04-24,Emilia Romagna Grand Prix,imola,847,russell,Russell,131,Mercedes,11,4,12.0,1,11.0,0,0
1077,2022,4,2022-04-24,Emilia Romagna Grand Prix,imola,822,bottas,Bottas,51,Alfa Romeo,7,5,10.0,1,8.0,0,0
1077,2022,4,2022-04-24,Emilia Romagna Grand Prix,imola,844,leclerc,Leclerc,6,Ferrari,2,6,8.0,1,2.0,0,0
1077,2022,4,2022-04-24,Emilia Romagna Grand Prix,imola,852,tsunoda,Tsunoda,213,AlphaTauri,12,7,6.0,1,16.0,0,0
1077,2022,4,2022-04-24,Emilia Romagna Grand Prix,imola,20,vettel,Vettel,117,Aston Martin,13,8,4.0,1,9.0,0,0
1077,2022,4,2022-04-24,Emilia Romagna Grand Prix,imola,825,kevin_magnussen,Magnussen,210,Haas F1 Team,8,9,2.0,1,4.0,0,0
1077,2022,4,2022-04-24,Emilia Romagna Grand Prix,imola,840,stroll,Stroll,117,Aston Martin,15,10,1.0,11,15.0,0,0
1077,2022,4,2022-04-24,Emilia Romagna Grand Prix,imola,848,albon,Albon,3,Williams,18,11,0.0,11,20.0,0,0
1077,2022,4,2022-04-24,Emilia Romagna Grand Prix,imola,842,gasly,Gasly,213,AlphaTauri,17,12,0.0,11,17.0,0,0
1077,2022,4,2022-04-24,Emilia Romagna Grand Prix,imola,1,hamilton,Hamilton,131,Mercedes,14,13,0.0,11,13.0,0,0
1077,2022,4,2022-04-24,Emilia Romagna Grand Prix,imola,839,ocon,Ocon,214,Alpine F1 Team,16,14,0.0,11,19.0,0,0
1077,2022,4,2022-04-24,Emilia Romagna Grand Prix,imola,855,zhou,Zhou,51,Alfa Romeo,0,15,0.0,11,14.0,0,0
1077,2022,4,2022-04-24,Emilia Romagna Grand Prix,imola,849,latifi,Latifi,3,Williams,19,16,0.0,11,18.0,0,1
1077,2022,4,2022-04-24,Emilia Romagna Grand Prix,imola,854,mick_schumacher,Schumacher,210,Haas F1 Team,10,17,0.0,11,12.0,0,1
1077,2022,4,2022-04-24,Emilia Romagna Grand Prix,imola,817,ricciardo,Ricciardo,1,McLaren,6,18,0.0,11,6.0,0,1
1077,2022,4,2022-04-24,Emilia Romagna Grand Prix,imola,4,alonso,Alonso,214,Alpine F1 Team,9,19,0.0,130,5.0,0,1
1077,2022,4,2022-04-24,Emilia Romagna Grand Prix,imola,832,sainz,Sainz,6,Ferrari,4,20,0.0,4,10.0,0,1
1078,2022,5,2022-05-08,Miami Grand Prix,miami,830,max_verstappen,Verstappen,9,Red Bull,3,1,26.0,1,3.0,1,0
1078,2022,5,2022-05-08,Miami Grand Prix,miami,844,leclerc,Leclerc,6,Ferrari,1,2,18.0,1,1.0,0,0
1078,2022,5,2022-05-08,Miami Grand Prix,miami,832,sainz,Sainz,6,Ferrari,2,3,15.0,1,2.0,0,0
1078,2022,5,2022-05-08,Miami Grand Prix,miami,815,perez,Pérez,9,Red Bull,4,4,12.0,1,4.0,0,0
1078,2022,5,2022-05-08,Miami Grand Prix,miami,847,russell,Russell,131,Mercedes,12,5,10.0,1,12.0,0,0
1078,2022,5,2022-05-08,Miami Grand Prix,miami,1,hamilton,Hamilton,131,Mercedes,6,6,8.0,1,6.0,0,0
1078,2022,5,2022-05-08,Miami Grand Prix,miami,822,bottas,Bottas,51,Alfa Romeo,5,7,6.0,1,5.0,0,0
1078,2022,5,2022-05-08,Miami Grand Prix,miami,839,ocon,Ocon,214,Alpine F1 Team,20,8,4.0,1,20.0,0,0
1078,2022,5,2022-05-08,Miami Grand Prix,miami,848,albon,Albon,3,Williams,18,9,2.0,1,18.0,0,0
1078,2022,5,2022-05-08,Miami Grand Prix,miami,840,stroll,Stroll,117,Aston Martin,0,10,1.0,1,10.0,0,0
1078,2022,5,2022-05-08,Miami Grand Prix,miami,4,alonso,Alonso,214,Alpine F1 Team,11,11,0.0,1,11.0,0,0
1078,2022,5,2022-05-08,Miami Grand Prix,miami,852,tsunoda,Tsunoda,213,AlphaTauri,9,12,0.0,1,9.0,0,0
1078,2022,5,2022-05-08,Miami Grand Prix,miami,817,ricciardo,Ricciardo,1,McLaren,14,13,0.0,1,14.0,0,0
1078,2022,5,2022-05-08,Miami Grand Prix,miami,849,latifi,Latifi,3,Williams,19,14,0.0,1,19.0,0,0
1078,2022,5,2022-05-08,Miami Grand Prix,miami,854,mick_schumacher,Schumacher,210,Haas F1 Team,15,15,0.0,1,15.0,0,0
1078,2022,5,2022-05-08,Miami Grand Prix,miami,825,kevin_magnussen,Magnussen,210,Haas F1 Team,16,16,0.0,33,16.0,0,1
1078,2022,5,2022-05-08,Miami Grand Prix,miami,20,vettel,Vettel,117,Aston Martin,0,17,0.0,4,13.0,0,1
1078,2022,5,2022-05-08,Miami Grand Prix,miami,842,gasly,Gasly,213,AlphaTauri,7,18,0.0,22,7.0,0,1
1078,2022,5,2022-05-08,Miami Grand Prix,miami,846,norris,Norris,1,McLaren,8,19,0.0,4,8.0,0,1
1078,2022,5,2022-05-08,Miami Grand Prix,miami,855,zhou,Zhou,51,Alfa Romeo,17,20,0.0,47,17.0,0,1
1079,2022,6,2022-05-22,Spanish Grand Prix,catalunya,830,max_verstappen,Verstappen,9,Red Bull,2,1,25.0,1,2.0,1,0
1079,2022,6,2022-05-22,Spanish Grand Prix,catalunya,815,perez,Pérez,9,Red Bull,5,2,19.0,1,5.0,0,0
1079,2022,6,2022-05-22,Spanish Grand Prix,catalunya,847,russell,Russell,131,Mercedes,4,3,15.0,1,4.0,0,0
1079,2022,6,2022-05-22,Spanish Grand Prix,catalunya,832,sainz,Sainz,6,Ferrari,3,4,12.0,1,3.0,0,0
1079,2022,6,2022-05-22,Spanish Grand Prix,catalunya,1,hamilton,Hamilton,131,Mercedes,6,5,10.0,1,6.0,0,0
1079,2022,6,2022-05-22,Spanish Grand Prix,catalunya,822,bottas,Bottas,51,Alfa Romeo,7,6,8.0,1,7.0,0,0
1079,2022,6,2022-05-22,Spanish Grand Prix,catalunya,839,ocon,Ocon,214,Alpine F1 Team,12,7,6.0,1,12.0,0,0
1079,2022,6,2022-05-22,Spanish Grand Prix,catalunya,846,norris,Norris,1,McLaren,11,8,4.0,1,11.0,0,0
1079,2022,6,2022-05-22,Spanish Grand Prix,catalunya,4,alonso,Alonso,214,Alpine F1 Team,20,9,2.0,11,17.0,0,0
1079,2022,6,2022-05-22,Spanish Grand Prix,catalunya,852,tsunoda,Tsunoda,213,AlphaTauri,13,10,1.0,11,13.0,0,0
1079,2022,6,2022-05-22,Spanish Grand Prix,catalunya,20,vettel,Vettel,117,Aston Martin,16,11,0.0,11,16.0,0,0
1079,2022,6,2022-05-22,Spanish Grand Prix,catalunya,817,ricciardo,Ricciardo,1,McLaren,9,12,0.0,11,9.0,0,0
1079,2022,6,2022-05-22,Spanish Grand Prix,catalunya,842,gasly,Gasly,213,AlphaTauri,14,13,0.0,11,14.0,0,0
1079,2022,6,2022-05-22,Spanish Grand Prix,catalunya,854,mick_schumacher,Schumacher,210,Haas F1 Team,10,14,0.0,11,10.0,0,0
1079,2022,6,2022-05-22,Spanish Grand Prix,catalunya,840,stroll,Stroll,117,Aston Martin,17,15,0.0,11,18.0,0,0
1079,2022,6,2022-05-22,Spanish Grand Prix,catalunya,849,latifi,Latifi,3,Williams,19,16,0.0,12,20.0,0,1
1079,2022,6,2022-05-22,Spanish Grand Prix,catalunya,825,kevin_magnussen,Magnussen,210,Haas F1 Team,8,17,0.0,12,8.0,0,1
1079,2022,6,2022-05-22,Spanish Grand Prix,catalunya,848,albon,Albon,3,Williams,18,18,0.0,12,19.0,0,1
1079,2022,6,2022-05-22,Spanish Grand Prix,catalunya,855,zhou,Zhou,51,Alfa Romeo,15,19,0.0,75,15.0,0,1
1079,2022,6,2022-05-22,Spanish Grand Prix,catalunya,844,leclerc,Leclerc,6,Ferrari,1,20,0.0,101,1.0,0,1
1080,2022,7,2022-05-29,Monaco Grand Prix,monaco,815,perez,Pérez,9,Red Bull,3,1,25.0,1,3.0,1,0
1080,2022,7,2022-05-29,Monaco Grand Prix,monaco,832,sainz,Sainz,6,Ferrari,2,2,18.0,1,2.0,0,0
1080,2022,7,2022-05-29,Monaco Grand Prix,monaco,830,max_verstappen,Verstappen,9,Red Bull,4,3,15.0,1,4.0,0,0
1080,2022,7,2022-05-29,Monaco Grand Prix,monaco,844,leclerc,Leclerc,6,Ferrari,1,4,12.0,1,1.0,0,0
1080,2022,7,2022-05-29,Monaco Grand Prix,monaco,847,russell,Russell,131,Mercedes,6,5,10.0,1,6.0,0,0
1080,2022,7,2022-05-29,Monaco Grand Prix,monaco,846,norris,Norris,1,McLaren,5,6,9.0,1,5.0,0,0
1080,2022,7,2022-05-29,Monaco Grand Prix,monaco,4,alonso,Alonso,214,Alpine F1 Team,7,7,6.0,1,7.0,0,0
1080,2022,7,2022-05-29,Monaco Grand Prix,monaco,1,hamilton,Hamilton,131,Mercedes,8,8,4.0,1,8.0,0,0
1080,2022,7,2022-05-29,Monaco Grand Prix,monaco,822,bottas,Bottas,51,Alfa Romeo,12,9,2.0,1,12.0,0,0
1080,2022,7,2022-05-29,Monaco Grand Prix,monaco,20,vettel,Vettel,117,Aston Martin,9,10,1.0,1,9.0,0,0
1080,2022,7,2022-05-29,Monaco Grand Prix,monaco,842,gasly,Gasly,213,AlphaTauri,17,11,0.0,1,17.0,0,0
1080,2022,7,2022-05-29,Monaco Grand Prix,monaco,839,ocon,Ocon,214,Alpine F1 Team,10,12,0.0,1,10.0,0,0
1080,2022,7,2022-05-29,Monaco Grand Prix,monaco,817,ricciardo,Ricciardo,1,McLaren,14,13,0.0,1,14.0,0,0
1080,2022,7,2022-05-29,Monaco Grand Prix,monaco,840,stroll,Stroll,117,Aston Martin,18,14,0.0,1,18.0,0,0
1080,2022,7,2022-05-29,Monaco Grand Prix,monaco,849,latifi,Latifi,3,Williams,19,15,0.0,11,19.0,0,0
1080,2022,7,2022-05-29,Monaco Grand Prix,monaco,855,zhou,Zhou,51,Alfa Romeo,20,16,0.0,11,20.0,0,1
1080,2022,7,2022-05-29,Monaco Grand Prix,monaco,852,tsunoda,Tsunoda,213,AlphaTauri,11,17,0.0,11,11.0,0,1
1080,2022,7,2022-05-29,Monaco Grand Prix,monaco,848,albon,Albon,3,Williams,16,18,0.0,26,16.0,0,1
1080,2022,7,2022-05-29,Monaco Grand Prix,monaco,854,mick_schumacher,Schumacher,210,Haas F1 Team,15,19,0.0,3,15.0,0,1
1080,2022,7,2022-05-29,Monaco Grand Prix,monaco,825,kevin_magnussen,Magnussen,210,Haas F1 Team,13,20,0.0,34,13.0,0,1
1081,2022,8,2022-06-12,Azerbaijan Grand Prix,baku,830,max_verstappen,Verstappen,9,Red Bull,3,1,25.0,1,3.0,1,0
1081,2022,8,2022-06-12,Azerbaijan Grand Prix,baku,815,perez,Pérez,9,Red Bull,2,2,19.0,1,2.0,0,0
1081,2022,8,2022-06-12,Azerbaijan Grand Prix,baku,847,russell,Russell,131,Mercedes,5,3,15.0,1,5.0,0,0
1081,2022,8,2022-06-12,Azerbaijan Grand Prix,baku,1,hamilton,Hamilton,131,Mercedes,7,4,12.0,1,7.0,0,0
1081,2022,8,2022-06-12,Azerbaijan Grand Prix,baku,842,gasly,Gasly,213,AlphaTauri,6,5,10.0,1,6.0,0,0
1081,2022,8,2022-06-12,Azerbaijan Grand Prix,baku,20,vettel,Vettel,117,Aston Martin,9,6,8.0,1,9.0,0,0
1081,2022,8,2022-06-12,Azerbaijan Grand Prix,baku,4,alonso,Alonso,214,Alpine F1 Team,10,7,6.0,1,10.0,0,0
1081,2022,8,2022-06-12,Azerbaijan Grand Prix,baku,817,ricciardo,Ricciardo,1,McLaren,12,8,4.0,1,12.0,0,0
1081,2022,8,2022-06-12,Azerbaijan Grand Prix,baku,846,norris,Norris,1,McLaren,11,9,2.0,1,11.0,0,0
1081,2022,8,2022-06-12,Azerbaijan Grand Prix,baku,839,ocon,Ocon,214,Alpine F1 Team,13,10,1.0,1,13.0,0,0
1081,2022,8,2022-06-12,Azerbaijan Grand Prix,baku,822,bottas,Bottas,51,Alfa Romeo,15,11,0.0,11,15.0,0,0
1081,2022,8,2022-06-12,Azerbaijan Grand Prix,baku,848,albon,Albon,3,Williams,17,12,0.0,11,17.0,0,0
1081,2022,8,2022-06-12,Azerbaijan Grand Prix,baku,852,tsunoda,Tsunoda,213,AlphaTauri,8,13,0.0,11,8.0,0,0
1081,2022,8,2022-06-12,Azerbaijan Grand Prix,baku,854,mick_schumacher,Schumacher,210,Haas F1 Team,20,14,0.0,11,20.0,0,0
1081,2022,8,2022-06-12,Azerbaijan Grand Prix,baku,849,latifi,Latifi,3,Williams,18,15,0.0,11,18.0,0,0
1081,2022,8,2022-06-12,Azerbaijan Grand Prix,baku,840,stroll,Stroll,117,Aston Martin,19,16,0.0,76,19.0,0,1
1081,2022,8,2022-06-12,Azerbaijan Grand Prix,baku,825,kevin_magnussen,Magnussen,210,Haas F1 Team,16,17,0.0,131,16.0,0,1
1081,2022,8,2022-06-12,Azerbaijan Grand Prix,baku,855,zhou,Zhou,51,Alfa Romeo,14,18,0.0,9,14.0,0,1
1081,2022,8,2022-06-12,Azerbaijan Grand Prix,baku,844,leclerc,Leclerc,6,Ferrari,1,19,0.0,131,1.0,0,1
1081,2022,8,2022-06-12,Azerbaijan Grand Prix,baku,832,sainz,Sainz,6,Ferrari,4,20,0.0,9,4.0,0,1
1082,2022,9,2022-06-19,Canadian Grand Prix,villeneuve,830,max_verstappen,Verstappen,9,Red Bull,1,1,25.0,1,1.0,1,0
1082,2022,9,2022-06-19,Canadian Grand Prix,villeneuve,832,sainz,Sainz,6,Ferrari,3,2,19.0,1,3.0,0,0
1082,2022,9,2022-06-19,Canadian Grand Prix,villeneuve,1,hamilton,Hamilton,131,Mercedes,4,3,15.0,1,4.0,0,0
1082,2022,9,2022-06-19,Canadian Grand Prix,villeneuve,847,russell,Russell,131,Mercedes,8,4,12.0,1,8.0,0,0
1082,2022,9,2022-06-19,Canadian Grand Prix,villeneuve,844,leclerc,Leclerc,6,Ferrari,19,5,10.0,1,15.0,0,0
1082,2022,9,2022-06-19,Canadian Grand Prix,villeneuve,839,ocon,Ocon,214,Alpine F1 Team,7,6,8.0,1,7.0,0,0
1082,2022,9,2022-06-19,Canadian Grand Prix,villeneuve,822,bottas,Bottas,51,Alfa Romeo,11,7,6.0,1,11.0,0,0
1082,2022,9,2022-06-19,Canadian Grand Prix,villeneuve,855,zhou,Zhou,51,Alfa Romeo,10,8,4.0,1,10.0,0,0
1082,2022,9,2022-06-19,Canadian Grand Prix,villeneuve,4,alonso,Alonso,214,Alpine F1 Team,2,9,2.0,1,2.0,0,0
1082,2022,9,2022-06-19,Canadian Grand Prix,villeneuve,840,stroll,Stroll,117,Aston Martin,17,10,1.0,1,18.0,0,0
1082,2022,9,2022-06-19,Canadian Grand Prix,villeneuve,817,ricciardo,Ricciardo,1,McLaren,9,11,0.0,1,9.0,0,0
1082,2022,9,2022-06-19,Canadian Grand Prix,villeneuve,20,vettel,Vettel,117,Aston Martin,16,12,0.0,1,17.0,0,0
1082,2022,9,2022-06-19,Canadian Grand Prix,villeneuve,848,albon,Albon,3,Williams,12,13,0.0,1,12.0,0,0
1082,2022,9,2022-06-19,Canadian Grand Prix,villeneuve,842,gasly,Gasly,213,AlphaTauri,15,14,0.0,1,16.0,0,0
1082,2022,9,2022-06-19,Canadian Grand Prix,villeneuve,846,norris,Norris,1,McLaren,14,15,0.0,1,14.0,0,0
1082,2022,9,2022-06-19,Canadian Grand Prix,villeneuve,849,latifi,Latifi,3,Williams,18,16,0.0,1,19.0,0,1
1082,2022,9,2022-06-19,Canadian Grand Prix,villeneuve,825,kevin_magnussen,Magnussen,210,Haas F1 Team,5,17,0.0,1,5.0,0,1
1082,2022,9,2022-06-19,Canadian Grand Prix,villeneuve,852,tsunoda,Tsunoda,213,AlphaTauri,20,18,0.0,3,20.0,0,1
1082,2022,9,2022-06-19,Canadian Grand Prix,villeneuve,854,mick_schumacher,Schumacher,210,Haas F1 Team,6,19,0.0,5,6.0,0,1
1082,2022,9,2022-06-19,Canadian Grand Prix,villeneuve,815,perez,Pérez,9,Red Bull,13,20,0.0,6,13.0,0,1
1083,2022,10,2022-07-03,British Grand Prix,silverstone,832,sainz,Sainz,6,Ferrari,1,1,25.0,1,1.0,1,0
1083,2022,10,2022-07-03,British Grand Prix,silverstone,815,perez,Pérez,9,Red Bull,4,2,18.0,1,4.0,0,0
1083,2022,10,2022-07-03,British Grand Prix,silverstone,1,hamilton,Hamilton,131,Mercedes,5,3,16.0,1,5.0,0,0
1083,2022,10,2022-07-03,British Grand Prix,silverstone,844,leclerc,Leclerc,6,Ferrari,3,4,12.0,1,3.0,0,0
1083,2022,10,2022-07-03,British Grand Prix,silverstone,4,alonso,Alonso,214,Alpine F1 Team,7,5,10.0,1,7.0,0,0
1083,2022,10,2022-07-03,British Grand Prix,silverstone,846,norris,Norris,1,McLaren,6,6,8.0,1,6.0,0,0
1083,2022,10,2022-07-03,British Grand Prix,silverstone,830,max_verstappen,Verstappen,9,Red Bull,2,7,6.0,1,2.0,0,0
1083,2022,10,2022-07-03,British Grand Prix,silverstone,854,mick_schumacher,Schumacher,210,Haas F1 Team,19,8,4.0,1,19.0,0,0
1083,2022,10,2022-07-03,British Grand Prix,silverstone,20,vettel,Vettel,117,Aston Martin,18,9,2.0,1,18.0,0,0
1083,2022,10,2022-07-03,British Grand Prix,silverstone,825,kevin_magnussen,Magnussen,210,Haas F1 Team,17,10,1.0,1,17.0,0,0
1083,2022,10,2022-07-03,British Grand Prix,silverstone,840,stroll,Stroll,117,Aston Martin,20,11,0.0,1,20.0,0,0
1083,2022,10,2022-07-03,British Grand Prix,silverstone,849,latifi,Latifi,3,Williams,10,12,0.0,1,10.0,0,0
1083,2022,10,2022-07-03,British Grand Prix,silverstone,817,ricciardo,Ricciardo,1,McLaren,14,13,0.0,1,14.0,0,0
1083,2022,10,2022-07-03,British Grand Prix,silverstone,852,tsunoda,Tsunoda,213,AlphaTauri,13,14,0.0,1,13.0,0,0
1083,2022,10,2022-07-03,British Grand Prix,silverstone,839,ocon,Ocon,214,Alpine F1 Team,15,15,0.0,48,15.0,0,0
1083,2022,10,2022-07-03,British Grand Prix,silverstone,842,gasly,Gasly,213,AlphaTauri,11,16,0.0,130,11.0,0,1
1083,2022,10,2022-07-03,British Grand Prix,silverstone,822,bottas,Bottas,51,Alfa Romeo,12,17,0.0,6,12.0,0,1
1083,2022,10,2022-07-03,British Grand Prix,silverstone,847,russell,Russell,131,Mercedes,8,18,0.0,4,8.0,0,1
1083,2022,10,2022-07-03,British Grand Prix,silverstone,855,zhou,Zhou,51,Alfa Romeo,9,19,0.0,4,9.0,0,1
1083,2022,10,2022-07-03,British Grand Prix,silverstone,848,albon,Albon,3,Williams,16,20,0.0,4,16.0,0,1
1084,2022,11,2022-07-10,Austrian Grand Prix,red_bull_ring,844,leclerc,Leclerc,6,Ferrari,2,1,25.0,1,2.0,1,0
1084,2022,11,2022-07-10,Austrian Grand Prix,red_bull_ring,830,max_verstappen,Verstappen,9,Red Bull,1,2,19.0,1,1.0,0,0
1084,2022,11,2022-07-10,Austrian Grand Prix,red_bull_ring,1,hamilton,Hamilton,131,Mercedes,8,3,15.0,1,9.0,0,0
1084,2022,11,2022-07-10,Austrian Grand Prix,red_bull_ring,847,russell,Russell,131,Mercedes,4,4,12.0,1,4.0,0,0
1084,2022,11,2022-07-10,Austrian Grand Prix,red_bull_ring,839,ocon,Ocon,214,Alpine F1 Team,6,5,10.0,1,5.0,0,0
1084,2022,11,2022-07-10,Austrian Grand Prix,red_bull_ring,854,mick_schumacher,Schumacher,210,Haas F1 Team,9,6,8.0,11,7.0,0,0
1084,2022,11,2022-07-10,Austrian Grand Prix,red_bull_ring,846,norris,Norris,1,McLaren,10,7,6.0,11,15.0,0,0
1084,2022,11,2022-07-10,Austrian Grand Prix,red_bull_ring,825,kevin_magnussen,Magnussen,210,Haas F1 Team,7,8,4.0,11,6.0,0,0
1084,2022,11,2022-07-10,Austrian Grand Prix,red_bull_ring,817,ricciardo,Ricciardo,1,McLaren,11,9,2.0,11,16.0,0,0
1084,2022,11,2022-07-10,Austrian Grand Prix,red_bull_ring,4,alonso,Alonso,214,Alpine F1 Team,19,10,1.0,11,8.0,0,0
1084,2022,11,2022-07-10,Austrian Grand Prix,red_bull_ring,822,bottas,Bottas,51,Alfa Romeo,0,11,0.0,11,12.0,0,0
1084,2022,11,2022-07-10,Austrian Grand Prix,red_bull_ring,848,albon,Albon,3,Williams,15,12,0.0,11,11.0,0,0
1084,2022,11,2022-07-10,Austrian Grand Prix,red_bull_ring,840,stroll,Stroll,117,Aston Martin,12,13,0.0,11,17.0,0,0
1084,2022,11,2022-07-10,Austrian Grand Prix,red_bull_ring,855,zhou,Zhou,51,Alfa Romeo,13,14,0.0,11,18.0,0,0
1084,2022,11,2022-07-10,Austrian Grand Prix,red_bull_ring,842,gasly,Gasly,213,AlphaTauri,14,15,0.0,11,10.0,0,0
1084,2022,11,2022-07-10,Austrian Grand Prix,red_bull_ring,852,tsunoda,Tsunoda,213,AlphaTauri,16,16,0.0,11,14.0,0,1
1084,2022,11,2022-07-10,Austrian Grand Prix,red_bull_ring,20,vettel,Vettel,117,Aston Martin,18,17,0.0,11,20.0,0,1
1084,2022,11,2022-07-10,Austrian Grand Prix,red_bull_ring,832,sainz,Sainz,6,Ferrari,3,18,0.0,131,3.0,0,1
1084,2022,11,2022-07-10,Austrian Grand Prix,red_bull_ring,849,latifi,Latifi,3,Williams,17,19,0.0,140,19.0,0,1
1084,2022,11,2022-07-10,Austrian Grand Prix,red_bull_ring,815,perez,Pérez,9,Red Bull,5,20,0.0,130,13.0,0,1
1085,2022,12,2022-07-24,French Grand Prix,ricard,830,max_verstappen,Verstappen,9,Red Bull,2,1,25.0,1,2.0,1,0
1085,2022,12,2022-07-24,French Grand Prix,ricard,1,hamilton,Hamilton,131,Mercedes,4,2,18.0,1,4.0,0,0
1085,2022,12,2022-07-24,French Grand Prix,ricard,847,russell,Russell,131,Mercedes,6,3,15.0,1,6.0,0,0
1085,2022,12,2022-07-24,French Grand Prix,ricard,815,perez,Pérez,9,Red Bull,3,4,12.0,1,3.0,0,0
1085,2022,12,2022-07-24,French Grand Prix,ricard,832,sainz,Sainz,6,Ferrari,19,5,11.0,1,9.0,0,0
1085,2022,12,2022-07-24,French Grand Prix,ricard,4,alonso,Alonso,214,Alpine F1 Team,7,6,8.0,1,7.0,0,0
1085,2022,12,2022-07-24,French Grand Prix,ricard,846,norris,Norris,1,McLaren,5,7,6.0,1,5.0,0,0
1085,2022,12,2022-07-24,French Grand Prix,ricard,839,ocon,Ocon,214,Alpine F1 Team,10,8,4.0,1,12.0,0,0
1085,2022,12,2022-07-24,French Grand Prix,ricard,817,ricciardo,Ricciardo,1,McLaren,9,9,2.0,1,11.0,0,0
1085,2022,12,2022-07-24,French Grand Prix,ricard,840,stroll,Stroll,117,Aston Martin,15,10,1.0,1,17.0,0,0
1085,2022,12,2022-07-24,French Grand Prix,ricard,20,vettel,Vettel,117,Aston Martin,12,11,0.0,1,14.0,0,0
1085,2022,12,2022-07-24,French Grand Prix,ricard,842,gasly,Gasly,213,AlphaTauri,14,12,0.0,1,16.0,0,0
1085,2022,12,2022-07-24,French Grand Prix,ricard,848,albon,Albon,3,Williams,13,13,0.0,1,15.0,0,0
1085,2022,12,2022-07-24,French Grand Prix,ricard,822,bottas,Bottas,51,Alfa Romeo,11,14,0.0,1,13.0,0,0
1085,2022,12,2022-07-24,French Grand Prix,ricard,854,mick_schumacher,Schumacher,210,Haas F1 Team,17,15,0.0,1,19.0,0,0
1085,2022,12,2022-07-24,French Grand Prix,ricard,855,zhou,Zhou,51,Alfa Romeo,16,16,0.0,16,18.0,0,1
1085,2022,12,2022-07-24,French Grand Prix,ricard,849,latifi,Latifi,3,Williams,18,17,0.0,130,20.0,0,1
1085,2022,12,2022-07-24,French Grand Prix,ricard,825,kevin_magnussen,Magnussen,210,Haas F1 Team,20,18,0.0,130,10.0,0,1
1085,2022,12,2022-07-24,French Grand Prix,ricard,844,leclerc,Leclerc,6,Ferrari,1,19,0.0,3,1.0,0,1
1085,2022,12,2022-07-24,French Grand Prix,ricard,852,tsunoda,Tsunoda,213,AlphaTauri,8,20,0.0,140,8.0,0,1
1086,2022,13,2022-07-31,Hungarian Grand Prix,hungaroring,830,max_verstappen,Verstappen,9,Red Bull,10,1,25.0,1,10.0,1,0
1086,2022,13,2022-07-31,Hungarian Grand Prix,hungaroring,1,hamilton,Hamilton,131,Mercedes,7,2,19.0,1,7.0,0,0
1086,2022,13,2022-07-31,Hungarian Grand Prix,hungaroring,847,russell,Russell,131,Mercedes,1,3,15.0,1,1.0,0,0
1086,2022,13,2022-07-31,Hungarian Grand Prix,hungaroring,832,sainz,Sainz,6,Ferrari,2,4,12.0,1,2.0,0,0
1086,2022,13,2022-07-31,Hungarian Grand Prix,hungaroring,815,perez,Pérez,9,Red Bull,11,5,10.0,1,11.0,0,0
1086,2022,13,2022-07-31,Hungarian Grand Prix,hungaroring,844,leclerc,Leclerc,6,Ferrari,3,6,8.0,1,3.0,0,0
1086,2022,13,2022-07-31,Hungarian Grand Prix,hungaroring,846,norris,Norris,1,McLaren,4,7,6.0,1,4.0,0,0
1086,2022,13,2022-07-31,Hungarian Grand Prix,hungaroring,4,alonso,Alonso,214,Alpine F1 Team,6,8,4.0,11,6.0,0,0
1086,2022,13,2022-07-31,Hungarian Grand Prix,hungaroring,839,ocon,Ocon,214,Alpine F1 Team,5,9,2.0,11,5.0,0,0
1086,2022,13,2022-07-31,Hungarian Grand Prix,hungaroring,20,vettel,Vettel,117,Aston Martin,18,10,1.0,11,18.0,0,0
1086,2022,13,2022-07-31,Hungarian Grand Prix,hungaroring,840,stroll,Stroll,117,Aston Martin,14,11,0.0,11,14.0,0,0
1086,2022,13,2022-07-31,Hungarian Grand Prix,hungaroring,842,gasly,Gasly,213,AlphaTauri,0,12,0.0,11,19.0,0,0
1086,2022,13,2022-07-31,Hungarian Grand Prix,hungaroring,855,zhou,Zhou,51,Alfa Romeo,12,13,0.0,11,12.0,0,0
1086,2022,13,2022-07-31,Hungarian Grand Prix,hungaroring,854,mick_schumacher,Schumacher,210,Haas F1 Team,15,14,0.0,11,15.0,0,0
1086,2022,13,2022-07-31,Hungarian Grand Prix,hungaroring,817,ricciardo,Ricciardo,1,McLaren,9,15,0.0,11,9.0,0,0
1086,2022,13,2022-07-31,Hungarian Grand Prix,hungaroring,825,kevin_magnussen,Magnussen,210,Haas F1 Team,13,16,0.0,11,13.0,0,1
1086,2022,13,2022-07-31,Hungarian Grand Prix,hungaroring,848,albon,Albon,3,Williams,17,17,0.0,11,17.0,0,1
1086,2022,13,2022-07-31,Hungarian Grand Prix,hungaroring,849,latifi,Latifi,3,Williams,19,18,0.0,11,20.0,0,1
1086,2022,13,2022-07-31,Hungarian Grand Prix,hungaroring,852,tsunoda,Tsunoda,213,AlphaTauri,16,19,0.0,12,16.0,0,1
1086,2022,13,2022-07-31,Hungarian Grand Prix,hungaroring,822,bottas,Bottas,51,Alfa Romeo,8,20,0.0,131,8.0,0,1
1087,2022,14,2022-08-28,Belgian Grand Prix,spa,830,max_verstappen,Verstappen,9,Red Bull,14,1,26.0,1,1.0,1,0
1087,2022,14,2022-08-28,Belgian Grand Prix,spa,815,perez,Pérez,9,Red Bull,2,2,18.0,1,3.0,0,0
1087,2022,14,2022-08-28,Belgian Grand Prix,spa,832,sainz,Sainz,6,Ferrari,1,3,15.0,1,2.0,0,0
1087,2022,14,2022-08-28,Belgian Grand Prix,spa,847,russell,Russell,131,Mercedes,5,4,12.0,1,8.0,0,0
1087,2022,14,2022-08-28,Belgian Grand Prix,spa,4,alonso,Alonso,214,Alpine F1 Team,3,5,10.0,1,6.0,0,0
1087,2022,14,2022-08-28,Belgian Grand Prix,spa,844,leclerc,Leclerc,6,Ferrari,15,6,8.0,1,4.0,0,0
1087,2022,14,2022-08-28,Belgian Grand Prix,spa,839,ocon,Ocon,214,Alpine F1 Team,16,7,6.0,1,5.0,0,0
1087,2022,14,2022-08-28,Belgian Grand Prix,spa,20,vettel,Vettel,117,Aston Martin,10,8,4.0,1,16.0,0,0
1087,2022,14,2022-08-28,Belgian Grand Prix,spa,842,gasly,Gasly,213,AlphaTauri,0,9,2.0,1,12.0,0,0
1087,2022,14,2022-08-28,Belgian Grand Prix,spa,848,albon,Albon,3,Williams,6,10,1.0,1,9.0,0,0
1087,2022,14,2022-08-28,Belgian Grand Prix,spa,840,stroll,Stroll,117,Aston Martin,9,11,0.0,1,14.0,0,0
1087,2022,14,2022-08-28,Belgian Grand Prix,spa,846,norris,Norris,1,McLaren,17,12,0.0,1,10.0,0,0
1087,2022,14,2022-08-28,Belgian Grand Prix,spa,852,tsunoda,Tsunoda,213,AlphaTauri,0,13,0.0,1,19.0,0,0
1087,2022,14,2022-08-28,Belgian Grand Prix,spa,855,zhou,Zhou,51,Alfa Romeo,18,14,0.0,1,13.0,0,0
1087,2022,14,2022-08-28,Belgian Grand Prix,spa,817,ricciardo,Ricciardo,1,McLaren,7,15,0.0,1,11.0,0,0
1087,2022,14,2022-08-28,Belgian Grand Prix,spa,825,kevin_magnussen,Magnussen,210,Haas F1 Team,12,16,0.0,11,18.0,0,1
1087,2022,14,2022-08-28,Belgian Grand Prix,spa,854,mick_schumacher,Schumacher,210,Haas F1 Team,19,17,0.0,11,15.0,0,1
1087,2022,14,2022-08-28,Belgian Grand Prix,spa,849,latifi,Latifi,3,Williams,11,18,0.0,11,17.0,0,1
1087,2022,14,2022-08-28,Belgian Grand Prix,spa,822,bottas,Bottas,51,Alfa Romeo,13,19,0.0,3,20.0,0,1
1087,2022,14,2022-08-28,Belgian Grand Prix,spa,1,hamilton,Hamilton,131,Mercedes,4,20,0.0,130,7.0,0,1
1088,2022,15,2022-09-04,Dutch Grand Prix,zandvoort,830,max_verstappen,Verstappen,9,Red Bull,1,1,26.0,1,1.0,1,0
1088,2022,15,2022-09-04,Dutch Grand Prix,zandvoort,847,russell,Russell,131,Mercedes,6,2,18.0,1,6.0,0,0
1088,2022,15,2022-09-04,Dutch Grand Prix,zandvoort,844,leclerc,Leclerc,6,Ferrari,2,3,15.0,1,2.0,0,0
1088,2022,15,2022-09-04,Dutch Grand Prix,zandvoort,1,hamilton,Hamilton,131,Mercedes,4,4,12.0,1,4.0,0,0
1088,2022,15,2022-09-04,Dutch Grand Prix,zandvoort,815,perez,Pérez,9,Red Bull,5,5,10.0,1,5.0,0,0
1088,2022,15,2022-09-04,Dutch Grand Prix,zandvoort,4,alonso,Alonso,214,Alpine F1 Team,13,6,8.0,1,13.0,0,0
1088,2022,15,2022-09-04,Dutch Grand Prix,zandvoort,846,norris,Norris,1,McLaren,7,7,6.0,1,7.0,0,0
1088,2022,15,2022-09-04,Dutch Grand Prix,zandvoort,832,sainz,Sainz,6,Ferrari,3,8,4.0,1,3.0,0,0
1088,2022,15,2022-09-04,Dutch Grand Prix,zandvoort,839,ocon,Ocon,214,Alpine F1 Team,12,9,2.0,1,12.0,0,0
1088,2022,15,2022-09-04,Dutch Grand Prix,zandvoort,840,stroll,Stroll,117,Aston Martin,10,10,1.0,1,10.0,0,0
1088,2022,15,2022-09-04,Dutch Grand Prix,zandvoort,842,gasly,Gasly,213,AlphaTauri,11,11,0.0,1,11.0,0,0
1088,2022,15,2022-09-04,Dutch Grand Prix,zandvoort,848,albon,Albon,3,Williams,15,12,0.0,1,15.0,0,0
1088,2022,15,2022-09-04,Dutch Grand Prix,zandvoort,854,mick_schumacher,Schumacher,210,Haas F1 Team,8,13,0.0,1,8.0,0,0
1088,2022,15,2022-09-04,Dutch Grand Prix,zandvoort,20,vettel,Vettel,117,Aston Martin,19,14,0.0,1,19.0,0,0
1088,2022,15,2022-09-04,Dutch Grand Prix,zandvoort,825,kevin_magnussen,Magnussen,210,Haas F1 Team,18,15,0.0,1,18.0,0,0
1088,2022,15,2022-09-04,Dutch Grand Prix,zandvoort,855,zhou,Zhou,51,Alfa Romeo,14,16,0.0,1,14.0,0,1
1088,2022,15,2022-09-04,Dutch Grand Prix,zandvoort,817,ricciardo,Ricciardo,1,McLaren,17,17,0.0,1,17.0,0,1
1088,2022,15,2022-09-04,Dutch Grand Prix,zandvoort,849,latifi,Latifi,3,Williams,20,18,0.0,11,20.0,0,1
1088,2022,15,2022-09-04,Dutch Grand Prix,zandvoort,822,bottas,Bottas,51,Alfa Romeo,16,19,0.0,5,16.0,0,1
1088,2022,15,2022-09-04,Dutch Grand Prix,zandvoort,852,tsunoda,Tsunoda,213,AlphaTauri,9,20,0.0,24,9.0,0,1
1089,2022,16,2022-09-11,Italian Grand Prix,monza,830,max_verstappen,Verstappen,9,Red Bull,7,1,25.0,1,2.0,1,0
1089,2022,16,2022-09-11,Italian Grand Prix,monza,844,leclerc,Leclerc,6,Ferrari,1,2,18.0,1,1.0,0,0
1089,2022,16,2022-09-11,Italian Grand Prix,monza,847,russell,Russell,131,Mercedes,2,3,15.0,1,6.0,0,0
1089,2022,16,2022-09-11,Italian Grand Prix,monza,832,sainz,Sainz,6,Ferrari,18,4,12.0,1,3.0,0,0
1089,2022,16,2022-09-11,Italian Grand Prix,monza,1,hamilton,Hamilton,131,Mercedes,19,5,10.0,1,5.0,0,0
1089,2022,16,2022-09-11,Italian Grand Prix,monza,815,perez,Pérez,9,Red Bull,13,6,9.0,1,4.0,0,0
1089,2022,16,2022-09-11,Italian Grand Prix,monza,846,norris,Norris,1,McLaren,3,7,6.0,1,7.0,0,0
1089,2022,16,2022-09-11,Italian Grand Prix,monza,842,gasly,Gasly,213,AlphaTauri,5,8,4.0,1,9.0,0,0
1089,2022,16,2022-09-11,Italian Grand Prix,monza,856,de_vries,de Vries,3,Williams,8,9,2.0,1,13.0,0,0
1089,2022,16,2022-09-11,Italian Grand Prix,monza,855,zhou,Zhou,51,Alfa Romeo,9,10,1.0,1,14.0,0,0
1089,2022,16,2022-09-11,Italian Grand Prix,monza,839,ocon,Ocon,214,Alpine F1 Team,14,11,0.0,1,11.0,0,0
1089,2022,16,2022-09-11,Italian Grand Prix,monza,854,mick_schumacher,Schumacher,210,Haas F1 Team,17,12,0.0,1,20.0,0,0
1089,2022,16,2022-09-11,Italian Grand Prix,monza,822,bottas,Bottas,51,Alfa Romeo,15,13,0.0,11,12.0,0,0
1089,2022,16,2022-09-11,Italian Grand Prix,monza,852,tsunoda,Tsunoda,213,AlphaTauri,20,14,0.0,11,15.0,0,0
1089,2022,16,2022-09-11,Italian Grand Prix,monza,849,latifi,Latifi,3,Williams,10,15,0.0,11,16.0,0,0
1089,2022,16,2022-09-11,Italian Grand Prix,monza,825,kevin_magnussen,Magnussen,210,Haas F1 Team,16,16,0.0,11,19.0,0,1
1089,2022,16,2022-09-11,Italian Grand Prix,monza,817,ricciardo,Ricciardo,1,McLaren,4,17,0.0,44,8.0,0,1
1089,2022,16,2022-09-11,Italian Grand Prix,monza,840,stroll,Stroll,117,Aston Martin,12,18,0.0,5,18.0,0,1
1089,2022,16,2022-09-11,Italian Grand Prix,monza,4,alonso,Alonso,214,Alpine F1 Team,6,19,0.0,34,10.0,0,1
1089,2022,16,2022-09-11,Italian Grand Prix,monza,20,vettel,Vettel,117,Aston Martin,11,20,0.0,5,17.0,0,1
1091,2022,17,2022-10-02,Singapore Grand Prix,marina_bay,815,perez,Pérez,9,Red Bull,2,1,25.0,1,2.0,1,0
1091,2022,17,2022-10-02,Singapore Grand Prix,marina_bay,844,leclerc,Leclerc,6,Ferrari,1,2,18.0,1,1.0,0,0
1091,2022,17,2022-10-02,Singapore Grand Prix,marina_bay,832,sainz,Sainz,6,Ferrari,4,3,15.0,1,4.0,0,0
1091,2022,17,2022-10-02,Singapore Grand Prix,marina_bay,846,norris,Norris,1,McLaren,6,4,12.0,1,6.0,0,0
1091,2022,17,2022-10-02,Singapore Grand Prix,marina_bay,817,ricciardo,Ricciardo,1,McLaren,16,5,10.0,1,17.0,0,0
1091,2022,17,2022-10-02,Singapore Grand Prix,marina_bay,840,stroll,Stroll,117,Aston Martin,11,6,8.0,1,12.0,0,0
1091,2022,17,2022-10-02,Singapore Grand Prix,marina_bay,830,max_verstappen,Verstappen,9,Red Bull,8,7,6.0,1,8.0,0,0
1091,2022,17,2022-10-02,Singapore Grand Prix,marina_bay,20,vettel,Vettel,117,Aston Martin,13,8,4.0,1,14.0,0,0
1091,2022,17,2022-10-02,Singapore Grand Prix,marina_bay,1,hamilton,Hamilton,131,Mercedes,3,9,2.0,1,3.0,0,0
1091,2022,17,2022-10-02,Singapore Grand Prix,marina_bay,842,gasly,Gasly,213,AlphaTauri,7,10,1.0,1,7.0,0,0
1091,2022,17,2022-10-02,Singapore Grand Prix,marina_bay,822,bottas,Bottas,51,Alfa Romeo,15,11,0.0,1,16.0,0,0
1091,2022,17,2022-10-02,Singapore Grand Prix,marina_bay,825,kevin_magnussen,Magnussen,210,Haas F1 Team,9,12,0.0,1,9.0,0,0
1091,2022,17,2022-10-02,Singapore Grand Prix,marina_bay,854,mick_schumacher,Schumacher,210,Haas F1 Team,12,13,0.0,11,13.0,0,0
1091,2022,17,2022-10-02,Singapore Grand Prix,marina_bay,847,russell,Russell,131,Mercedes,0,14,0.0,12,11.0,0,0
1091,2022,17,2022-10-02,Singapore Grand Prix,marina_bay,852,tsunoda,Tsunoda,213,AlphaTauri,10,15,0.0,3,10.0,0,0
1091,2022,17,2022-10-02,Singapore Grand Prix,marina_bay,839,ocon,Ocon,214,Alpine F1 Team,17,16,0.0,5,18.0,0,1
1091,2022,17,2022-10-02,Singapore Grand Prix,marina_bay,848,albon,Albon,3,Williams,18,17,0.0,130,19.0,0,1
1091,2022,17,2022-10-02,Singapore Grand Prix,marina_bay,4,alonso,Alonso,214,Alpine F1 Team,5,18,0.0,5,5.0,0,1
1091,2022,17,2022-10-02,Singapore Grand Prix,marina_bay,849,latifi,Latifi,3,Williams,19,19,0.0,130,20.0,0,1
1091,2022,17,2022-10-02,Singapore Grand Prix,marina_bay,855,zhou,Zhou,51,Alfa Romeo,14,20,0.0,4,15.0,0,1
1092,2022,18,2022-10-09,Japanese Grand Prix,suzuka,830,max_verstappen,Verstappen,9,Red Bull,1,1,25.0,1,1.0,1,0
1092,2022,18,2022-10-09,Japanese Grand Prix,suzuka,815,perez,Pérez,9,Red Bull,4,2,18.0,1,4.0,0,0
1092,2022,18,2022-10-09,Japanese Grand Prix,suzuka,844,leclerc,Leclerc,6,Ferrari,2,3,15.0,1,2.0,0,0
1092,2022,18,2022-10-09,Japanese Grand Prix,suzuka,839,ocon,Ocon,214,Alpine F1 Team,5,4,12.0,1,5.0,0,0
1092,2022,18,2022-10-09,Japanese Grand Prix,suzuka,1,hamilton,Hamilton,131,Mercedes,6,5,10.0,1,6.0,0,0
1092,2022,18,2022-10-09,Japanese Grand Prix,suzuka,20,vettel,Vettel,117,Aston Martin,9,6,8.0,1,9.0,0,0
1092,2022,18,2022-10-09,Japanese Grand Prix,suzuka,4,alonso,Alonso,214,Alpine F1 Team,7,7,6.0,1,7.0,0,0
1092,2022,18,2022-10-09,Japanese Grand Prix,suzuka,847,russell,Russell,131,Mercedes,8,8,4.0,1,8.0,0,0
1092,2022,18,2022-10-09,Japanese Grand Prix,suzuka,849,latifi,Latifi,3,Williams,20,9,2.0,1,20.0,0,0
1092,2022,18,2022-10-09,Japanese Grand Prix,suzuka,846,norris,Norris,1,McLaren,10,10,1.0,1,10.0,0,0
1092,2022,18,2022-10-09,Japanese Grand Prix,suzuka,817,ricciardo,Ricciardo,1,McLaren,11,11,0.0,1,11.0,0,0
1092,2022,18,2022-10-09,Japanese Grand Prix,suzuka,840,stroll,Stroll,117,Aston Martin,19,12,0.0,1,19.0,0,0
1092,2022,18,2022-10-09,Japanese Grand Prix,suzuka,852,tsunoda,Tsunoda,213,AlphaTauri,13,13,0.0,1,13.0,0,0
1092,2022,18,2022-10-09,Japanese Grand Prix,suzuka,825,kevin_magnussen,Magnussen,210,Haas F1 Team,18,14,0.0,1,18.0,0,0
1092,2022,18,2022-10-09,Japanese Grand Prix,suzuka,822,bottas,Bottas,51,Alfa Romeo,12,15,0.0,1,12.0,0,0
1092,2022,18,2022-10-09,Japanese Grand Prix,suzuka,855,zhou,Zhou,51,Alfa Romeo,14,16,0.0,1,14.0,0,1
1092,2022,18,2022-10-09,Japanese Grand Prix,suzuka,854,mick_schumacher,Schumacher,210,Haas F1 Team,15,17,0.0,1,15.0,0,1
1092,2022,18,2022-10-09,Japanese Grand Prix,suzuka,842,gasly,Gasly,213,AlphaTauri,17,18,0.0,1,17.0,0,1
1092,2022,18,2022-10-09,Japanese Grand Prix,suzuka,832,sainz,Sainz,6,Ferrari,3,19,0.0,3,3.0,0,1
1092,2022,18,2022-10-09,Japanese Grand Prix,suzuka,848,albon,Albon,3,Williams,16,20,0.0,9,16.0,0,1
1093,2022,19,2022-10-23,United States Grand Prix,americas,830,max_verstappen,Verstappen,9,Red Bull,2,1,25.0,1,3.0,1,0
1093,2022,19,2022-10-23,United States Grand Prix,americas,1,hamilton,Hamilton,131,Mercedes,3,2,18.0,1,5.0,0,0
1093,2022,19,2022-10-23,United States Grand Prix,americas,844,leclerc,Leclerc,6,Ferrari,12,3,15.0,1,2.0,0,0
1093,2022,19,2022-10-23,United States Grand Prix,americas,815,perez,Pérez,9,Red Bull,9,4,12.0,1,4.0,0,0
1093,2022,19,2022-10-23,United States Grand Prix,americas,847,russell,Russell,131,Mercedes,4,5,11.0,1,6.0,0,0
1093,2022,19,2022-10-23,United States Grand Prix,americas,846,norris,Norris,1,McLaren,6,6,8.0,1,8.0,0,0
1093,2022,19,2022-10-23,United States Grand Prix,americas,4,alonso,Alonso,214,Alpine F1 Team,14,7,6.0,1,9.0,0,0
1093,2022,19,2022-10-23,United States Grand Prix,americas,20,vettel,Vettel,117,Aston Martin,10,8,4.0,1,12.0,0,0
1093,2022,19,2022-10-23,United States Grand Prix,americas,825,kevin_magnussen,Magnussen,210,Haas F1 Team,13,9,2.0,1,16.0,0,0
1093,2022,19,2022-10-23,United States Grand Prix,americas,852,tsunoda,Tsunoda,213,AlphaTauri,19,10,1.0,1,15.0,0,0
1093,2022,19,2022-10-23,United States Grand Prix,americas,839,ocon,Ocon,214,Alpine F1 Team,0,11,0.0,1,18.0,0,0
1093,2022,19,2022-10-23,United States Grand Prix,americas,855,zhou,Zhou,51,Alfa Romeo,18,12,0.0,1,14.0,0,0
1093,2022,19,2022-10-23,United States Grand Prix,americas,848,albon,Albon,3,Williams,8,13,0.0,1,11.0,0,0
1093,2022,19,2022-10-23,United States Grand Prix,americas,842,gasly,Gasly,213,AlphaTauri,11,14,0.0,1,13.0,0,0
1093,2022,19,2022-10-23,United States Grand Prix,americas,854,mick_schumacher,Schumacher,210,Haas F1 Team,16,15,0.0,1,19.0,0,0
1093,2022,19,2022-10-23,United States Grand Prix,americas,817,ricciardo,Ricciardo,1,McLaren,15,16,0.0,1,17.0,0,1
1093,2022,19,2022-10-23,United States Grand Prix,americas,849,latifi,Latifi,3,Williams,17,17,0.0,1,20.0,0,1
1093,2022,19,2022-10-23,United States Grand Prix,americas,840,stroll,Stroll,117,Aston Martin,5,18,0.0,4,7.0,0,1
1093,2022,19,2022-10-23,United States Grand Prix,americas,822,bottas,Bottas,51,Alfa Romeo,7,19,0.0,20,10.0,0,1
1093,2022,19,2022-10-23,United States Grand Prix,americas,832,sainz,Sainz,6,Ferrari,1,20,0.0,130,1.0,0,1
1094,2022,20,2022-10-30,Mexico City Grand Prix,rodriguez,830,max_verstappen,Verstappen,9,Red Bull,1,1,25.0,1,1.0,1,0
1094,2022,20,2022-10-30,Mexico City Grand Prix,rodriguez,1,hamilton,Hamilton,131,Mercedes,3,2,18.0,1,3.0,0,0
1094,2022,20,2022-10-30,Mexico City Grand Prix,rodriguez,815,perez,Pérez,9,Red Bull,4,3,15.0,1,4.0,0,0
1094,2022,20,2022-10-30,Mexico City Grand Prix,rodriguez,847,russell,Russell,131,Mercedes,2,4,13.0,1,2.0,0,0
1094,2022,20,2022-10-30,Mexico City Grand Prix,rodriguez,832,sainz,Sainz,6,Ferrari,5,5,10.0,1,5.0,0,0
1094,2022,20,2022-10-30,Mexico City Grand Prix,rodriguez,844,leclerc,Leclerc,6,Ferrari,7,6,8.0,1,7.0,0,0
1094,2022,20,2022-10-30,Mexico City Grand Prix,rodriguez,817,ricciardo,Ricciardo,1,McLaren,11,7,6.0,11,11.0,0,0
1094,2022,20,2022-10-30,Mexico City Grand Prix,rodriguez,839,ocon,Ocon,214,Alpine F1 Team,10,8,4.0,11,10.0,0,0
1094,2022,20,2022-10-30,Mexico City Grand Prix,rodriguez,846,norris,Norris,1,McLaren,8,9,2.0,11,8.0,0,0
1094,2022,20,2022-10-30,Mexico City Grand Prix,rodriguez,822,bottas,Bottas,51,Alfa Romeo,6,10,1.0,11,6.0,0,0
1094,2022,20,2022-10-30,Mexico City Grand Prix,rodriguez,842,gasly,Gasly,213,AlphaTauri,14,11,0.0,11,14.0,0,0
1094,2022,20,2022-10-30,Mexico City Grand Prix,rodriguez,848,albon,Albon,3,Williams,17,12,0.0,11,19.0,0,0
1094,2022,20,2022-10-30,Mexico City Grand Prix,rodriguez,855,zhou,Zhou,51,Alfa Romeo,12,13,0.0,11,12.0,0,0
1094,2022,20,2022-10-30,Mexico City Grand Prix,rodriguez,20,vettel,Vettel,117,Aston Martin,16,14,0.0,11,17.0,0,0
1094,2022,20,2022-10-30,Mexico City Grand Prix,rodriguez,840,stroll,Stroll,117,Aston Martin,20,15,0.0,11,18.0,0,0
1094,2022,20,2022-10-30,Mexico City Grand Prix,rodriguez,854,mick_schumacher,Schumacher,210,Haas F1 Team,15,16,0.0,11,16.0,0,1
1094,2022,20,2022-10-30,Mexico City Grand Prix,rodriguez,825,kevin_magnussen,Magnussen,210,Haas F1 Team,19,17,0.0,11,15.0,0,1
1094,2022,20,2022-10-30,Mexico City Grand Prix,rodriguez,849,latifi,Latifi,3,Williams,18,18,0.0,12,20.0,0,1
1094,2022,20,2022-10-30,Mexico City Grand Prix,rodriguez,4,alonso,Alonso,214,Alpine F1 Team,9,19,0.0,5,9.0,0,1
1094,2022,20,2022-10-30,Mexico City Grand Prix,rodriguez,852,tsunoda,Tsunoda,213,AlphaTauri,13,20,0.0,130,13.0,0,1
1095,2022,21,2022-11-13,São Paulo Grand Prix,interlagos,847,russell,Russell,131,Mercedes,1,1,26.0,1,3.0,1,0
1095,2022,21,2022-11-13,São Paulo Grand Prix,interlagos,1,hamilton,Hamilton,131,Mercedes,2,2,18.0,1,8.0,0,0
1095,2022,21,2022-11-13,São Paulo Grand Prix,interlagos,832,sainz,Sainz,6,Ferrari,7,3,15.0,1,5.0,0,0
1095,2022,21,2022-11-13,São Paulo Grand Prix,interlagos,844,leclerc,Leclerc,6,Ferrari,5,4,12.0,1,10.0,0,0
1095,2022,21,2022-11-13,São Paulo Grand Prix,interlagos,4,alonso,Alonso,214,Alpine F1 Team,17,5,10.0,1,7.0,0,0
1095,2022,21,2022-11-13,São Paulo Grand Prix,interlagos,830,max_verstappen,Verstappen,9,Red Bull,3,6,8.0,1,2.0,0,0
1095,2022,21,2022-11-13,São Paulo Grand Prix,interlagos,815,perez,Pérez,9,Red Bull,4,7,6.0,1,9.0,0,0
1095,2022,21,2022-11-13,São Paulo Grand Prix,interlagos,839,ocon,Ocon,214,Alpine F1 Team,16,8,4.0,1,6.0,0,0
1095,2022,21,2022-11-13,São Paulo Grand Prix,interlagos,822,bottas,Bottas,51,Alfa Romeo,14,9,2.0,1,18.0,0,0
1095,2022,21,2022-11-13,São Paulo Grand Prix,interlagos,840,stroll,Stroll,117,Aston Martin,15,10,1.0,1,15.0,0,0
1095,2022,21,2022-11-13,São Paulo Grand Prix,interlagos,20,vettel,Vettel,117,Aston Martin,9,11,0.0,1,13.0,0,0
1095,2022,21,2022-11-13,São Paulo Grand Prix,interlagos,855,zhou,Zhou,51,Alfa Romeo,13,12,0.0,1,17.0,0,0
1095,2022,21,2022-11-13,São Paulo Grand Prix,interlagos,854,mick_schumacher,Schumacher,210,Haas F1 Team,12,13,0.0,1,20.0,0,0
1095,2022,21,2022-11-13,São Paulo Grand Prix,interlagos,842,gasly,Gasly,213,AlphaTauri,10,14,0.0,1,12.0,0,0
1095,2022,21,2022-11-13,São Paulo Grand Prix,interlagos,848,albon,Albon,3,Williams,19,15,0.0,1,11.0,0,0
1095,2022,21,2022-11-13,São Paulo Grand Prix,interlagos,849,latifi,Latifi,3,Williams,18,16,0.0,1,16.0,0,1
1095,2022,21,2022-11-13,São Paulo Grand Prix,interlagos,852,tsunoda,Tsunoda,213,AlphaTauri,0,17,0.0,11,19.0,0,1
1095,2022,21,2022-11-13,São Paulo Grand Prix,interlagos,846,norris,Norris,1,McLaren,6,18,0.0,6,4.0,0,1
1095,2022,21,2022-11-13,São Paulo Grand Prix,interlagos,825,kevin_magnussen,Magnussen,210,Haas F1 Team,8,19,0.0,4,1.0,0,1
1095,2022,21,2022-11-13,São Paulo Grand Prix,interlagos,817,ricciardo,Ricciardo,1,McLaren,11,20,0.0,4,14.0,0,1
1096,2022,22,2022-11-20,Abu Dhabi Grand Prix,yas_marina,830,max_verstappen,Verstappen,9,Red Bull,1,1,25.0,1,1.0,1,0
1096,2022,22,2022-11-20,Abu Dhabi Grand Prix,yas_marina,844,leclerc,Leclerc,6,Ferrari,3,2,18.0,1,3.0,0,0
1096,2022,22,2022-11-20,Abu Dhabi Grand Prix,yas_marina,815,perez,Pérez,9,Red Bull,2,3,15.0,1,2.0,0,0
1096,2022,22,2022-11-20,Abu Dhabi Grand Prix,yas_marina,832,sainz,Sainz,6,Ferrari,4,4,12.0,1,4.0,0,0
1096,2022,22,2022-11-20,Abu Dhabi Grand Prix,yas_marina,847,russell,Russell,131,Mercedes,6,5,10.0,1,6.0,0,0
1096,2022,22,2022-11-20,Abu Dhabi Grand Prix,yas_marina,846,norris,Norris,1,McLaren,7,6,9.0,1,7.0,0,0
1096,2022,22,2022-11-20,Abu Dhabi Grand Prix,yas_marina,839,ocon,Ocon,214,Alpine F1 Team,8,7,6.0,1,8.0,0,0
1096,2022,22,2022-11-20,Abu Dhabi Grand Prix,yas_marina,840,stroll,Stroll,117,Aston Martin,14,8,4.0,1,14.0,0,0
1096,2022,22,2022-11-20,Abu Dhabi Grand Prix,yas_marina,817,ricciardo,Ricciardo,1,McLaren,13,9,2.0,1,10.0,0,0
1096,2022,22,2022-11-20,Abu Dhabi Grand Prix,yas_marina,20,vettel,Vettel,117,Aston Martin,9,10,1.0,1,9.0,0,0
1096,2022,22,2022-11-20,Abu Dhabi Grand Prix,yas_marina,852,tsunoda,Tsunoda,213,AlphaTauri,11,11,0.0,1,12.0,0,0
1096,2022,22,2022-11-20,Abu Dhabi Grand Prix,yas_marina,855,zhou,Zhou,51,Alfa Romeo,15,12,0.0,11,15.0,0,0
1096,2022,22,2022-11-20,Abu Dhabi Grand Prix,yas_marina,848,albon,Albon,3,Williams,19,13,0.0,11,19.0,0,0
1096,2022,22,2022-11-20,Abu Dhabi Grand Prix,yas_marina,842,gasly,Gasly,213,AlphaTauri,17,14,0.0,11,17.0,0,0
1096,2022,22,2022-11-20,Abu Dhabi Grand Prix,yas_marina,822,bottas,Bottas,51,Alfa Romeo,18,15,0.0,11,18.0,0,0
1096,2022,22,2022-11-20,Abu Dhabi Grand Prix,yas_marina,854,mick_schumacher,Schumacher,210,Haas F1 Team,12,16,0.0,11,13.0,0,1
1096,2022,22,2022-11-20,Abu Dhabi Grand Prix,yas_marina,825,kevin_magnussen,Magnussen,210,Haas F1 Team,16,17,0.0,11,16.0,0,1
1096,2022,22,2022-11-20,Abu Dhabi Grand Prix,yas_marina,1,hamilton,Hamilton,131,Mercedes,5,18,0.0,9,5.0,0,1
1096,2022,22,2022-11-20,Abu Dhabi Grand Prix,yas_marina,849,latifi,Latifi,3,Williams,20,19,0.0,130,20.0,0,1
1096,2022,22,2022-11-20,Abu Dhabi Grand Prix,yas_marina,4,alonso,Alonso,214,Alpine F1 Team,10,20,0.0,47,11.0,0,1
1098,2023,1,2023-03-05,Bahrain Grand Prix,bahrain,830,max_verstappen,Verstappen,9,Red Bull,1,1,25.0,1,1.0,1,0
1098,2023,1,2023-03-05,Bahrain Grand Prix,bahrain,815,perez,Pérez,9,Red Bull,2,2,18.0,1,2.0,0,0
1098,2023,1,2023-03-05,Bahrain Grand Prix,bahrain,4,alonso,Alonso,117,Aston Martin,5,3,15.0,1,5.0,0,0
1098,2023,1,2023-03-05,Bahrain Grand Prix,bahrain,832,sainz,Sainz,6,Ferrari,4,4,12.0,1,4.0,0,0
1098,2023,1,2023-03-05,Bahrain Grand Prix,bahrain,1,hamilton,Hamilton,131,Mercedes,7,5,10.0,1,7.0,0,0
1098,2023,1,2023-03-05,Bahrain Grand Prix,bahrain,840,stroll,Stroll,117,Aston Martin,8,6,8.0,1,8.0,0,0
1098,2023,1,2023-03-05,Bahrain Grand Prix,bahrain,847,russell,Russell,131,Mercedes,6,7,6.0,1,6.0,0,0
1098,2023,1,2023-03-05,Bahrain Grand Prix,bahrain,822,bottas,Bottas,51,Alfa Romeo,12,8,4.0,1,12.0,0,0
1098,2023,1,2023-03-05,Bahrain Grand Prix,bahrain,842,gasly,Gasly,214,Alpine F1 Team,20,9,2.0,1,20.0,0,0
1098,2023,1,2023-03-05,Bahrain Grand Prix,bahrain,848,albon,Albon,3,Williams,15,10,1.0,1,15.0,0,0
1098,2023,1,2023-03-05,Bahrain Grand Prix,bahrain,852,tsunoda,Tsunoda,213,AlphaTauri,14,11,0.0,1,14.0,0,0
1098,2023,1,2023-03-05,Bahrain Grand Prix,bahrain,858,sargeant,Sargeant,3,Williams,16,12,0.0,11,16.0,0,0
1098,2023,1,2023-03-05,Bahrain Grand Prix,bahrain,825,kevin_magnussen,Magnussen,210,Haas F1 Team,17,13,0.0,11,17.0,0,0
1098,2023,1,2023-03-05,Bahrain Grand Prix,bahrain,856,de_vries,de Vries,213,AlphaTauri,19,14,0.0,11,19.0,0,0
1098,2023,1,2023-03-05,Bahrain Grand Prix,bahrain,807,hulkenberg,Hülkenberg,210,Haas F1 Team,10,15,0.0,11,10.0,0,0
1098,2023,1,2023-03-05,Bahrain Grand Prix,bahrain,855,zhou,Zhou,51,Alfa Romeo,13,16,0.0,11,13.0,0,1
1098,2023,1,2023-03-05,Bahrain Grand Prix,bahrain,846,norris,Norris,1,McLaren,11,17,0.0,12,11.0,0,1
1098,2023,1,2023-03-05,Bahrain Grand Prix,bahrain,839,ocon,Ocon,214,Alpine F1 Team,9,18,0.0,26,9.0,0,1
1098,2023,1,2023-03-05,Bahrain Grand Prix,bahrain,844,leclerc,Leclerc,6,Ferrari,3,19,0.0,5,3.0,0,1
1098,2023,1,2023-03-05,Bahrain Grand Prix,bahrain,857,piastri,Piastri,1,McLaren,18,20,0.0,10,18.0,0,1
1099,2023,2,2023-03-19,Saudi Arabian Grand Prix,jeddah,815,perez,Pérez,9,Red Bull,1,1,25.0,1,1.0,1,0
1099,2023,2,2023-03-19,Saudi Arabian Grand Prix,jeddah,830,max_verstappen,Verstappen,9,Red Bull,15,2,19.0,1,15.0,0,0
1099,2023,2,2023-03-19,Saudi Arabian Grand Prix,jeddah,4,alonso,Alonso,117,Aston Martin,2,3,15.0,1,3.0,0,0
1099,2023,2,2023-03-19,Saudi Arabian Grand Prix,jeddah,847,russell,Russell,131,Mercedes,3,4,12.0,1,4.0,0,0
1099,2023,2,2023-03-19,Saudi Arabian Grand Prix,jeddah,1,hamilton,Hamilton,131,Mercedes,7,5,10.0,1,8.0,0,0
1099,2023,2,2023-03-19,Saudi Arabian Grand Prix,jeddah,832,sainz,Sainz,6,Ferrari,4,6,8.0,1,5.0,0,0
1099,2023,2,2023-03-19,Saudi Arabian Grand Prix,jeddah,844,leclerc,Leclerc,6,Ferrari,12,7,6.0,1,2.0,0,0
1099,2023,2,2023-03-19,Saudi Arabian Grand Prix,jeddah,839,ocon,Ocon,214,Alpine F1 Team,6,8,4.0,1,7.0,0,0
1099,2023,2,2023-03-19,Saudi Arabian Grand Prix,jeddah,842,gasly,Gasly,214,Alpine F1 Team,9,9,2.0,1,10.0,0,0
1099,2023,2,2023-03-19,Saudi Arabian Grand Prix,jeddah,825,kevin_magnussen,Magnussen,210,Haas F1 Team,13,10,1.0,1,13.0,0,0
1099,2023,2,2023-03-19,Saudi Arabian Grand Prix,jeddah,852,tsunoda,Tsunoda,213,AlphaTauri,16,11,0.0,1,16.0,0,0
1099,2023,2,2023-03-19,Saudi Arabian Grand Prix,jeddah,807,hulkenberg,Hülkenberg,210,Haas F1 Team,10,12,0.0,1,11.0,0,0
1099,2023,2,2023-03-19,Saudi Arabian Grand Prix,jeddah,855,zhou,Zhou,51,Alfa Romeo,11,13,0.0,1,12.0,0,0
1099,2023,2,2023-03-19,Saudi Arabian Grand Prix,jeddah,856,de_vries,de Vries,213,AlphaTauri,18,14,0.0,1,18.0,0,0
1099,2023,2,2023-03-19,Saudi Arabian Grand Prix,jeddah,857,piastri,Piastri,1,McLaren,8,15,0.0,1,9.0,0,0
1099,2023,2,2023-03-19,Saudi Arabian Grand Prix,jeddah,858,sargeant,Sargeant,3,Williams,20,16,0.0,1,20.0,0,1
1099,2023,2,2023-03-19,Saudi Arabian Grand Prix,jeddah,846,norris,Norris,1,McLaren,19,17,0.0,1,19.0,0,1
1099,2023,2,2023-03-19,Saudi Arabian Grand Prix,jeddah,822,bottas,Bottas,51,Alfa Romeo,14,18,0.0,11,14.0,0,1
1099,2023,2,2023-03-19,Saudi Arabian Grand Prix,jeddah,848,albon,Albon,3,Williams,17,19,0.0,23,17.0,0,1
1099,2023,2,2023-03-19,Saudi Arabian Grand Prix,jeddah,840,stroll,Stroll,117,Aston Martin,5,20,0.0,5,6.0,0,1
1100,2023,3,2023-04-02,Australian Grand Prix,albert_park,830,max_verstappen,Verstappen,9,Red Bull,1,1,25.0,1,1.0,1,0
1100,2023,3,2023-04-02,Australian Grand Prix,albert_park,1,hamilton,Hamilton,131,Mercedes,3,2,18.0,1,3.0,0,0
1100,2023,3,2023-04-02,Australian Grand Prix,albert_park,4,alonso,Alonso,117,Aston Martin,4,3,15.0,1,4.0,0,0
1100,2023,3,2023-04-02,Australian Grand Prix,albert_park,840,stroll,Stroll,117,Aston Martin,6,4,12.0,1,6.0,0,0
1100,2023,3,2023-04-02,Australian Grand Prix,albert_park,815,perez,Pérez,9,Red Bull,0,5,11.0,1,20.0,0,0
1100,2023,3,2023-04-02,Australian Grand Prix,albert_park,846,norris,Norris,1,McLaren,13,6,8.0,1,13.0,0,0
1100,2023,3,2023-04-02,Australian Grand Prix,albert_park,807,hulkenberg,Hülkenberg,210,Haas F1 Team,10,7,6.0,1,10.0,0,0
1100,2023,3,2023-04-02,Australian Grand Prix,albert_park,857,piastri,Piastri,1,McLaren,16,8,4.0,1,16.0,0,0
1100,2023,3,2023-04-02,Australian Grand Prix,albert_park,855,zhou,Zhou,51,Alfa Romeo,17,9,2.0,1,17.0,0,0
1100,2023,3,2023-04-02,Australian Grand Prix,albert_park,852,tsunoda,Tsunoda,213,AlphaTauri,12,10,1.0,1,12.0,0,0
1100,2023,3,2023-04-02,Australian Grand Prix,albert_park,822,bottas,Bottas,51,Alfa Romeo,0,11,0.0,1,19.0,0,0
1100,2023,3,2023-04-02,Australian Grand Prix,albert_park,832,sainz,Sainz,6,Ferrari,5,12,0.0,1,5.0,0,0
1100,2023,3,2023-04-02,Australian Grand Prix,albert_park,842,gasly,Gasly,214,Alpine F1 Team,9,13,0.0,4,9.0,0,0
1100,2023,3,2023-04-02,Australian Grand Prix,albert_park,839,ocon,Ocon,214,Alpine F1 Team,11,14,0.0,4,11.0,0,0
1100,2023,3,2023-04-02,Australian Grand Prix,albert_park,856,de_vries,de Vries,213,AlphaTauri,15,15,0.0,4,15.0,0,0
1100,2023,3,2023-04-02,Australian Grand Prix,albert_park,858,sargeant,Sargeant,3,Williams,18,16,0.0,4,18.0,0,1
1100,2023,3,2023-04-02,Australian Grand Prix,albert_park,825,kevin_magnussen,Magnussen,210,Haas F1 Team,14,17,0.0,3,14.0,0,1
1100,2023,3,2023-04-02,Australian Grand Prix,albert_park,847,russell,Russell,131,Mercedes,2,18,0.0,5,2.0,0,1
1100,2023,3,2023-04-02,Australian Grand Prix,albert_park,848,albon,Albon,3,Williams,8,19,0.0,3,8.0,0,1
1100,2023,3,2023-04-02,Australian Grand Prix,albert_park,844,leclerc,Leclerc,6,Ferrari,7,20,0.0,4,7.0,0,1
1101,2023,4,2023-04-30,Azerbaijan Grand Prix,baku,815,perez,Pérez,9,Red Bull,3,1,25.0,1,3.0,1,0
1101,2023,4,2023-04-30,Azerbaijan Grand Prix,baku,830,max_verstappen,Verstappen,9,Red Bull,2,2,18.0,1,2.0,0,0
1101,2023,4,2023-04-30,Azerbaijan Grand Prix,baku,844,leclerc,Leclerc,6,Ferrari,1,3,15.0,1,1.0,0,0
1101,2023,4,2023-04-30,Azerbaijan Grand Prix,baku,4,alonso,Alonso,117,Aston Martin,6,4,12.0,1,6.0,0,0
1101,2023,4,2023-04-30,Azerbaijan Grand Prix,baku,832,sainz,Sainz,6,Ferrari,4,5,10.0,1,4.0,0,0
1101,2023,4,2023-04-30,Azerbaijan Grand Prix,baku,1,hamilton,Hamilton,131,Mercedes,5,6,8.0,1,5.0,0,0
1101,2023,4,2023-04-30,Azerbaijan Grand Prix,baku,840,stroll,Stroll,117,Aston Martin,9,7,6.0,1,9.0,0,0
1101,2023,4,2023-04-30,Azerbaijan Grand Prix,baku,847,russell,Russell,131,Mercedes,11,8,5.0,1,11.0,0,0
1101,2023,4,2023-04-30,Azerbaijan Grand Prix,baku,846,norris,Norris,1,McLaren,7,9,2.0,1,7.0,0,0
1101,2023,4,2023-04-30,Azerbaijan Grand Prix,baku,852,tsunoda,Tsunoda,213,AlphaTauri,8,10,1.0,1,8.0,0,0
1101,2023,4,2023-04-30,Azerbaijan Grand Prix,baku,857,piastri,Piastri,1,McLaren,10,11,0.0,1,10.0,0,0
1101,2023,4,2023-04-30,Azerbaijan Grand Prix,baku,848,albon,Albon,3,Williams,12,12,0.0,1,13.0,0,0
1101,2023,4,2023-04-30,Azerbaijan Grand Prix,baku,825,kevin_magnussen,Magnussen,210,Haas F1 Team,16,13,0.0,1,18.0,0,0
1101,2023,4,2023-04-30,Azerbaijan Grand Prix,baku,842,gasly,Gasly,214,Alpine F1 Team,17,14,0.0,1,19.0,0,0
1101,2023,4,2023-04-30,Azerbaijan Grand Prix,baku,839,ocon,Ocon,214,Alpine F1 Team,0,15,0.0,1,12.0,0,0
1101,2023,4,2023-04-30,Azerbaijan Grand Prix,baku,858,sargeant,Sargeant,3,Williams,14,16,0.0,1,15.0,0,1
1101,2023,4,2023-04-30,Azerbaijan Grand Prix,baku,807,hulkenberg,Hülkenberg,210,Haas F1 Team,0,17,0.0,11,17.0,0,1
1101,2023,4,2023-04-30,Azerbaijan Grand Prix,baku,822,bottas,Bottas,51,Alfa Romeo,13,18,0.0,11,14.0,0,1
1101,2023,4,2023-04-30,Azerbaijan Grand Prix,baku,855,zhou,Zhou,51,Alfa Romeo,15,19,0.0,25,16.0,0,1
1101,2023,4,2023-04-30,Azerbaijan Grand Prix,baku,856,de_vries,de Vries,213,AlphaTauri,18,20,0.0,3,20.0,0,1
1102,2023,5,2023-05-07,Miami Grand Prix,miami,830,max_verstappen,Verstappen,9,Red Bull,9,1,26.0,1,9.0,1,0
1102,2023,5,2023-05-07,Miami Grand Prix,miami,815,perez,Pérez,9,Red Bull,1,2,18.0,1,1.0,0,0
1102,2023,5,2023-05-07,Miami Grand Prix,miami,4,alonso,Alonso,117,Aston Martin,2,3,15.0,1,2.0,0,0
1102,2023,5,2023-05-07,Miami Grand Prix,miami,847,russell,Russell,131,Mercedes,6,4,12.0,1,6.0,0,0
1102,2023,5,2023-05-07,Miami Grand Prix,miami,832,sainz,Sainz,6,Ferrari,3,5,10.0,1,3.0,0,0
1102,2023,5,2023-05-07,Miami Grand Prix,miami,1,hamilton,Hamilton,131,Mercedes,13,6,8.0,1,13.0,0,0
1102,2023,5,2023-05-07,Miami Grand Prix,miami,844,leclerc,Leclerc,6,Ferrari,7,7,6.0,1,7.0,0,0
1102,2023,5,2023-05-07,Miami Grand Prix,miami,842,gasly,Gasly,214,Alpine F1 Team,5,8,4.0,1,5.0,0,0
1102,2023,5,2023-05-07,Miami Grand Prix,miami,839,ocon,Ocon,214,Alpine F1 Team,8,9,2.0,1,8.0,0,0
1102,2023,5,2023-05-07,Miami Grand Prix,miami,825,kevin_magnussen,Magnussen,210,Haas F1 Team,4,10,1.0,1,4.0,0,0
1102,2023,5,2023-05-07,Miami Grand Prix,miami,852,tsunoda,Tsunoda,213,AlphaTauri,17,11,0.0,1,17.0,0,0
1102,2023,5,2023-05-07,Miami Grand Prix,miami,840,stroll,Stroll,117,Aston Martin,18,12,0.0,1,18.0,0,0
1102,2023,5,2023-05-07,Miami Grand Prix,miami,822,bottas,Bottas,51,Alfa Romeo,10,13,0.0,1,10.0,0,0
1102,2023,5,2023-05-07,Miami Grand Prix,miami,848,albon,Albon,3,Williams,11,14,0.0,1,11.0,0,0
1102,2023,5,2023-05-07,Miami Grand Prix,miami,807,hulkenberg,Hülkenberg,210,Haas F1 Team,12,15,0.0,1,12.0,0,0
1102,2023,5,2023-05-07,Miami Grand Prix,miami,855,zhou,Zhou,51,Alfa Romeo,14,16,0.0,1,14.0,0,1
1102,2023,5,2023-05-07,Miami Grand Prix,miami,846,norris,Norris,1,McLaren,16,17,0.0,1,16.0,0,1
1102,2023,5,2023-05-07,Miami Grand Prix,miami,856,de_vries,de Vries,213,AlphaTauri,15,18,0.0,1,15.0,0,1
1102,2023,5,2023-05-07,Miami Grand Prix,miami,857,piastri,Piastri,1,McLaren,19,19,0.0,11,19.0,0,1
1102,2023,5,2023-05-07,Miami Grand Prix,miami,858,sargeant,Sargeant,3,Williams,20,20,0.0,11,20.0,0,1
1104,2023,6,2023-05-28,Monaco Grand Prix,monaco,830,max_verstappen,Verstappen,9,Red Bull,1,1,25.0,1,1.0,1,0
1104,2023,6,2023-05-28,Monaco Grand Prix,monaco,4,alonso,Alonso,117,Aston Martin,2,2,18.0,1,2.0,0,0
1104,2023,6,2023-05-28,Monaco Grand Prix,monaco,839,ocon,Ocon,214,Alpine F1 Team,3,3,15.0,1,4.0,0,0
1104,2023,6,2023-05-28,Monaco Grand Prix,monaco,1,hamilton,Hamilton,131,Mercedes,5,4,13.0,1,6.0,0,0
1104,2023,6,2023-05-28,Monaco Grand Prix,monaco,847,russell,Russell,131,Mercedes,8,5,10.0,1,8.0,0,0
1104,2023,6,2023-05-28,Monaco Grand Prix,monaco,844,leclerc,Leclerc,6,Ferrari,6,6,8.0,1,3.0,0,0
1104,2023,6,2023-05-28,Monaco Grand Prix,monaco,842,gasly,Gasly,214,Alpine F1 Team,7,7,6.0,1,7.0,0,0
1104,2023,6,2023-05-28,Monaco Grand Prix,monaco,832,sainz,Sainz,6,Ferrari,4,8,4.0,1,5.0,0,0
1104,2023,6,2023-05-28,Monaco Grand Prix,monaco,846,norris,Norris,1,McLaren,10,9,2.0,11,10.0,0,0
1104,2023,6,2023-05-28,Monaco Grand Prix,monaco,857,piastri,Piastri,1,McLaren,11,10,1.0,11,11.0,0,0
1104,2023,6,2023-05-28,Monaco Grand Prix,monaco,822,bottas,Bottas,51,Alfa Romeo,15,11,0.0,11,15.0,0,0
1104,2023,6,2023-05-28,Monaco Grand Prix,monaco,856,de_vries,de Vries,213,AlphaTauri,12,12,0.0,11,12.0,0,0
1104,2023,6,2023-05-28,Monaco Grand Prix,monaco,855,zhou,Zhou,51,Alfa Romeo,19,13,0.0,11,19.0,0,0
1104,2023,6,2023-05-28,Monaco Grand Prix,monaco,848,albon,Albon,3,Williams,13,14,0.0,11,13.0,0,0
1104,2023,6,2023-05-28,Monaco Grand Prix,monaco,852,tsunoda,Tsunoda,213,AlphaTauri,9,15,0.0,12,9.0,0,0
1104,2023,6,2023-05-28,Monaco Grand Prix,monaco,815,perez,Pérez,9,Red Bull,20,16,0.0,12,20.0,0,1
1104,2023,6,2023-05-28,Monaco Grand Prix,monaco,807,hulkenberg,Hülkenberg,210,Haas F1 Team,18,17,0.0,12,18.0,0,1
1104,2023,6,2023-05-28,Monaco Grand Prix,monaco,858,sargeant,Sargeant,3,Williams,16,18,0.0,12,16.0,0,1
1104,2023,6,2023-05-28,Monaco Grand Prix,monaco,825,kevin_magnussen,Magnussen,210,Haas F1 Team,17,19,0.0,130,17.0,0,1
1104,2023,6,2023-05-28,Monaco Grand Prix,monaco,840,stroll,Stroll,117,Aston Martin,14,20,0.0,3,14.0,0,1
1105,2023,7,2023-06-04,Spanish Grand Prix,catalunya,830,max_verstappen,Verstappen,9,Red Bull,1,1,26.0,1,1.0,1,0
1105,2023,7,2023-06-04,Spanish Grand Prix,catalunya,1,hamilton,Hamilton,131,Mercedes,4,2,18.0,1,5.0,0,0
1105,2023,7,2023-06-04,Spanish Grand Prix,catalunya,847,russell,Russell,131,Mercedes,12,3,15.0,1,12.0,0,0
1105,2023,7,2023-06-04,Spanish Grand Prix,catalunya,815,perez,Pérez,9,Red Bull,11,4,12.0,1,11.0,0,0
1105,2023,7,2023-06-04,Spanish Grand Prix,catalunya,832,sainz,Sainz,6,Ferrari,2,5,10.0,1,2.0,0,0
1105,2023,7,2023-06-04,Spanish Grand Prix,catalunya,840,stroll,Stroll,117,Aston Martin,5,6,8.0,1,6.0,0,0
1105,2023,7,2023-06-04,Spanish Grand Prix,catalunya,4,alonso,Alonso,117,Aston Martin,8,7,6.0,1,9.0,0,0
1105,2023,7,2023-06-04,Spanish Grand Prix,catalunya,839,ocon,Ocon,214,Alpine F1 Team,6,8,4.0,1,7.0,0,0
1105,2023,7,2023-06-04,Spanish Grand Prix,catalunya,855,zhou,Zhou,51,Alfa Romeo,13,9,2.0,1,13.0,0,0
1105,2023,7,2023-06-04,Spanish Grand Prix,catalunya,842,gasly,Gasly,214,Alpine F1 Team,10,10,1.0,1,4.0,0,0
1105,2023,7,2023-06-04,Spanish Grand Prix,catalunya,844,leclerc,Leclerc,6,Ferrari,19,11,0.0,1,19.0,0,0
1105,2023,7,2023-06-04,Spanish Grand Prix,catalunya,852,tsunoda,Tsunoda,213,AlphaTauri,15,12,0.0,1,15.0,0,0
1105,2023,7,2023-06-04,Spanish Grand Prix,catalunya,857,piastri,Piastri,1,McLaren,9,13,0.0,11,10.0,0,0
1105,2023,7,2023-06-04,Spanish Grand Prix,catalunya,856,de_vries,de Vries,213,AlphaTauri,14,14,0.0,11,14.0,0,0
1105,2023,7,2023-06-04,Spanish Grand Prix,catalunya,807,hulkenberg,Hülkenberg,210,Haas F1 Team,7,15,0.0,11,8.0,0,0
1105,2023,7,2023-06-04,Spanish Grand Prix,catalunya,848,albon,Albon,3,Williams,18,16,0.0,11,18.0,0,1
1105,2023,7,2023-06-04,Spanish Grand Prix,catalunya,846,norris,Norris,1,McLaren,3,17,0.0,11,3.0,0,1
1105,2023,7,2023-06-04,Spanish Grand Prix,catalunya,825,kevin_magnussen,Magnussen,210,Haas F1 Team,17,18,0.0,11,17.0,0,1
1105,2023,7,2023-06-04,Spanish Grand Prix,catalunya,822,bottas,Bottas,51,Alfa Romeo,16,19,0.0,11,16.0,0,1
1105,2023,7,2023-06-04,Spanish Grand Prix,catalunya,858,sargeant,Sargeant,3,Williams,20,20,0.0,11,20.0,0,1
1106,2023,8,2023-06-18,Canadian Grand Prix,villeneuve,830,max_verstappen,Verstappen,9,Red Bull,1,1,25.0,1,1.0,1,0
1106,2023,8,2023-06-18,Canadian Grand Prix,villeneuve,4,alonso,Alonso,117,Aston Martin,2,2,18.0,1,3.0,0,0
1106,2023,8,2023-06-18,Canadian Grand Prix,villeneuve,1,hamilton,Hamilton,131,Mercedes,3,3,15.0,1,4.0,0,0
1106,2023,8,2023-06-18,Canadian Grand Prix,villeneuve,844,leclerc,Leclerc,6,Ferrari,10,4,12.0,1,11.0,0,0
1106,2023,8,2023-06-18,Canadian Grand Prix,villeneuve,832,sainz,Sainz,6,Ferrari,11,5,10.0,1,8.0,0,0
1106,2023,8,2023-06-18,Canadian Grand Prix,villeneuve,815,perez,Pérez,9,Red Bull,12,6,9.0,1,12.0,0,0
1106,2023,8,2023-06-18,Canadian Grand Prix,villeneuve,848,albon,Albon,3,Williams,9,7,6.0,1,10.0,0,0
1106,2023,8,2023-06-18,Canadian Grand Prix,villeneuve,839,ocon,Ocon,214,Alpine F1 Team,6,8,4.0,1,6.0,0,0
1106,2023,8,2023-06-18,Canadian Grand Prix,villeneuve,840,stroll,Stroll,117,Aston Martin,16,9,2.0,1,13.0,0,0
1106,2023,8,2023-06-18,Canadian Grand Prix,villeneuve,822,bottas,Bottas,51,Alfa Romeo,14,10,1.0,1,15.0,0,0
1106,2023,8,2023-06-18,Canadian Grand Prix,villeneuve,857,piastri,Piastri,1,McLaren,8,11,0.0,1,9.0,0,0
1106,2023,8,2023-06-18,Canadian Grand Prix,villeneuve,842,gasly,Gasly,214,Alpine F1 Team,15,12,0.0,1,17.0,0,0
1106,2023,8,2023-06-18,Canadian Grand Prix,villeneuve,846,norris,Norris,1,McLaren,7,13,0.0,1,7.0,0,0
1106,2023,8,2023-06-18,Canadian Grand Prix,villeneuve,852,tsunoda,Tsunoda,213,AlphaTauri,19,14,0.0,1,16.0,0,0
1106,2023,8,2023-06-18,Canadian Grand Prix,villeneuve,807,hulkenberg,Hülkenberg,210,Haas F1 Team,5,15,0.0,11,2.0,0,0
1106,2023,8,2023-06-18,Canadian Grand Prix,villeneuve,855,zhou,Zhou,51,Alfa Romeo,20,16,0.0,11,20.0,0,1
1106,2023,8,2023-06-18,Canadian Grand Prix,villeneuve,825,kevin_magnussen,Magnussen,210,Haas F1 Team,13,17,0.0,11,14.0,0,1
1106,2023,8,2023-06-18,Canadian Grand Prix,villeneuve,856,de_vries,de Vries,213,AlphaTauri,17,18,0.0,11,18.0,0,1
1106,2023,8,2023-06-18,Canadian Grand Prix,villeneuve,847,russell,Russell,131,Mercedes,4,19,0.0,23,5.0,0,1
1106,2023,8,2023-06-18,Canadian Grand Prix,villeneuve,858,sargeant,Sargeant,3,Williams,18,20,0.0,5,19.0,0,1
1107,2023,9,2023-07-02,Austrian Grand Prix,red_bull_ring,830,max_verstappen,Verstappen,9,Red Bull,1,1,26.0,1,1.0,1,0
1107,2023,9,2023-07-02,Austrian Grand Prix,red_bull_ring,844,leclerc,Leclerc,6,Ferrari,2,2,18.0,1,2.0,0,0
1107,2023,9,2023-07-02,Austrian Grand Prix,red_bull_ring,815,perez,Pérez,9,Red Bull,15,3,15.0,1,15.0,0,0
1107,2023,9,2023-07-02,Austrian Grand Prix,red_bull_ring,846,norris,Norris,1,McLaren,4,4,12.0,1,4.0,0,0
1107,2023,9,2023-07-02,Austrian Grand Prix,red_bull_ring,4,alonso,Alonso,117,Aston Martin,7,5,10.0,1,7.0,0,0
1107,2023,9,2023-07-02,Austrian Grand Prix,red_bull_ring,832,sainz,Sainz,6,Ferrari,3,6,8.0,1,3.0,0,0
1107,2023,9,2023-07-02,Austrian Grand Prix,red_bull_ring,847,russell,Russell,131,Mercedes,11,7,6.0,1,11.0,0,0
1107,2023,9,2023-07-02,Austrian Grand Prix,red_bull_ring,1,hamilton,Hamilton,131,Mercedes,5,8,4.0,1,5.0,0,0
1107,2023,9,2023-07-02,Austrian Grand Prix,red_bull_ring,840,stroll,Stroll,117,Aston Martin,6,9,2.0,1,6.0,0,0
1107,2023,9,2023-07-02,Austrian Grand Prix,red_bull_ring,842,gasly,Gasly,214,Alpine F1 Team,9,10,1.0,1,9.0,0,0
1107,2023,9,2023-07-02,Austrian Grand Prix,red_bull_ring,848,albon,Albon,3,Williams,10,11,0.0,1,10.0,0,0
1107,2023,9,2023-07-02,Austrian Grand Prix,red_bull_ring,855,zhou,Zhou,51,Alfa Romeo,17,12,0.0,11,17.0,0,0
1107,2023,9,2023-07-02,Austrian Grand Prix,red_bull_ring,858,sargeant,Sargeant,3,Williams,18,13,0.0,11,18.0,0,0
1107,2023,9,2023-07-02,Austrian Grand Prix,red_bull_ring,839,ocon,Ocon,214,Alpine F1 Team,12,14,0.0,11,12.0,0,0
1107,2023,9,2023-07-02,Austrian Grand Prix,red_bull_ring,822,bottas,Bottas,51,Alfa Romeo,14,15,0.0,11,14.0,0,0
1107,2023,9,2023-07-02,Austrian Grand Prix,red_bull_ring,857,piastri,Piastri,1,McLaren,13,16,0.0,11,13.0,0,1
1107,2023,9,2023-07-02,Austrian Grand Prix,red_bull_ring,856,de_vries,de Vries,213,AlphaTauri,0,17,0.0,11,20.0,0,1
1107,2023,9,2023-07-02,Austrian Grand Prix,red_bull_ring,825,kevin_magnussen,Magnussen,210,Haas F1 Team,0,18,0.0,11,19.0,0,1
1107,2023,9,2023-07-02,Austrian Grand Prix,red_bull_ring,852,tsunoda,Tsunoda,213,AlphaTauri,16,19,0.0,11,16.0,0,1
1107,2023,9,2023-07-02,Austrian Grand Prix,red_bull_ring,807,hulkenberg,Hülkenberg,210,Haas F1 Team,8,20,0.0,75,8.0,0,1
1108,2023,10,2023-07-09,British Grand Prix,silverstone,830,max_verstappen,Verstappen,9,Red Bull,1,1,26.0,1,1.0,1,0
1108,2023,10,2023-07-09,British Grand Prix,silverstone,846,norris,Norris,1,McLaren,2,2,18.0,1,2.0,0,0
1108,2023,10,2023-07-09,British Grand Prix,silverstone,1,hamilton,Hamilton,131,Mercedes,7,3,15.0,1,7.0,0,0
1108,2023,10,2023-07-09,British Grand Prix,silverstone,857,piastri,Piastri,1,McLaren,3,4,12.0,1,3.0,0,0
1108,2023,10,2023-07-09,British Grand Prix,silverstone,847,russell,Russell,131,Mercedes,6,5,10.0,1,6.0,0,0
1108,2023,10,2023-07-09,British Grand Prix,silverstone,815,perez,Pérez,9,Red Bull,15,6,8.0,1,16.0,0,0
1108,2023,10,2023-07-09,British Grand Prix,silverstone,4,alonso,Alonso,117,Aston Martin,9,7,6.0,1,9.0,0,0
1108,2023,10,2023-07-09,British Grand Prix,silverstone,848,albon,Albon,3,Williams,8,8,4.0,1,8.0,0,0
1108,2023,10,2023-07-09,British Grand Prix,silverstone,844,leclerc,Leclerc,6,Ferrari,4,9,2.0,1,4.0,0,0
1108,2023,10,2023-07-09,British Grand Prix,silverstone,832,sainz,Sainz,6,Ferrari,5,10,1.0,1,5.0,0,0
1108,2023,10,2023-07-09,British Grand Prix,silverstone,858,sargeant,Sargeant,3,Williams,14,11,0.0,1,14.0,0,0
1108,2023,10,2023-07-09,British Grand Prix,silverstone,822,bottas,Bottas,51,Alfa Romeo,20,12,0.0,1,15.0,0,0
1108,2023,10,2023-07-09,British Grand Prix,silverstone,807,hulkenberg,Hülkenberg,210,Haas F1 Team,11,13,0.0,1,11.0,0,0
1108,2023,10,2023-07-09,British Grand Prix,silverstone,840,stroll,Stroll,117,Aston Martin,12,14,0.0,1,12.0,0,0
1108,2023,10,2023-07-09,British Grand Prix,silverstone,855,zhou,Zhou,51,Alfa Romeo,17,15,0.0,1,18.0,0,0
1108,2023,10,2023-07-09,British Grand Prix,silverstone,852,tsunoda,Tsunoda,213,AlphaTauri,16,16,0.0,1,17.0,0,1
1108,2023,10,2023-07-09,British Grand Prix,silverstone,856,de_vries,de Vries,213,AlphaTauri,18,17,0.0,1,19.0,0,1
1108,2023,10,2023-07-09,British Grand Prix,silverstone,842,gasly,Gasly,214,Alpine F1 Team,10,18,0.0,130,10.0,0,1
1108,2023,10,2023-07-09,British Grand Prix,silverstone,825,kevin_magnussen,Magnussen,210,Haas F1 Team,19,19,0.0,5,20.0,0,1
1108,2023,10,2023-07-09,British Grand Prix,silverstone,839,ocon,Ocon,214,Alpine F1 Team,13,20,0.0,44,13.0,0,1
1109,2023,11,2023-07-23,Hungarian Grand Prix,hungaroring,830,max_verstappen,Verstappen,9,Red Bull,2,1,26.0,1,2.0,1,0
1109,2023,11,2023-07-23,Hungarian Grand Prix,hungaroring,846,norris,Norris,1,McLaren,3,2,18.0,1,3.0,0,0
1109,2023,11,2023-07-23,Hungarian Grand Prix,hungaroring,815,perez,Pérez,9,Red Bull,9,3,15.0,1,9.0,0,0
1109,2023,11,2023-07-23,Hungarian Grand Prix,hungaroring,1,hamilton,Hamilton,131,Mercedes,1,4,12.0,1,1.0,0,0
1109,2023,11,2023-07-23,Hungarian Grand Prix,hungaroring,857,piastri,Piastri,1,McLaren,4,5,10.0,1,4.0,0,0
1109,2023,11,2023-07-23,Hungarian Grand Prix,hungaroring,847,russell,Russell,131,Mercedes,18,6,8.0,1,18.0,0,0
1109,2023,11,2023-07-23,Hungarian Grand Prix,hungaroring,844,leclerc,Leclerc,6,Ferrari,6,7,6.0,1,6.0,0,0
1109,2023,11,2023-07-23,Hungarian Grand Prix,hungaroring,832,sainz,Sainz,6,Ferrari,11,8,4.0,1,11.0,0,0
1109,2023,11,2023-07-23,Hungarian Grand Prix,hungaroring,4,alonso,Alonso,117,Aston Martin,8,9,2.0,1,8.0,0,0
1109,2023,11,2023-07-23,Hungarian Grand Prix,hungaroring,840,stroll,Stroll,117,Aston Martin,14,10,1.0,11,14.0,0,0
1109,2023,11,2023-07-23,Hungarian Grand Prix,hungaroring,848,albon,Albon,3,Williams,16,11,0.0,11,16.0,0,0
1109,2023,11,2023-07-23,Hungarian Grand Prix,hungaroring,822,bottas,Bottas,51,Alfa Romeo,7,12,0.0,11,7.0,0,0
1109,2023,11,2023-07-23,Hungarian Grand Prix,hungaroring,817,ricciardo,Ricciardo,213,AlphaTauri,13,13,0.0,11,13.0,0,0
1109,2023,11,2023-07-23,Hungarian Grand Prix,hungaroring,807,hulkenberg,Hülkenberg,210,Haas F1 Team,10,14,0.0,11,10.0,0,0
1109,2023,11,2023-07-23,Hungarian Grand Prix,hungaroring,852,tsunoda,Tsunoda,213,AlphaTauri,17,15,0.0,11,17.0,0,0
1109,2023,11,2023-07-23,Hungarian Grand Prix,hungaroring,855,zhou,Zhou,51,Alfa Romeo,5,16,0.0,11,5.0,0,1
1109,2023,11,2023-07-23,Hungarian Grand Prix,hungaroring,825,kevin_magnussen,Magnussen,210,Haas F1 Team,19,17,0.0,11,19.0,0,1
1109,2023,11,2023-07-23,Hungarian Grand Prix,hungaroring,858,sargeant,Sargeant,3,Williams,20,18,0.0,31,20.0,0,1
1109,2023,11,2023-07-23,Hungarian Grand Prix,hungaroring,839,ocon,Ocon,214,Alpine F1 Team,12,19,0.0,130,12.0,0,1
1109,2023,11,2023-07-23,Hungarian Grand Prix,hungaroring,842,gasly,Gasly,214,Alpine F1 Team,15,20,0.0,130,15.0,0,1
1110,2023,12,2023-07-30,Belgian Grand Prix,spa,830,max_verstappen,Verstappen,9,Red Bull,6,1,25.0,1,1.0,1,0
1110,2023,12,2023-07-30,Belgian Grand Prix,spa,815,perez,Pérez,9,Red Bull,2,2,18.0,1,3.0,0,0
1110,2023,12,2023-07-30,Belgian Grand Prix,spa,844,leclerc,Leclerc,6,Ferrari,1,3,15.0,1,2.0,0,0
1110,2023,12,2023-07-30,Belgian Grand Prix,spa,1,hamilton,Hamilton,131,Mercedes,3,4,13.0,1,4.0,0,0
1110,2023,12,2023-07-30,Belgian Grand Prix,spa,4,alonso,Alonso,117,Aston Martin,9,5,10.0,1,9.0,0,0
1110,2023,12,2023-07-30,Belgian Grand Prix,spa,847,russell,Russell,131,Mercedes,8,6,8.0,1,8.0,0,0
1110,2023,12,2023-07-30,Belgian Grand Prix,spa,846,norris,Norris,1,McLaren,7,7,6.0,1,7.0,0,0
1110,2023,12,2023-07-30,Belgian Grand Prix,spa,839,ocon,Ocon,214,Alpine F1 Team,14,8,4.0,1,15.0,0,0
1110,2023,12,2023-07-30,Belgian Grand Prix,spa,840,stroll,Stroll,117,Aston Martin,10,9,2.0,1,10.0,0,0
1110,2023,12,2023-07-30,Belgian Grand Prix,spa,852,tsunoda,Tsunoda,213,AlphaTauri,11,10,1.0,1,11.0,0,0
1110,2023,12,2023-07-30,Belgian Grand Prix,spa,842,gasly,Gasly,214,Alpine F1 Team,12,11,0.0,1,12.0,0,0
1110,2023,12,2023-07-30,Belgian Grand Prix,spa,822,bottas,Bottas,51,Alfa Romeo,13,12,0.0,1,14.0,0,0
1110,2023,12,2023-07-30,Belgian Grand Prix,spa,855,zhou,Zhou,51,Alfa Romeo,17,13,0.0,1,17.0,0,0
1110,2023,12,2023-07-30,Belgian Grand Prix,spa,848,albon,Albon,3,Williams,15,14,0.0,1,16.0,0,0
1110,2023,12,2023-07-30,Belgian Grand Prix,spa,825,kevin_magnussen,Magnussen,210,Haas F1 Team,16,15,0.0,1,13.0,0,0
1110,2023,12,2023-07-30,Belgian Grand Prix,spa,817,ricciardo,Ricciardo,213,AlphaTauri,19,16,0.0,1,19.0,0,1
1110,2023,12,2023-07-30,Belgian Grand Prix,spa,858,sargeant,Sargeant,3,Williams,18,17,0.0,1,18.0,0,1
1110,2023,12,2023-07-30,Belgian Grand Prix,spa,807,hulkenberg,Hülkenberg,210,Haas F1 Team,0,18,0.0,1,20.0,0,1
1110,2023,12,2023-07-30,Belgian Grand Prix,spa,832,sainz,Sainz,6,Ferrari,4,19,0.0,130,5.0,0,1
1110,2023,12,2023-07-30,Belgian Grand Prix,spa,857,piastri,Piastri,1,McLaren,5,20,0.0,130,6.0,0,1
1111,2023,13,2023-08-27,Dutch Grand Prix,zandvoort,830,max_verstappen,Verstappen,9,Red Bull,1,1,25.0,1,1.0,1,0
1111,2023,13,2023-08-27,Dutch Grand Prix,zandvoort,4,alonso,Alonso,117,Aston Martin,5,2,19.0,1,5.0,0,0
1111,2023,13,2023-08-27,Dutch Grand Prix,zandvoort,842,gasly,Gasly,214,Alpine F1 Team,12,3,15.0,1,12.0,0,0
1111,2023,13,2023-08-27,Dutch Grand Prix,zandvoort,815,perez,Pérez,9,Red Bull,7,4,12.0,1,7.0,0,0
1111,2023,13,2023-08-27,Dutch Grand Prix,zandvoort,832,sainz,Sainz,6,Ferrari,6,5,10.0,1,6.0,0,0
1111,2023,13,2023-08-27,Dutch Grand Prix,zandvoort,1,hamilton,Hamilton,131,Mercedes,13,6,8.0,1,13.0,0,0
1111,2023,13,2023-08-27,Dutch Grand Prix,zandvoort,846,norris,Norris,1,McLaren,2,7,6.0,1,2.0,0,0
1111,2023,13,2023-08-27,Dutch Grand Prix,zandvoort,848,albon,Albon,3,Williams,4,8,4.0,1,4.0,0,0
1111,2023,13,2023-08-27,Dutch Grand Prix,zandvoort,857,piastri,Piastri,1,McLaren,8,9,2.0,1,8.0,0,0
1111,2023,13,2023-08-27,Dutch Grand Prix,zandvoort,839,ocon,Ocon,214,Alpine F1 Team,16,10,1.0,1,17.0,0,0
1111,2023,13,2023-08-27,Dutch Grand Prix,zandvoort,840,stroll,Stroll,117,Aston Martin,11,11,0.0,1,11.0,0,0
1111,2023,13,2023-08-27,Dutch Grand Prix,zandvoort,807,hulkenberg,Hülkenberg,210,Haas F1 Team,14,12,0.0,1,15.0,0,0
1111,2023,13,2023-08-27,Dutch Grand Prix,zandvoort,859,lawson,Lawson,213,AlphaTauri,19,13,0.0,1,20.0,0,0
1111,2023,13,2023-08-27,Dutch Grand Prix,zandvoort,822,bottas,Bottas,51,Alfa Romeo,18,14,0.0,1,19.0,0,0
1111,2023,13,2023-08-27,Dutch Grand Prix,zandvoort,852,tsunoda,Tsunoda,213,AlphaTauri,17,15,0.0,1,14.0,0,0
1111,2023,13,2023-08-27,Dutch Grand Prix,zandvoort,825,kevin_magnussen,Magnussen,210,Haas F1 Team,0,16,0.0,1,18.0,0,1
1111,2023,13,2023-08-27,Dutch Grand Prix,zandvoort,847,russell,Russell,131,Mercedes,3,17,0.0,1,3.0,0,1
1111,2023,13,2023-08-27,Dutch Grand Prix,zandvoort,855,zhou,Zhou,51,Alfa Romeo,15,18,0.0,3,16.0,0,1
1111,2023,13,2023-08-27,Dutch Grand Prix,zandvoort,844,leclerc,Leclerc,6,Ferrari,9,19,0.0,140,9.0,0,1
1111,2023,13,2023-08-27,Dutch Grand Prix,zandvoort,858,sargeant,Sargeant,3,Williams,10,20,0.0,3,10.0,0,1
1112,2023,14,2023-09-03,Italian Grand Prix,monza,830,max_verstappen,Verstappen,9,Red Bull,2,1,25.0,1,2.0,1,0
1112,2023,14,2023-09-03,Italian Grand Prix,monza,815,perez,Pérez,9,Red Bull,5,2,18.0,1,5.0,0,0
1112,2023,14,2023-09-03,Italian Grand Prix,monza,832,sainz,Sainz,6,Ferrari,1,3,15.0,1,1.0,0,0
1112,2023,14,2023-09-03,Italian Grand Prix,monza,844,leclerc,Leclerc,6,Ferrari,3,4,12.0,1,3.0,0,0
1112,2023,14,2023-09-03,Italian Grand Prix,monza,847,russell,Russell,131,Mercedes,4,5,10.0,1,4.0,0,0
1112,2023,14,2023-09-03,Italian Grand Prix,monza,1,hamilton,Hamilton,131,Mercedes,8,6,8.0,1,8.0,0,0
1112,2023,14,2023-09-03,Italian Grand Prix,monza,848,albon,Albon,3,Williams,6,7,6.0,1,6.0,0,0
1112,2023,14,2023-09-03,Italian Grand Prix,monza,846,norris,Norris,1,McLaren,9,8,4.0,1,9.0,0,0
1112,2023,14,2023-09-03,Italian Grand Prix,monza,4,alonso,Alonso,117,Aston Martin,10,9,2.0,1,10.0,0,0
1112,2023,14,2023-09-03,Italian Grand Prix,monza,822,bottas,Bottas,51,Alfa Romeo,14,10,1.0,1,14.0,0,0
1112,2023,14,2023-09-03,Italian Grand Prix,monza,859,lawson,Lawson,213,AlphaTauri,12,11,0.0,1,12.0,0,0
1112,2023,14,2023-09-03,Italian Grand Prix,monza,857,piastri,Piastri,1,McLaren,7,12,0.0,1,7.0,0,0
1112,2023,14,2023-09-03,Italian Grand Prix,monza,858,sargeant,Sargeant,3,Williams,15,13,0.0,1,15.0,0,0
1112,2023,14,2023-09-03,Italian Grand Prix,monza,855,zhou,Zhou,51,Alfa Romeo,16,14,0.0,1,16.0,0,0
1112,2023,14,2023-09-03,Italian Grand Prix,monza,842,gasly,Gasly,214,Alpine F1 Team,17,15,0.0,1,17.0,0,0
1112,2023,14,2023-09-03,Italian Grand Prix,monza,840,stroll,Stroll,117,Aston Martin,20,16,0.0,1,20.0,0,1
1112,2023,14,2023-09-03,Italian Grand Prix,monza,807,hulkenberg,Hülkenberg,210,Haas F1 Team,13,17,0.0,11,13.0,0,1
1112,2023,14,2023-09-03,Italian Grand Prix,monza,825,kevin_magnussen,Magnussen,210,Haas F1 Team,19,18,0.0,11,19.0,0,1
1112,2023,14,2023-09-03,Italian Grand Prix,monza,839,ocon,Ocon,214,Alpine F1 Team,18,19,0.0,38,18.0,0,1
1112,2023,14,2023-09-03,Italian Grand Prix,monza,852,tsunoda,Tsunoda,213,AlphaTauri,11,20,0.0,5,11.0,0,1
1113,2023,15,2023-09-17,Singapore Grand Prix,marina_bay,832,sainz,Sainz,6,Ferrari,1,1,25.0,1,1.0,1,0
1113,2023,15,2023-09-17,Singapore Grand Prix,marina_bay,846,norris,Norris,1,McLaren,4,2,18.0,1,4.0,0,0
1113,2023,15,2023-09-17,Singapore Grand Prix,marina_bay,1,hamilton,Hamilton,131,Mercedes,5,3,16.0,1,5.0,0,0
1113,2023,15,2023-09-17,Singapore Grand Prix,marina_bay,844,leclerc,Leclerc,6,Ferrari,3,4,12.0,1,3.0,0,0
1113,2023,15,2023-09-17,Singapore Grand Prix,marina_bay,830,max_verstappen,Verstappen,9,Red Bull,11,5,10.0,1,11.0,0,0
1113,2023,15,2023-09-17,Singapore Grand Prix,marina_bay,842,gasly,Gasly,214,Alpine F1 Team,12,6,8.0,1,12.0,0,0
1113,2023,15,2023-09-17,Singapore Grand Prix,marina_bay,857,piastri,Piastri,1,McLaren,17,7,6.0,1,17.0,0,0
1113,2023,15,2023-09-17,Singapore Grand Prix,marina_bay,815,perez,Pérez,9,Red Bull,13,8,4.0,1,13.0,0,0
1113,2023,15,2023-09-17,Singapore Grand Prix,marina_bay,859,lawson,Lawson,213,AlphaTauri,10,9,2.0,1,10.0,0,0
1113,2023,15,2023-09-17,Singapore Grand Prix,marina_bay,825,kevin_magnussen,Magnussen,210,Haas F1 Team,6,10,1.0,1,6.0,0,0
1113,2023,15,2023-09-17,Singapore Grand Prix,marina_bay,848,albon,Albon,3,Williams,14,11,0.0,1,14.0,0,0
1113,2023,15,2023-09-17,Singapore Grand Prix,marina_bay,855,zhou,Zhou,51,Alfa Romeo,0,12,0.0,1,19.0,0,0
1113,2023,15,2023-09-17,Singapore Grand Prix,marina_bay,807,hulkenberg,Hülkenberg,210,Haas F1 Team,9,13,0.0,1,9.0,0,0
1113,2023,15,2023-09-17,Singapore Grand Prix,marina_bay,858,sargeant,Sargeant,3,Williams,18,14,0.0,1,18.0,0,0
1113,2023,15,2023-09-17,Singapore Grand Prix,marina_bay,4,alonso,Alonso,117,Aston Martin,7,15,0.0,1,7.0,0,0
1113,2023,15,2023-09-17,Singapore Grand Prix,marina_bay,847,russell,Russell,131,Mercedes,2,16,0.0,3,2.0,0,1
1113,2023,15,2023-09-17,Singapore Grand Prix,marina_bay,822,bottas,Bottas,51,Alfa Romeo,16,17,0.0,39,16.0,0,1
1113,2023,15,2023-09-17,Singapore Grand Prix,marina_bay,839,ocon,Ocon,214,Alpine F1 Team,8,18,0.0,6,8.0,0,1
1113,2023,15,2023-09-17,Singapore Grand Prix,marina_bay,852,tsunoda,Tsunoda,213,AlphaTauri,15,19,0.0,4,15.0,0,1
1113,2023,15,2023-09-17,Singapore Grand Prix,marina_bay,840,stroll,Stroll,117,Aston Martin,0,20,0.0,54,20.0,0,1
1114,2023,16,2023-09-24,Japanese Grand Prix,suzuka,830,max_verstappen,Verstappen,9,Red Bull,1,1,26.0,1,1.0,1,0
1114,2023,16,2023-09-24,Japanese Grand Prix,suzuka,846,norris,Norris,1,McLaren,3,2,18.0,1,3.0,0,0
1114,2023,16,2023-09-24,Japanese Grand Prix,suzuka,857,piastri,Piastri,1,McLaren,2,3,15.0,1,2.0,0,0
1114,2023,16,2023-09-24,Japanese Grand Prix,suzuka,844,leclerc,Leclerc,6,Ferrari,4,4,12.0,1,4.0,0,0
1114,2023,16,2023-09-24,Japanese Grand Prix,suzuka,1,hamilton,Hamilton,131,Mercedes,7,5,10.0,1,7.0,0,0
1114,2023,16,2023-09-24,Japanese Grand Prix,suzuka,832,sainz,Sainz,6,Ferrari,6,6,8.0,1,6.0,0,0
1114,2023,16,2023-09-24,Japanese Grand Prix,suzuka,847,russell,Russell,131,Mercedes,8,7,6.0,1,8.0,0,0
1114,2023,16,2023-09-24,Japanese Grand Prix,suzuka,4,alonso,Alonso,117,Aston Martin,10,8,4.0,1,10.0,0,0
1114,2023,16,2023-09-24,Japanese Grand Prix,suzuka,839,ocon,Ocon,214,Alpine F1 Team,14,9,2.0,1,14.0,0,0
1114,2023,16,2023-09-24,Japanese Grand Prix,suzuka,842,gasly,Gasly,214,Alpine F1 Team,12,10,1.0,1,12.0,0,0
1114,2023,16,2023-09-24,Japanese Grand Prix,suzuka,859,lawson,Lawson,213,AlphaTauri,11,11,0.0,11,11.0,0,0
1114,2023,16,2023-09-24,Japanese Grand Prix,suzuka,852,tsunoda,Tsunoda,213,AlphaTauri,9,12,0.0,11,9.0,0,0
1114,2023,16,2023-09-24,Japanese Grand Prix,suzuka,855,zhou,Zhou,51,Alfa Romeo,19,13,0.0,11,19.0,0,0
1114,2023,16,2023-09-24,Japanese Grand Prix,suzuka,807,hulkenberg,Hülkenberg,210,Haas F1 Team,18,14,0.0,11,18.0,0,0
1114,2023,16,2023-09-24,Japanese Grand Prix,suzuka,825,kevin_magnussen,Magnussen,210,Haas F1 Team,15,15,0.0,11,15.0,0,0
1114,2023,16,2023-09-24,Japanese Grand Prix,suzuka,848,albon,Albon,3,Williams,13,16,0.0,130,13.0,0,1
1114,2023,16,2023-09-24,Japanese Grand Prix,suzuka,858,sargeant,Sargeant,3,Williams,0,17,0.0,130,20.0,0,1
1114,2023,16,2023-09-24,Japanese Grand Prix,suzuka,840,stroll,Stroll,117,Aston Martin,17,18,0.0,65,17.0,0,1
1114,2023,16,2023-09-24,Japanese Grand Prix,suzuka,815,perez,Pérez,9,Red Bull,5,19,0.0,130,5.0,0,1
1114,2023,16,2023-09-24,Japanese Grand Prix,suzuka,822,bottas,Bottas,51,Alfa Romeo,16,20,0.0,130,16.0,0,1
1115,2023,17,2023-10-08,Qatar Grand Prix,losail,830,max_verstappen,Verstappen,9,Red Bull,1,1,26.0,1,1.0,1,0
1115,2023,17,2023-10-08,Qatar Grand Prix,losail,857,piastri,Piastri,1,McLaren,6,2,18.0,1,6.0,0,0
1115,2023,17,2023-10-08,Qatar Grand Prix,losail,846,norris,Norris,1,McLaren,10,3,15.0,1,10.0,0,0
1115,2023,17,2023-10-08,Qatar Grand Prix,losail,847,russell,Russell,131,Mercedes,2,4,12.0,1,2.0,0,0
1115,2023,17,2023-10-08,Qatar Grand Prix,losail,844,leclerc,Leclerc,6,Ferrari,5,5,10.0,1,5.0,0,0
1115,2023,17,2023-10-08,Qatar Grand Prix,losail,4,alonso,Alonso,117,Aston Martin,4,6,8.0,1,4.0,0,0
1115,2023,17,2023-10-08,Qatar Grand Prix,losail,839,ocon,Ocon,214,Alpine F1 Team,8,7,6.0,1,8.0,0,0
1115,2023,17,2023-10-08,Qatar Grand Prix,losail,822,bottas,Bottas,51,Alfa Romeo,9,8,4.0,1,9.0,0,0
1115,2023,17,2023-10-08,Qatar Grand Prix,losail,855,zhou,Zhou,51,Alfa Romeo,19,9,2.0,1,20.0,0,0
1115,2023,17,2023-10-08,Qatar Grand Prix,losail,815,perez,Pérez,9,Red Bull,0,10,1.0,1,13.0,0,0
1115,2023,17,2023-10-08,Qatar Grand Prix,losail,840,stroll,Stroll,117,Aston Martin,16,11,0.0,1,17.0,0,0
1115,2023,17,2023-10-08,Qatar Grand Prix,losail,842,gasly,Gasly,214,Alpine F1 Team,7,12,0.0,1,7.0,0,0
1115,2023,17,2023-10-08,Qatar Grand Prix,losail,848,albon,Albon,3,Williams,13,13,0.0,1,14.0,0,0
1115,2023,17,2023-10-08,Qatar Grand Prix,losail,825,kevin_magnussen,Magnussen,210,Haas F1 Team,18,14,0.0,11,19.0,0,0
1115,2023,17,2023-10-08,Qatar Grand Prix,losail,852,tsunoda,Tsunoda,213,AlphaTauri,11,15,0.0,11,11.0,0,0
1115,2023,17,2023-10-08,Qatar Grand Prix,losail,807,hulkenberg,Hülkenberg,210,Haas F1 Team,14,16,0.0,11,15.0,0,1
1115,2023,17,2023-10-08,Qatar Grand Prix,losail,859,lawson,Lawson,213,AlphaTauri,17,17,0.0,11,18.0,0,1
1115,2023,17,2023-10-08,Qatar Grand Prix,losail,858,sargeant,Sargeant,3,Williams,15,18,0.0,139,16.0,0,1
1115,2023,17,2023-10-08,Qatar Grand Prix,losail,1,hamilton,Hamilton,131,Mercedes,3,19,0.0,4,3.0,0,1
1115,2023,17,2023-10-08,Qatar Grand Prix,losail,832,sainz,Sainz,6,Ferrari,12,20,0.0,95,12.0,0,1
1116,2023,18,2023-10-22,United States Grand Prix,americas,830,max_verstappen,Verstappen,9,Red Bull,6,1,25.0,1,6.0,1,0
1116,2023,18,2023-10-22,United States Grand Prix,americas,846,norris,Norris,1,McLaren,2,2,18.0,1,2.0,0,0
1116,2023,18,2023-10-22,United States Grand Prix,americas,832,sainz,Sainz,6,Ferrari,4,3,15.0,1,4.0,0,0
1116,2023,18,2023-10-22,United States Grand Prix,americas,815,perez,Pérez,9,Red Bull,9,4,12.0,1,9.0,0,0
1116,2023,18,2023-10-22,United States Grand Prix,americas,847,russell,Russell,131,Mercedes,5,5,10.0,1,5.0,0,0
1116,2023,18,2023-10-22,United States Grand Prix,americas,842,gasly,Gasly,214,Alpine F1 Team,7,6,8.0,1,7.0,0,0
1116,2023,18,2023-10-22,United States Grand Prix,americas,840,stroll,Stroll,117,Aston Martin,0,7,6.0,1,19.0,0,0
1116,2023,18,2023-10-22,United States Grand Prix,americas,852,tsunoda,Tsunoda,213,AlphaTauri,11,8,5.0,1,11.0,0,0
1116,2023,18,2023-10-22,United States Grand Prix,americas,848,albon,Albon,3,Williams,15,9,2.0,1,18.0,0,0
1116,2023,18,2023-10-22,United States Grand Prix,americas,858,sargeant,Sargeant,3,Williams,16,10,1.0,1,20.0,0,0
1116,2023,18,2023-10-22,United States Grand Prix,americas,807,hulkenberg,Hülkenberg,210,Haas F1 Team,0,11,0.0,1,16.0,0,0
1116,2023,18,2023-10-22,United States Grand Prix,americas,822,bottas,Bottas,51,Alfa Romeo,13,12,0.0,1,13.0,0,0
1116,2023,18,2023-10-22,United States Grand Prix,americas,855,zhou,Zhou,51,Alfa Romeo,12,13,0.0,11,12.0,0,0
1116,2023,18,2023-10-22,United States Grand Prix,americas,825,kevin_magnussen,Magnussen,210,Haas F1 Team,0,14,0.0,11,14.0,0,0
1116,2023,18,2023-10-22,United States Grand Prix,americas,817,ricciardo,Ricciardo,213,AlphaTauri,14,15,0.0,11,15.0,0,0
1116,2023,18,2023-10-22,United States Grand Prix,americas,4,alonso,Alonso,117,Aston Martin,0,16,0.0,140,17.0,0,1
1116,2023,18,2023-10-22,United States Grand Prix,americas,857,piastri,Piastri,1,McLaren,10,17,0.0,21,10.0,0,1
1116,2023,18,2023-10-22,United States Grand Prix,americas,839,ocon,Ocon,214,Alpine F1 Team,8,18,0.0,130,8.0,0,1
1116,2023,18,2023-10-22,United States Grand Prix,americas,1,hamilton,Hamilton,131,Mercedes,3,19,0.0,2,3.0,0,1
1116,2023,18,2023-10-22,United States Grand Prix,americas,844,leclerc,Leclerc,6,Ferrari,1,20,0.0,2,1.0,0,1
1117,2023,19,2023-10-29,Mexico City Grand Prix,rodriguez,830,max_verstappen,Verstappen,9,Red Bull,3,1,25.0,1,3.0,1,0
1117,2023,19,2023-10-29,Mexico City Grand Prix,rodriguez,1,hamilton,Hamilton,131,Mercedes,6,2,19.0,1,6.0,0,0
1117,2023,19,2023-10-29,Mexico City Grand Prix,rodriguez,844,leclerc,Leclerc,6,Ferrari,1,3,15.0,1,1.0,0,0
1117,2023,19,2023-10-29,Mexico City Grand Prix,rodriguez,832,sainz,Sainz,6,Ferrari,2,4,12.0,1,2.0,0,0
1117,2023,19,2023-10-29,Mexico City Grand Prix,rodriguez,846,norris,Norris,1,McLaren,17,5,10.0,1,19.0,0,0
1117,2023,19,2023-10-29,Mexico City Grand Prix,rodriguez,847,russell,Russell,131,Mercedes,8,6,8.0,1,8.0,0,0
1117,2023,19,2023-10-29,Mexico City Grand Prix,rodriguez,817,ricciardo,Ricciardo,213,AlphaTauri,4,7,6.0,1,4.0,0,0
1117,2023,19,2023-10-29,Mexico City Grand Prix,rodriguez,857,piastri,Piastri,1,McLaren,7,8,4.0,1,7.0,0,0
1117,2023,19,2023-10-29,Mexico City Grand Prix,rodriguez,848,albon,Albon,3,Williams,14,9,2.0,1,14.0,0,0
1117,2023,19,2023-10-29,Mexico City Grand Prix,rodriguez,839,ocon,Ocon,214,Alpine F1 Team,15,10,1.0,1,16.0,0,0
1117,2023,19,2023-10-29,Mexico City Grand Prix,rodriguez,842,gasly,Gasly,214,Alpine F1 Team,11,11,0.0,1,11.0,0,0
1117,2023,19,2023-10-29,Mexico City Grand Prix,rodriguez,852,tsunoda,Tsunoda,213,AlphaTauri,18,12,0.0,1,15.0,0,0
1117,2023,19,2023-10-29,Mexico City Grand Prix,rodriguez,807,hulkenberg,Hülkenberg,210,Haas F1 Team,12,13,0.0,1,12.0,0,0
1117,2023,19,2023-10-29,Mexico City Grand Prix,rodriguez,855,zhou,Zhou,51,Alfa Romeo,10,14,0.0,1,10.0,0,0
1117,2023,19,2023-10-29,Mexico City Grand Prix,rodriguez,822,bottas,Bottas,51,Alfa Romeo,9,15,0.0,1,9.0,0,0
1117,2023,19,2023-10-29,Mexico City Grand Prix,rodriguez,858,sargeant,Sargeant,3,Williams,19,16,0.0,31,20.0,0,1
1117,2023,19,2023-10-29,Mexico City Grand Prix,rodriguez,840,stroll,Stroll,117,Aston Martin,0,17,0.0,130,18.0,0,1
1117,2023,19,2023-10-29,Mexico City Grand Prix,rodriguez,4,alonso,Alonso,117,Aston Martin,13,18,0.0,54,13.0,0,1
1117,2023,19,2023-10-29,Mexico City Grand Prix,rodriguez,825,kevin_magnussen,Magnussen,210,Haas F1 Team,16,19,0.0,3,17.0,0,1
1117,2023,19,2023-10-29,Mexico City Grand Prix,rodriguez,815,perez,Pérez,9,Red Bull,5,20,0.0,130,5.0,0,1
1118,2023,20,2023-11-05,São Paulo Grand Prix,interlagos,830,max_verstappen,Verstappen,9,Red Bull,1,1,25.0,1,1.0,1,0
1118,2023,20,2023-11-05,São Paulo Grand Prix,interlagos,846,norris,Norris,1,McLaren,6,2,19.0,1,7.0,0,0
1118,2023,20,2023-11-05,São Paulo Grand Prix,interlagos,4,alonso,Alonso,117,Aston Martin,4,3,15.0,1,4.0,0,0
1118,2023,20,2023-11-05,São Paulo Grand Prix,interlagos,815,perez,Pérez,9,Red Bull,9,4,12.0,1,9.0,0,0
1118,2023,20,2023-11-05,São Paulo Grand Prix,interlagos,840,stroll,Stroll,117,Aston Martin,3,5,10.0,1,3.0,0,0
1118,2023,20,2023-11-05,São Paulo Grand Prix,interlagos,832,sainz,Sainz,6,Ferrari,7,6,8.0,1,8.0,0,0
1118,2023,20,2023-11-05,São Paulo Grand Prix,interlagos,842,gasly,Gasly,214,Alpine F1 Team,15,7,6.0,1,13.0,0,0
1118,2023,20,2023-11-05,São Paulo Grand Prix,interlagos,1,hamilton,Hamilton,131,Mercedes,5,8,4.0,1,5.0,0,0
1118,2023,20,2023-11-05,São Paulo Grand Prix,interlagos,852,tsunoda,Tsunoda,213,AlphaTauri,16,9,2.0,1,16.0,0,0
1118,2023,20,2023-11-05,São Paulo Grand Prix,interlagos,839,ocon,Ocon,214,Alpine F1 Team,14,10,1.0,11,12.0,0,0
1118,2023,20,2023-11-05,São Paulo Grand Prix,interlagos,858,sargeant,Sargeant,3,Williams,19,11,0.0,11,19.0,0,0
1118,2023,20,2023-11-05,São Paulo Grand Prix,interlagos,807,hulkenberg,Hülkenberg,210,Haas F1 Team,11,12,0.0,11,11.0,0,0
1118,2023,20,2023-11-05,São Paulo Grand Prix,interlagos,817,ricciardo,Ricciardo,213,AlphaTauri,17,13,0.0,11,17.0,0,0
1118,2023,20,2023-11-05,São Paulo Grand Prix,interlagos,857,piastri,Piastri,1,McLaren,10,14,0.0,12,10.0,0,0
1118,2023,20,2023-11-05,São Paulo Grand Prix,interlagos,847,russell,Russell,131,Mercedes,8,15,0.0,25,6.0,0,0
1118,2023,20,2023-11-05,São Paulo Grand Prix,interlagos,822,bottas,Bottas,51,Alfa Romeo,18,16,0.0,5,18.0,0,1
1118,2023,20,2023-11-05,São Paulo Grand Prix,interlagos,855,zhou,Zhou,51,Alfa Romeo,20,17,0.0,5,20.0,0,1
1118,2023,20,2023-11-05,São Paulo Grand Prix,interlagos,825,kevin_magnussen,Magnussen,210,Haas F1 Team,12,18,0.0,4,14.0,0,1
1118,2023,20,2023-11-05,São Paulo Grand Prix,interlagos,848,albon,Albon,3,Williams,13,19,0.0,4,15.0,0,1
1118,2023,20,2023-11-05,São Paulo Grand Prix,interlagos,844,leclerc,Leclerc,6,Ferrari,0,20,0.0,5,2.0,0,1
1119,2023,21,2023-11-19,Las Vegas Grand Prix,vegas,830,max_verstappen,Verstappen,9,Red Bull,2,1,25.0,1,3.0,1,0
1119,2023,21,2023-11-19,Las Vegas Grand Prix,vegas,844,leclerc,Leclerc,6,Ferrari,1,2,18.0,1,1.0,0,0
1119,2023,21,2023-11-19,Las Vegas Grand Prix,vegas,815,perez,Pérez,9,Red Bull,11,3,15.0,1,12.0,0,0
1119,2023,21,2023-11-19,Las Vegas Grand Prix,vegas,839,ocon,Ocon,214,Alpine F1 Team,16,4,12.0,1,17.0,0,0
1119,2023,21,2023-11-19,Las Vegas Grand Prix,vegas,840,stroll,Stroll,117,Aston Martin,19,5,10.0,1,14.0,0,0
1119,2023,21,2023-11-19,Las Vegas Grand Prix,vegas,832,sainz,Sainz,6,Ferrari,12,6,8.0,1,2.0,0,0
1119,2023,21,2023-11-19,Las Vegas Grand Prix,vegas,1,hamilton,Hamilton,131,Mercedes,10,7,6.0,1,11.0,0,0
1119,2023,21,2023-11-19,Las Vegas Grand Prix,vegas,847,russell,Russell,131,Mercedes,3,8,4.0,1,4.0,0,0
1119,2023,21,2023-11-19,Las Vegas Grand Prix,vegas,4,alonso,Alonso,117,Aston Martin,9,9,2.0,1,10.0,0,0
1119,2023,21,2023-11-19,Las Vegas Grand Prix,vegas,857,piastri,Piastri,1,McLaren,18,10,2.0,1,19.0,0,0
1119,2023,21,2023-11-19,Las Vegas Grand Prix,vegas,842,gasly,Gasly,214,Alpine F1 Team,4,11,0.0,1,5.0,0,0
1119,2023,21,2023-11-19,Las Vegas Grand Prix,vegas,848,albon,Albon,3,Williams,5,12,0.0,1,6.0,0,0
1119,2023,21,2023-11-19,Las Vegas Grand Prix,vegas,825,kevin_magnussen,Magnussen,210,Haas F1 Team,8,13,0.0,1,9.0,0,0
1119,2023,21,2023-11-19,Las Vegas Grand Prix,vegas,817,ricciardo,Ricciardo,213,AlphaTauri,14,14,0.0,1,15.0,0,0
1119,2023,21,2023-11-19,Las Vegas Grand Prix,vegas,855,zhou,Zhou,51,Alfa Romeo,17,15,0.0,1,18.0,0,0
1119,2023,21,2023-11-19,Las Vegas Grand Prix,vegas,858,sargeant,Sargeant,3,Williams,6,16,0.0,1,7.0,0,1
1119,2023,21,2023-11-19,Las Vegas Grand Prix,vegas,822,bottas,Bottas,51,Alfa Romeo,7,17,0.0,1,8.0,0,1
1119,2023,21,2023-11-19,Las Vegas Grand Prix,vegas,852,tsunoda,Tsunoda,213,AlphaTauri,20,18,0.0,6,20.0,0,1
1119,2023,21,2023-11-19,Las Vegas Grand Prix,vegas,807,hulkenberg,Hülkenberg,210,Haas F1 Team,13,19,0.0,5,13.0,0,1
1119,2023,21,2023-11-19,Las Vegas Grand Prix,vegas,846,norris,Norris,1,McLaren,15,20,0.0,3,16.0,0,1
1120,2023,22,2023-11-26,Abu Dhabi Grand Prix,yas_marina,830,max_verstappen,Verstappen,9,Red Bull,1,1,26.0,1,1.0,1,0
1120,2023,22,2023-11-26,Abu Dhabi Grand Prix,yas_marina,844,leclerc,Leclerc,6,Ferrari,2,2,18.0,1,2.0,0,0
1120,2023,22,2023-11-26,Abu Dhabi Grand Prix,yas_marina,847,russell,Russell,131,Mercedes,4,3,15.0,1,4.0,0,0
1120,2023,22,2023-11-26,Abu Dhabi Grand Prix,yas_marina,815,perez,Pérez,9,Red Bull,9,4,12.0,1,9.0,0,0
1120,2023,22,2023-11-26,Abu Dhabi Grand Prix,yas_marina,846,norris,Norris,1,McLaren,5,5,10.0,1,5.0,0,0
1120,2023,22,2023-11-26,Abu Dhabi Grand Prix,yas_marina,857,piastri,Piastri,1,McLaren,3,6,8.0,1,3.0,0,0
1120,2023,22,2023-11-26,Abu Dhabi Grand Prix,yas_marina,4,alonso,Alonso,117,Aston Martin,7,7,6.0,1,7.0,0,0
1120,2023,22,2023-11-26,Abu Dhabi Grand Prix,yas_marina,852,tsunoda,Tsunoda,213,AlphaTauri,6,8,4.0,1,6.0,0,0
1120,2023,22,2023-11-26,Abu Dhabi Grand Prix,yas_marina,1,hamilton,Hamilton,131,Mercedes,11,9,2.0,1,11.0,0,0
1120,2023,22,2023-11-26,Abu Dhabi Grand Prix,yas_marina,840,stroll,Stroll,117,Aston Martin,13,10,1.0,1,13.0,0,0
1120,2023,22,2023-11-26,Abu Dhabi Grand Prix,yas_marina,817,ricciardo,Ricciardo,213,AlphaTauri,15,11,0.0,1,15.0,0,0
1120,2023,22,2023-11-26,Abu Dhabi Grand Prix,yas_marina,839,ocon,Ocon,214,Alpine F1 Team,12,12,0.0,1,12.0,0,0
1120,2023,22,2023-11-26,Abu Dhabi Grand Prix,yas_marina,842,gasly,Gasly,214,Alpine F1 Team,10,13,0.0,1,10.0,0,0
1120,2023,22,2023-11-26,Abu Dhabi Grand Prix,yas_marina,848,albon,Albon,3,Williams,14,14,0.0,1,14.0,0,0
1120,2023,22,2023-11-26,Abu Dhabi Grand Prix,yas_marina,807,hulkenberg,Hülkenberg,210,Haas F1 Team,8,15,0.0,1,8.0,0,0
1120,2023,22,2023-11-26,Abu Dhabi Grand Prix,yas_marina,858,sargeant,Sargeant,3,Williams,20,16,0.0,1,20.0,0,1
1120,2023,22,2023-11-26,Abu Dhabi Grand Prix,yas_marina,855,zhou,Zhou,51,Alfa Romeo,19,17,0.0,1,19.0,0,1
1120,2023,22,2023-11-26,Abu Dhabi Grand Prix,yas_marina,832,sainz,Sainz,6,Ferrari,16,18,0.0,31,16.0,0,1
1120,2023,22,2023-11-26,Abu Dhabi Grand Prix,yas_marina,822,bottas,Bottas,51,Alfa Romeo,18,19,0.0,11,18.0,0,1
1120,2023,22,2023-11-26,Abu Dhabi Grand Prix,yas_marina,825,kevin_magnussen,Magnussen,210,Haas F1 Team,17,20,0.0,11,17.0,0,1
1121,2024,1,2024-03-02,Bahrain Grand Prix,bahrain,830,max_verstappen,Verstappen,9,Red Bull,1,1,26.0,1,1.0,1,0
1121,2024,1,2024-03-02,Bahrain Grand Prix,bahrain,815,perez,Pérez,9,Red Bull,5,2,18.0,1,5.0,0,0
1121,2024,1,2024-03-02,Bahrain Grand Prix,bahrain,832,sainz,Sainz,6,Ferrari,4,3,15.0,1,4.0,0,0
1121,2024,1,2024-03-02,Bahrain Grand Prix,bahrain,844,leclerc,Leclerc,6,Ferrari,2,4,12.0,1,2.0,0,0
1121,2024,1,2024-03-02,Bahrain Grand Prix,bahrain,847,russell,Russell,131,Mercedes,3,5,10.0,1,3.0,0,0
1121,2024,1,2024-03-02,Bahrain Grand Prix,bahrain,846,norris,Norris,1,McLaren,7,6,8.0,1,7.0,0,0
1121,2024,1,2024-03-02,Bahrain Grand Prix,bahrain,1,hamilton,Hamilton,131,Mercedes,9,7,6.0,1,9.0,0,0
1121,2024,1,2024-03-02,Bahrain Grand Prix,bahrain,857,piastri,Piastri,1,McLaren,8,8,4.0,1,8.0,0,0
1121,2024,1,2024-03-02,Bahrain Grand Prix,bahrain,4,alonso,Alonso,117,Aston Martin,6,9,2.0,1,6.0,0,0
1121,2024,1,2024-03-02,Bahrain Grand Prix,bahrain,840,stroll,Stroll,117,Aston Martin,12,10,1.0,1,12.0,0,0
1121,2024,1,2024-03-02,Bahrain Grand Prix,bahrain,855,zhou,Zhou,15,Sauber,17,11,0.0,11,17.0,0,0
1121,2024,1,2024-03-02,Bahrain Grand Prix,bahrain,825,kevin_magnussen,Magnussen,210,Haas F1 Team,15,12,0.0,11,15.0,0,0
1121,2024,1,2024-03-02,Bahrain Grand Prix,bahrain,817,ricciardo,Ricciardo,215,RB F1 Team,14,13,0.0,11,14.0,0,0
1121,2024,1,2024-03-02,Bahrain Grand Prix,bahrain,852,tsunoda,Tsunoda,215,RB F1 Team,11,14,0.0,11,11.0,0,0
1121,2024,1,2024-03-02,Bahrain Grand Prix,bahrain,848,albon,Albon,3,Williams,13,15,0.0,11,13.0,0,0
1121,2024,1,2024-03-02,Bahrain Grand Prix,bahrain,807,hulkenberg,Hülkenberg,210,Haas F1 Team,10,16,0.0,11,10.0,0,1
1121,2024,1,2024-03-02,Bahrain Grand Prix,bahrain,839,ocon,Ocon,214,Alpine F1 Team,19,17,0.0,11,19.0,0,1
1121,2024,1,2024-03-02,Bahrain Grand Prix,bahrain,842,gasly,Gasly,214,Alpine F1 Team,20,18,0.0,11,20.0,0,1
1121,2024,1,2024-03-02,Bahrain Grand Prix,bahrain,822,bottas,Bottas,15,Sauber,16,19,0.0,11,16.0,0,1
1121,2024,1,2024-03-02,Bahrain Grand Prix,bahrain,858,sargeant,Sargeant,3,Williams,18,20,0.0,12,18.0,0,1
1122,2024,2,2024-03-09,Saudi Arabian Grand Prix,jeddah,830,max_verstappen,Verstappen,9,Red Bull,1,1,25.0,1,1.0,1,0
1122,2024,2,2024-03-09,Saudi Arabian Grand Prix,jeddah,815,perez,Pérez,9,Red Bull,3,2,18.0,1,3.0,0,0
1122,2024,2,2024-03-09,Saudi Arabian Grand Prix,jeddah,844,leclerc,Leclerc,6,Ferrari,2,3,16.0,1,2.0,0,0
1122,2024,2,2024-03-09,Saudi Arabian Grand Prix,jeddah,857,piastri,Piastri,1,McLaren,5,4,12.0,1,5.0,0,0
1122,2024,2,2024-03-09,Saudi Arabian Grand Prix,jeddah,4,alonso,Alonso,117,Aston Martin,4,5,10.0,1,4.0,0,0
1122,2024,2,2024-03-09,Saudi Arabian Grand Prix,jeddah,847,russell,Russell,131,Mercedes,7,6,8.0,1,7.0,0,0
1122,2024,2,2024-03-09,Saudi Arabian Grand Prix,jeddah,860,bearman,Bearman,6,Ferrari,11,7,6.0,1,11.0,0,0
1122,2024,2,2024-03-09,Saudi Arabian Grand Prix,jeddah,846,norris,Norris,1,McLaren,6,8,4.0,1,6.0,0,0
1122,2024,2,2024-03-09,Saudi Arabian Grand Prix,jeddah,1,hamilton,Hamilton,131,Mercedes,8,9,2.0,1,8.0,0,0
1122,2024,2,2024-03-09,Saudi Arabian Grand Prix,jeddah,807,hulkenberg,Hülkenberg,210,Haas F1 Team,15,10,1.0,1,15.0,0,0
1122,2024,2,2024-03-09,Saudi Arabian Grand Prix,jeddah,848,albon,Albon,3,Williams,12,11,0.0,1,12.0,0,0
1122,2024,2,2024-03-09,Saudi Arabian Grand Prix,jeddah,825,kevin_magnussen,Magnussen,210,Haas F1 Team,13,12,0.0,1,13.0,0,0
1122,2024,2,2024-03-09,Saudi Arabian Grand Prix,jeddah,839,ocon,Ocon,214,Alpine F1 Team,17,13,0.0,11,17.0,0,0
1122,2024,2,2024-03-09,Saudi Arabian Grand Prix,jeddah,858,sargeant,Sargeant,3,Williams,19,14,0.0,11,19.0,0,0
1122,2024,2,2024-03-09,Saudi Arabian Grand Prix,jeddah,852,tsunoda,Tsunoda,215,RB F1 Team,9,15,0.0,11,9.0,0,0
1122,2024,2,2024-03-09,Saudi Arabian Grand Prix,jeddah,817,ricciardo,Ricciardo,215,RB F1 Team,14,16,0.0,11,14.0,0,1
1122,2024,2,2024-03-09,Saudi Arabian Grand Prix,jeddah,822,bottas,Bottas,15,Sauber,16,17,0.0,11,16.0,0,1
1122,2024,2,2024-03-09,Saudi Arabian Grand Prix,jeddah,855,zhou,Zhou,15,Sauber,20,18,0.0,11,20.0,0,1
1122,2024,2,2024-03-09,Saudi Arabian Grand Prix,jeddah,840,stroll,Stroll,117,Aston Martin,10,19,0.0,3,10.0,0,1
1122,2024,2,2024-03-09,Saudi Arabian Grand Prix,jeddah,842,gasly,Gasly,214,Alpine F1 Team,18,20,0.0,6,18.0,0,1
1123,2024,3,2024-03-24,Australian Grand Prix,albert_park,832,sainz,Sainz,6,Ferrari,2,1,25.0,1,2.0,1,0
1123,2024,3,2024-03-24,Australian Grand Prix,albert_park,844,leclerc,Leclerc,6,Ferrari,4,2,19.0,1,5.0,0,0
1123,2024,3,2024-03-24,Australian Grand Prix,albert_park,846,norris,Norris,1,McLaren,3,3,15.0,1,4.0,0,0
1123,2024,3,2024-03-24,Australian Grand Prix,albert_park,857,piastri,Piastri,1,McLaren,5,4,12.0,1,6.0,0,0
1123,2024,3,2024-03-24,Australian Grand Prix,albert_park,815,perez,Pérez,9,Red Bull,6,5,10.0,1,3.0,0,0
1123,2024,3,2024-03-24,Australian Grand Prix,albert_park,840,stroll,Stroll,117,Aston Martin,9,6,8.0,1,9.0,0,0
1123,2024,3,2024-03-24,Australian Grand Prix,albert_park,852,tsunoda,Tsunoda,215,RB F1 Team,8,7,6.0,1,8.0,0,0
1123,2024,3,2024-03-24,Australian Grand Prix,albert_park,4,alonso,Alonso,117,Aston Martin,10,8,4.0,1,10.0,0,0
1123,2024,3,2024-03-24,Australian Grand Prix,albert_park,807,hulkenberg,Hülkenberg,210,Haas F1 Team,16,9,2.0,1,16.0,0,0
1123,2024,3,2024-03-24,Australian Grand Prix,albert_park,825,kevin_magnussen,Magnussen,210,Haas F1 Team,14,10,1.0,11,14.0,0,0
1123,2024,3,2024-03-24,Australian Grand Prix,albert_park,848,albon,Albon,3,Williams,12,11,0.0,11,12.0,0,0
1123,2024,3,2024-03-24,Australian Grand Prix,albert_park,817,ricciardo,Ricciardo,215,RB F1 Team,18,12,0.0,11,18.0,0,0
1123,2024,3,2024-03-24,Australian Grand Prix,albert_park,842,gasly,Gasly,214,Alpine F1 Team,17,13,0.0,11,17.0,0,0
1123,2024,3,2024-03-24,Australian Grand Prix,albert_park,822,bottas,Bottas,15,Sauber,13,14,0.0,11,13.0,0,0
1123,2024,3,2024-03-24,Australian Grand Prix,albert_park,855,zhou,Zhou,15,Sauber,19,15,0.0,11,19.0,0,0
1123,2024,3,2024-03-24,Australian Grand Prix,albert_park,839,ocon,Ocon,214,Alpine F1 Team,15,16,0.0,11,15.0,0,1
1123,2024,3,2024-03-24,Australian Grand Prix,albert_park,847,russell,Russell,131,Mercedes,7,17,0.0,3,7.0,0,1
1123,2024,3,2024-03-24,Australian Grand Prix,albert_park,1,hamilton,Hamilton,131,Mercedes,11,18,0.0,5,11.0,0,1
1123,2024,3,2024-03-24,Australian Grand Prix,albert_park,830,max_verstappen,Verstappen,9,Red Bull,1,19,0.0,23,1.0,0,1
1124,2024,4,2024-04-07,Japanese Grand Prix,suzuka,830,max_verstappen,Verstappen,9,Red Bull,1,1,26.0,1,1.0,1,0
1124,2024,4,2024-04-07,Japanese Grand Prix,suzuka,815,perez,Pérez,9,Red Bull,2,2,18.0,1,2.0,0,0
1124,2024,4,2024-04-07,Japanese Grand Prix,suzuka,832,sainz,Sainz,6,Ferrari,4,3,15.0,1,4.0,0,0
1124,2024,4,2024-04-07,Japanese Grand Prix,suzuka,844,leclerc,Leclerc,6,Ferrari,8,4,12.0,1,8.0,0,0
1124,2024,4,2024-04-07,Japanese Grand Prix,suzuka,846,norris,Norris,1,McLaren,3,5,10.0,1,3.0,0,0
1124,2024,4,2024-04-07,Japanese Grand Prix,suzuka,4,alonso,Alonso,117,Aston Martin,5,6,8.0,1,5.0,0,0
1124,2024,4,2024-04-07,Japanese Grand Prix,suzuka,847,russell,Russell,131,Mercedes,9,7,6.0,1,9.0,0,0
1124,2024,4,2024-04-07,Japanese Grand Prix,suzuka,857,piastri,Piastri,1,McLaren,6,8,4.0,1,6.0,0,0
1124,2024,4,2024-04-07,Japanese Grand Prix,suzuka,1,hamilton,Hamilton,131,Mercedes,7,9,2.0,1,7.0,0,0
1124,2024,4,2024-04-07,Japanese Grand Prix,suzuka,852,tsunoda,Tsunoda,215,RB F1 Team,10,10,1.0,11,10.0,0,0
1124,2024,4,2024-04-07,Japanese Grand Prix,suzuka,807,hulkenberg,Hülkenberg,210,Haas F1 Team,12,11,0.0,11,12.0,0,0
1124,2024,4,2024-04-07,Japanese Grand Prix,suzuka,840,stroll,Stroll,117,Aston Martin,16,12,0.0,11,16.0,0,0
1124,2024,4,2024-04-07,Japanese Grand Prix,suzuka,825,kevin_magnussen,Magnussen,210,Haas F1 Team,18,13,0.0,11,18.0,0,0
1124,2024,4,2024-04-07,Japanese Grand Prix,suzuka,822,bottas,Bottas,15,Sauber,13,14,0.0,11,13.0,0,0
1124,2024,4,2024-04-07,Japanese Grand Prix,suzuka,839,ocon,Ocon,214,Alpine F1 Team,15,15,0.0,11,15.0,0,0
1124,2024,4,2024-04-07,Japanese Grand Prix,suzuka,842,gasly,Gasly,214,Alpine F1 Team,17,16,0.0,11,17.0,0,1
1124,2024,4,2024-04-07,Japanese Grand Prix,suzuka,858,sargeant,Sargeant,3,Williams,19,17,0.0,11,19.0,0,1
1124,2024,4,2024-04-07,Japanese Grand Prix,suzuka,855,zhou,Zhou,15,Sauber,20,18,0.0,6,20.0,0,1
1124,2024,4,2024-04-07,Japanese Grand Prix,suzuka,817,ricciardo,Ricciardo,215,RB F1 Team,11,19,0.0,3,11.0,0,1
1124,2024,4,2024-04-07,Japanese Grand Prix,suzuka,848,albon,Albon,3,Williams,14,20,0.0,3,14.0,0,1
1125,2024,5,2024-04-21,Chinese Grand Prix,shanghai,830,max_verstappen,Verstappen,9,Red Bull,1,1,25.0,1,1.0,1,0
1125,2024,5,2024-04-21,Chinese Grand Prix,shanghai,846,norris,Norris,1,McLaren,4,2,18.0,1,4.0,0,0
1125,2024,5,2024-04-21,Chinese Grand Prix,shanghai,815,perez,Pérez,9,Red Bull,2,3,15.0,1,2.0,0,0
1125,2024,5,2024-04-21,Chinese Grand Prix,shanghai,844,leclerc,Leclerc,6,Ferrari,6,4,12.0,1,6.0,0,0
1125,2024,5,2024-04-21,Chinese Grand Prix,shanghai,832,sainz,Sainz,6,Ferrari,7,5,10.0,1,7.0,0,0
1125,2024,5,2024-04-21,Chinese Grand Prix,shanghai,847,russell,Russell,131,Mercedes,8,6,8.0,1,8.0,0,0
1125,2024,5,2024-04-21,Chinese Grand Prix,shanghai,4,alonso,Alonso,117,Aston Martin,3,7,7.0,1,3.0,0,0
1125,2024,5,2024-04-21,Chinese Grand Prix,shanghai,857,piastri,Piastri,1,McLaren,5,8,4.0,1,5.0,0,0
1125,2024,5,2024-04-21,Chinese Grand Prix,shanghai,1,hamilton,Hamilton,131,Mercedes,18,9,2.0,1,18.0,0,0
1125,2024,5,2024-04-21,Chinese Grand Prix,shanghai,807,hulkenberg,Hülkenberg,210,Haas F1 Team,9,10,1.0,1,9.0,0,0
1125,2024,5,2024-04-21,Chinese Grand Prix,shanghai,839,ocon,Ocon,214,Alpine F1 Team,13,11,0.0,1,13.0,0,0
1125,2024,5,2024-04-21,Chinese Grand Prix,shanghai,848,albon,Albon,3,Williams,14,12,0.0,1,14.0,0,0
1125,2024,5,2024-04-21,Chinese Grand Prix,shanghai,842,gasly,Gasly,214,Alpine F1 Team,15,13,0.0,1,15.0,0,0
1125,2024,5,2024-04-21,Chinese Grand Prix,shanghai,855,zhou,Zhou,15,Sauber,16,14,0.0,1,16.0,0,0
1125,2024,5,2024-04-21,Chinese Grand Prix,shanghai,840,stroll,Stroll,117,Aston Martin,11,15,0.0,1,11.0,0,0
1125,2024,5,2024-04-21,Chinese Grand Prix,shanghai,825,kevin_magnussen,Magnussen,210,Haas F1 Team,17,16,0.0,1,17.0,0,1
1125,2024,5,2024-04-21,Chinese Grand Prix,shanghai,858,sargeant,Sargeant,3,Williams,20,17,0.0,1,20.0,0,1
1125,2024,5,2024-04-21,Chinese Grand Prix,shanghai,817,ricciardo,Ricciardo,215,RB F1 Team,12,18,0.0,31,12.0,0,1
1125,2024,5,2024-04-21,Chinese Grand Prix,shanghai,852,tsunoda,Tsunoda,215,RB F1 Team,19,19,0.0,31,19.0,0,1
1125,2024,5,2024-04-21,Chinese Grand Prix,shanghai,822,bottas,Bottas,15,Sauber,10,20,0.0,31,10.0,0,1
1126,2024,6,2024-05-05,Miami Grand Prix,miami,846,norris,Norris,1,McLaren,5,1,25.0,1,5.0,1,0
1126,2024,6,2024-05-05,Miami Grand Prix,miami,830,max_verstappen,Verstappen,9,Red Bull,1,2,18.0,1,1.0,0,0
1126,2024,6,2024-05-05,Miami Grand Prix,miami,844,leclerc,Leclerc,6,Ferrari,2,3,15.0,1,2.0,0,0
1126,2024,6,2024-05-05,Miami Grand Prix,miami,815,perez,Pérez,9,Red Bull,4,4,12.0,1,4.0,0,0
1126,2024,6,2024-05-05,Miami Grand Prix,miami,832,sainz,Sainz,6,Ferrari,3,5,10.0,1,3.0,0,0
1126,2024,6,2024-05-05,Miami Grand Prix,miami,1,hamilton,Hamilton,131,Mercedes,8,6,8.0,1,8.0,0,0
1126,2024,6,2024-05-05,Miami Grand Prix,miami,852,tsunoda,Tsunoda,215,RB F1 Team,10,7,6.0,1,10.0,0,0
1126,2024,6,2024-05-05,Miami Grand Prix,miami,847,russell,Russell,131,Mercedes,7,8,4.0,1,7.0,0,0
1126,2024,6,2024-05-05,Miami Grand Prix,miami,4,alonso,Alonso,117,Aston Martin,15,9,2.0,1,15.0,0,0
1126,2024,6,2024-05-05,Miami Grand Prix,miami,839,ocon,Ocon,214,Alpine F1 Team,13,10,1.0,1,13.0,0,0
1126,2024,6,2024-05-05,Miami Grand Prix,miami,807,hulkenberg,Hülkenberg,210,Haas F1 Team,9,11,0.0,1,9.0,0,0
1126,2024,6,2024-05-05,Miami Grand Prix,miami,842,gasly,Gasly,214,Alpine F1 Team,12,12,0.0,1,12.0,0,0
1126,2024,6,2024-05-05,Miami Grand Prix,miami,857,piastri,Piastri,1,McLaren,6,13,0.0,1,6.0,0,0
1126,2024,6,2024-05-05,Miami Grand Prix,miami,855,zhou,Zhou,15,Sauber,19,14,0.0,1,20.0,0,0
1126,2024,6,2024-05-05,Miami Grand Prix,miami,817,ricciardo,Ricciardo,215,RB F1 Team,20,15,0.0,1,18.0,0,0
1126,2024,6,2024-05-05,Miami Grand Prix,miami,822,bottas,Bottas,15,Sauber,16,16,0.0,1,16.0,0,1
1126,2024,6,2024-05-05,Miami Grand Prix,miami,840,stroll,Stroll,117,Aston Martin,11,17,0.0,1,11.0,0,1
1126,2024,6,2024-05-05,Miami Grand Prix,miami,848,albon,Albon,3,Williams,14,18,0.0,1,14.0,0,1
1126,2024,6,2024-05-05,Miami Grand Prix,miami,825,kevin_magnussen,Magnussen,210,Haas F1 Team,18,19,0.0,1,19.0,0,1
1126,2024,6,2024-05-05,Miami Grand Prix,miami,858,sargeant,Sargeant,3,Williams,17,20,0.0,4,17.0,0,1
1127,2024,7,2024-05-19,Emilia Romagna Grand Prix,imola,830,max_verstappen,Verstappen,9,Red Bull,1,1,25.0,1,1.0,1,0
1127,2024,7,2024-05-19,Emilia Romagna Grand Prix,imola,846,norris,Norris,1,McLaren,2,2,18.0,1,3.0,0,0
1127,2024,7,2024-05-19,Emilia Romagna Grand Prix,imola,844,leclerc,Leclerc,6,Ferrari,3,3,15.0,1,4.0,0,0
1127,2024,7,2024-05-19,Emilia Romagna Grand Prix,imola,857,piastri,Piastri,1,McLaren,5,4,12.0,1,2.0,0,0
1127,2024,7,2024-05-19,Emilia Romagna Grand Prix,imola,832,sainz,Sainz,6,Ferrari,4,5,10.0,1,5.0,0,0
1127,2024,7,2024-05-19,Emilia Romagna Grand Prix,imola,1,hamilton,Hamilton,131,Mercedes,8,6,8.0,1,8.0,0,0
1127,2024,7,2024-05-19,Emilia Romagna Grand Prix,imola,847,russell,Russell,131,Mercedes,6,7,7.0,1,6.0,0,0
1127,2024,7,2024-05-19,Emilia Romagna Grand Prix,imola,815,perez,Pérez,9,Red Bull,11,8,4.0,1,11.0,0,0
1127,2024,7,2024-05-19,Emilia Romagna Grand Prix,imola,840,stroll,Stroll,117,Aston Martin,13,9,2.0,1,13.0,0,0
1127,2024,7,2024-05-19,Emilia Romagna Grand Prix,imola,852,tsunoda,Tsunoda,215,RB F1 Team,7,10,1.0,11,7.0,0,0
1127,2024,7,2024-05-19,Emilia Romagna Grand Prix,imola,807,hulkenberg,Hülkenberg,210,Haas F1 Team,10,11,0.0,11,10.0,0,0
1127,2024,7,2024-05-19,Emilia Romagna Grand Prix,imola,825,kevin_magnussen,Magnussen,210,Haas F1 Team,18,12,0.0,11,18.0,0,0
1127,2024,7,2024-05-19,Emilia Romagna Grand Prix,imola,817,ricciardo,Ricciardo,215,RB F1 Team,9,13,0.0,11,9.0,0,0
1127,2024,7,2024-05-19,Emilia Romagna Grand Prix,imola,839,ocon,Ocon,214,Alpine F1 Team,12,14,0.0,11,12.0,0,0
1127,2024,7,2024-05-19,Emilia Romagna Grand Prix,imola,855,zhou,Zhou,15,Sauber,17,15,0.0,11,17.0,0,0
1127,2024,7,2024-05-19,Emilia Romagna Grand Prix,imola,842,gasly,Gasly,214,Alpine F1 Team,15,16,0.0,11,15.0,0,1
1127,2024,7,2024-05-19,Emilia Romagna Grand Prix,imola,858,sargeant,Sargeant,3,Williams,19,17,0.0,11,20.0,0,1
1127,2024,7,2024-05-19,Emilia Romagna Grand Prix,imola,822,bottas,Bottas,15,Sauber,16,18,0.0,11,16.0,0,1
1127,2024,7,2024-05-19,Emilia Romagna Grand Prix,imola,4,alonso,Alonso,117,Aston Martin,20,19,0.0,11,19.0,0,1
1127,2024,7,2024-05-19,Emilia Romagna Grand Prix,imola,848,albon,Albon,3,Williams,14,20,0.0,31,14.0,0,1
1128,2024,8,2024-05-26,Monaco Grand Prix,monaco,844,leclerc,Leclerc,6,Ferrari,1,1,25.0,1,1.0,1,0
1128,2024,8,2024-05-26,Monaco Grand Prix,monaco,857,piastri,Piastri,1,McLaren,2,2,18.0,1,2.0,0,0
1128,2024,8,2024-05-26,Monaco Grand Prix,monaco,832,sainz,Sainz,6,Ferrari,3,3,15.0,1,3.0,0,0
1128,2024,8,2024-05-26,Monaco Grand Prix,monaco,846,norris,Norris,1,McLaren,4,4,12.0,1,4.0,0,0
1128,2024,8,2024-05-26,Monaco Grand Prix,monaco,847,russell,Russell,131,Mercedes,5,5,10.0,1,5.0,0,0
1128,2024,8,2024-05-26,Monaco Grand Prix,monaco,830,max_verstappen,Verstappen,9,Red Bull,6,6,8.0,1,6.0,0,0
1128,2024,8,2024-05-26,Monaco Grand Prix,monaco,1,hamilton,Hamilton,131,Mercedes,7,7,7.0,1,7.0,0,0
1128,2024,8,2024-05-26,Monaco Grand Prix,monaco,852,tsunoda,Tsunoda,215,RB F1 Team,8,8,4.0,11,8.0,0,0
1128,2024,8,2024-05-26,Monaco Grand Prix,monaco,848,albon,Albon,3,Williams,9,9,2.0,11,9.0,0,0
1128,2024,8,2024-05-26,Monaco Grand Prix,monaco,842,gasly,Gasly,214,Alpine F1 Team,10,10,1.0,11,10.0,0,0
1128,2024,8,2024-05-26,Monaco Grand Prix,monaco,4,alonso,Alonso,117,Aston Martin,14,11,0.0,12,16.0,0,0
1128,2024,8,2024-05-26,Monaco Grand Prix,monaco,817,ricciardo,Ricciardo,215,RB F1 Team,12,12,0.0,12,13.0,0,0
1128,2024,8,2024-05-26,Monaco Grand Prix,monaco,822,bottas,Bottas,15,Sauber,17,13,0.0,12,19.0,0,0
1128,2024,8,2024-05-26,Monaco Grand Prix,monaco,840,stroll,Stroll,117,Aston Martin,13,14,0.0,12,14.0,0,0
1128,2024,8,2024-05-26,Monaco Grand Prix,monaco,858,sargeant,Sargeant,3,Williams,15,15,0.0,12,17.0,0,0
1128,2024,8,2024-05-26,Monaco Grand Prix,monaco,855,zhou,Zhou,15,Sauber,18,16,0.0,12,20.0,0,1
1128,2024,8,2024-05-26,Monaco Grand Prix,monaco,839,ocon,Ocon,214,Alpine F1 Team,11,17,0.0,4,11.0,0,1
1128,2024,8,2024-05-26,Monaco Grand Prix,monaco,815,perez,Pérez,9,Red Bull,16,18,0.0,4,18.0,0,1
1128,2024,8,2024-05-26,Monaco Grand Prix,monaco,807,hulkenberg,Hülkenberg,210,Haas F1 Team,19,19,0.0,4,12.0,0,1
1128,2024,8,2024-05-26,Monaco Grand Prix,monaco,825,kevin_magnussen,Magnussen,210,Haas F1 Team,20,20,0.0,4,15.0,0,1
1129,2024,9,2024-06-09,Canadian Grand Prix,villeneuve,830,max_verstappen,Verstappen,9,Red Bull,2,1,25.0,1,2.0,1,0
1129,2024,9,2024-06-09,Canadian Grand Prix,villeneuve,846,norris,Norris,1,McLaren,3,2,18.0,1,3.0,0,0
1129,2024,9,2024-06-09,Canadian Grand Prix,villeneuve,847,russell,Russell,131,Mercedes,1,3,15.0,1,1.0,0,0
1129,2024,9,2024-06-09,Canadian Grand Prix,villeneuve,1,hamilton,Hamilton,131,Mercedes,7,4,13.0,1,7.0,0,0
1129,2024,9,2024-06-09,Canadian Grand Prix,villeneuve,857,piastri,Piastri,1,McLaren,4,5,10.0,1,4.0,0,0
1129,2024,9,2024-06-09,Canadian Grand Prix,villeneuve,4,alonso,Alonso,117,Aston Martin,6,6,8.0,1,6.0,0,0
1129,2024,9,2024-06-09,Canadian Grand Prix,villeneuve,840,stroll,Stroll,117,Aston Martin,9,7,6.0,1,9.0,0,0
1129,2024,9,2024-06-09,Canadian Grand Prix,villeneuve,817,ricciardo,Ricciardo,215,RB F1 Team,5,8,4.0,1,5.0,0,0
1129,2024,9,2024-06-09,Canadian Grand Prix,villeneuve,842,gasly,Gasly,214,Alpine F1 Team,15,9,2.0,1,15.0,0,0
1129,2024,9,2024-06-09,Canadian Grand Prix,villeneuve,839,ocon,Ocon,214,Alpine F1 Team,18,10,1.0,1,18.0,0,0
1129,2024,9,2024-06-09,Canadian Grand Prix,villeneuve,807,hulkenberg,Hülkenberg,210,Haas F1 Team,17,11,0.0,1,19.0,0,0
1129,2024,9,2024-06-09,Canadian Grand Prix,villeneuve,825,kevin_magnussen,Magnussen,210,Haas F1 Team,14,12,0.0,1,14.0,0,0
1129,2024,9,2024-06-09,Canadian Grand Prix,villeneuve,822,bottas,Bottas,15,Sauber,0,13,0.0,1,17.0,0,0
1129,2024,9,2024-06-09,Canadian Grand Prix,villeneuve,852,tsunoda,Tsunoda,215,RB F1 Team,8,14,0.0,1,8.0,0,0
1129,2024,9,2024-06-09,Canadian Grand Prix,villeneuve,855,zhou,Zhou,15,Sauber,0,15,0.0,11,20.0,0,0
1129,2024,9,2024-06-09,Canadian Grand Prix,villeneuve,832,sainz,Sainz,6,Ferrari,12,16,0.0,4,12.0,0,1
1129,2024,9,2024-06-09,Canadian Grand Prix,villeneuve,848,albon,Albon,3,Williams,10,17,0.0,4,10.0,0,1
1129,2024,9,2024-06-09,Canadian Grand Prix,villeneuve,815,perez,Pérez,9,Red Bull,16,18,0.0,3,16.0,0,1
1129,2024,9,2024-06-09,Canadian Grand Prix,villeneuve,844,leclerc,Leclerc,6,Ferrari,11,19,0.0,5,11.0,0,1
1129,2024,9,2024-06-09,Canadian Grand Prix,villeneuve,858,sargeant,Sargeant,3,Williams,13,20,0.0,3,13.0,0,1
1130,2024,10,2024-06-23,Spanish Grand Prix,catalunya,830,max_verstappen,Verstappen,9,Red Bull,2,1,25.0,1,2.0,1,0
1130,2024,10,2024-06-23,Spanish Grand Prix,catalunya,846,norris,Norris,1,McLaren,1,2,19.0,1,1.0,0,0
1130,2024,10,2024-06-23,Spanish Grand Prix,catalunya,1,hamilton,Hamilton,131,Mercedes,3,3,15.0,1,3.0,0,0
1130,2024,10,2024-06-23,Spanish Grand Prix,catalunya,847,russell,Russell,131,Mercedes,4,4,12.0,1,4.0,0,0
1130,2024,10,2024-06-23,Spanish Grand Prix,catalunya,844,leclerc,Leclerc,6,Ferrari,5,5,10.0,1,5.0,0,0
1130,2024,10,2024-06-23,Spanish Grand Prix,catalunya,832,sainz,Sainz,6,Ferrari,6,6,8.0,1,6.0,0,0
1130,2024,10,2024-06-23,Spanish Grand Prix,catalunya,857,piastri,Piastri,1,McLaren,9,7,6.0,1,10.0,0,0
1130,2024,10,2024-06-23,Spanish Grand Prix,catalunya,815,perez,Pérez,9,Red Bull,11,8,4.0,1,8.0,0,0
1130,2024,10,2024-06-23,Spanish Grand Prix,catalunya,842,gasly,Gasly,214,Alpine F1 Team,7,9,2.0,1,7.0,0,0
1130,2024,10,2024-06-23,Spanish Grand Prix,catalunya,839,ocon,Ocon,214,Alpine F1 Team,8,10,1.0,1,9.0,0,0
1130,2024,10,2024-06-23,Spanish Grand Prix,catalunya,807,hulkenberg,Hülkenberg,210,Haas F1 Team,13,11,0.0,1,13.0,0,0
1130,2024,10,2024-06-23,Spanish Grand Prix,catalunya,4,alonso,Alonso,117,Aston Martin,10,12,0.0,11,11.0,0,0
1130,2024,10,2024-06-23,Spanish Grand Prix,catalunya,855,zhou,Zhou,15,Sauber,15,13,0.0,11,15.0,0,0
1130,2024,10,2024-06-23,Spanish Grand Prix,catalunya,840,stroll,Stroll,117,Aston Martin,14,14,0.0,11,14.0,0,0
1130,2024,10,2024-06-23,Spanish Grand Prix,catalunya,817,ricciardo,Ricciardo,215,RB F1 Team,18,15,0.0,11,18.0,0,0
1130,2024,10,2024-06-23,Spanish Grand Prix,catalunya,822,bottas,Bottas,15,Sauber,12,16,0.0,11,12.0,0,1
1130,2024,10,2024-06-23,Spanish Grand Prix,catalunya,825,kevin_magnussen,Magnussen,210,Haas F1 Team,16,17,0.0,11,16.0,0,1
1130,2024,10,2024-06-23,Spanish Grand Prix,catalunya,848,albon,Albon,3,Williams,0,18,0.0,11,19.0,0,1
1130,2024,10,2024-06-23,Spanish Grand Prix,catalunya,852,tsunoda,Tsunoda,215,RB F1 Team,17,19,0.0,11,17.0,0,1
1130,2024,10,2024-06-23,Spanish Grand Prix,catalunya,858,sargeant,Sargeant,3,Williams,19,20,0.0,12,20.0,0,1
1131,2024,11,2024-06-30,Austrian Grand Prix,red_bull_ring,847,russell,Russell,131,Mercedes,3,1,25.0,1,3.0,1,0
1131,2024,11,2024-06-30,Austrian Grand Prix,red_bull_ring,857,piastri,Piastri,1,McLaren,7,2,18.0,1,7.0,0,0
1131,2024,11,2024-06-30,Austrian Grand Prix,red_bull_ring,832,sainz,Sainz,6,Ferrari,4,3,15.0,1,4.0,0,0
1131,2024,11,2024-06-30,Austrian Grand Prix,red_bull_ring,1,hamilton,Hamilton,131,Mercedes,5,4,12.0,1,5.0,0,0
1131,2024,11,2024-06-30,Austrian Grand Prix,red_bull_ring,830,max_verstappen,Verstappen,9,Red Bull,1,5,10.0,1,1.0,0,0
1131,2024,11,2024-06-30,Austrian Grand Prix,red_bull_ring,807,hulkenberg,Hülkenberg,210,Haas F1 Team,9,6,8.0,1,9.0,0,0
1131,2024,11,2024-06-30,Austrian Grand Prix,red_bull_ring,815,perez,Pérez,9,Red Bull,8,7,6.0,1,8.0,0,0
1131,2024,11,2024-06-30,Austrian Grand Prix,red_bull_ring,825,kevin_magnussen,Magnussen,210,Haas F1 Team,12,8,4.0,1,12.0,0,0
1131,2024,11,2024-06-30,Austrian Grand Prix,red_bull_ring,817,ricciardo,Ricciardo,215,RB F1 Team,11,9,2.0,1,11.0,0,0
1131,2024,11,2024-06-30,Austrian Grand Prix,red_bull_ring,842,gasly,Gasly,214,Alpine F1 Team,13,10,1.0,1,13.0,0,0
1131,2024,11,2024-06-30,Austrian Grand Prix,red_bull_ring,844,leclerc,Leclerc,6,Ferrari,6,11,0.0,1,6.0,0,0
1131,2024,11,2024-06-30,Austrian Grand Prix,red_bull_ring,839,ocon,Ocon,214,Alpine F1 Team,10,12,0.0,1,10.0,0,0
1131,2024,11,2024-06-30,Austrian Grand Prix,red_bull_ring,840,stroll,Stroll,117,Aston Martin,17,13,0.0,11,17.0,0,0
1131,2024,11,2024-06-30,Austrian Grand Prix,red_bull_ring,852,tsunoda,Tsunoda,215,RB F1 Team,14,14,0.0,11,14.0,0,0
1131,2024,11,2024-06-30,Austrian Grand Prix,red_bull_ring,848,albon,Albon,3,Williams,16,15,0.0,11,16.0,0,0
1131,2024,11,2024-06-30,Austrian Grand Prix,red_bull_ring,822,bottas,Bottas,15,Sauber,18,16,0.0,11,18.0,0,1
1131,2024,11,2024-06-30,Austrian Grand Prix,red_bull_ring,855,zhou,Zhou,15,Sauber,20,17,0.0,11,20.0,0,1
1131,2024,11,2024-06-30,Austrian Grand Prix,red_bull_ring,4,alonso,Alonso,117,Aston Martin,15,18,0.0,11,15.0,0,1
1131,2024,11,2024-06-30,Austrian Grand Prix,red_bull_ring,858,sargeant,Sargeant,3,Williams,19,19,0.0,12,19.0,0,1
1131,2024,11,2024-06-30,Austrian Grand Prix,red_bull_ring,846,norris,Norris,1,McLaren,2,20,0.0,17,2.0,0,1
1132,2024,12,2024-07-07,British Grand Prix,silverstone,1,hamilton,Hamilton,131,Mercedes,2,1,25.0,1,2.0,1,0
1132,2024,12,2024-07-07,British Grand Prix,silverstone,830,max_verstappen,Verstappen,9,Red Bull,4,2,18.0,1,4.0,0,0
1132,2024,12,2024-07-07,British Grand Prix,silverstone,846,norris,Norris,1,McLaren,3,3,15.0,1,3.0,0,0
1132,2024,12,2024-07-07,British Grand Prix,silverstone,857,piastri,Piastri,1,McLaren,5,4,12.0,1,5.0,0,0
1132,2024,12,2024-07-07,British Grand Prix,silverstone,832,sainz,Sainz,6,Ferrari,7,5,11.0,1,7.0,0,0
1132,2024,12,2024-07-07,British Grand Prix,silverstone,807,hulkenberg,Hülkenberg,210,Haas F1 Team,6,6,8.0,1,6.0,0,0
1132,2024,12,2024-07-07,British Grand Prix,silverstone,840,stroll,Stroll,117,Aston Martin,8,7,6.0,1,8.0,0,0
1132,2024,12,2024-07-07,British Grand Prix,silverstone,4,alonso,Alonso,117,Aston Martin,10,8,4.0,1,10.0,0,0
1132,2024,12,2024-07-07,British Grand Prix,silverstone,848,albon,Albon,3,Williams,9,9,2.0,1,9.0,0,0
1132,2024,12,2024-07-07,British Grand Prix,silverstone,852,tsunoda,Tsunoda,215,RB F1 Team,13,10,1.0,1,13.0,0,0
1132,2024,12,2024-07-07,British Grand Prix,silverstone,858,sargeant,Sargeant,3,Williams,12,11,0.0,1,12.0,0,0
1132,2024,12,2024-07-07,British Grand Prix,silverstone,825,kevin_magnussen,Magnussen,210,Haas F1 Team,17,12,0.0,1,17.0,0,0
1132,2024,12,2024-07-07,British Grand Prix,silverstone,817,ricciardo,Ricciardo,215,RB F1 Team,15,13,0.0,11,15.0,0,0
1132,2024,12,2024-07-07,British Grand Prix,silverstone,844,leclerc,Leclerc,6,Ferrari,11,14,0.0,11,11.0,0,0
1132,2024,12,2024-07-07,British Grand Prix,silverstone,822,bottas,Bottas,15,Sauber,16,15,0.0,11,16.0,0,0
1132,2024,12,2024-07-07,British Grand Prix,silverstone,839,ocon,Ocon,214,Alpine F1 Team,18,16,0.0,12,18.0,0,1
1132,2024,12,2024-07-07,British Grand Prix,silverstone,815,perez,Pérez,9,Red Bull,0,17,0.0,12,19.0,0,1
1132,2024,12,2024-07-07,British Grand Prix,silverstone,855,zhou,Zhou,15,Sauber,14,18,0.0,12,14.0,0,1
1132,2024,12,2024-07-07,British Grand Prix,silverstone,847,russell,Russell,131,Mercedes,1,19,0.0,34,1.0,0,1
1132,2024,12,2024-07-07,British Grand Prix,silverstone,842,gasly,Gasly,214,Alpine F1 Team,19,20,0.0,6,20.0,0,1
1133,2024,13,2024-07-21,Hungarian Grand Prix,hungaroring,857,piastri,Piastri,1,McLaren,2,1,25.0,1,2.0,1,0
1133,2024,13,2024-07-21,Hungarian Grand Prix,hungaroring,846,norris,Norris,1,McLaren,1,2,18.0,1,1.0,0,0
1133,2024,13,2024-07-21,Hungarian Grand Prix,hungaroring,1,hamilton,Hamilton,131,Mercedes,5,3,15.0,1,5.0,0,0
1133,2024,13,2024-07-21,Hungarian Grand Prix,hungaroring,844,leclerc,Leclerc,6,Ferrari,6,4,12.0,1,6.0,0,0
1133,2024,13,2024-07-21,Hungarian Grand Prix,hungaroring,830,max_verstappen,Verstappen,9,Red Bull,3,5,10.0,1,3.0,0,0
1133,2024,13,2024-07-21,Hungarian Grand Prix,hungaroring,832,sainz,Sainz,6,Ferrari,4,6,8.0,1,4.0,0,0
1133,2024,13,2024-07-21,Hungarian Grand Prix,hungaroring,815,perez,Pérez,9,Red Bull,16,7,6.0,1,16.0,0,0
1133,2024,13,2024-07-21,Hungarian Grand Prix,hungaroring,847,russell,Russell,131,Mercedes,17,8,5.0,1,17.0,0,0
1133,2024,13,2024-07-21,Hungarian Grand Prix,hungaroring,852,tsunoda,Tsunoda,215,RB F1 Team,10,9,2.0,1,10.0,0,0
1133,2024,13,2024-07-21,Hungarian Grand Prix,hungaroring,840,stroll,Stroll,117,Aston Martin,8,10,1.0,1,8.0,0,0
1133,2024,13,2024-07-21,Hungarian Grand Prix,hungaroring,4,alonso,Alonso,117,Aston Martin,7,11,0.0,1,7.0,0,0
1133,2024,13,2024-07-21,Hungarian Grand Prix,hungaroring,817,ricciardo,Ricciardo,215,RB F1 Team,9,12,0.0,11,9.0,0,0
1133,2024,13,2024-07-21,Hungarian Grand Prix,hungaroring,807,hulkenberg,Hülkenberg,210,Haas F1 Team,11,13,0.0,11,11.0,0,0
1133,2024,13,2024-07-21,Hungarian Grand Prix,hungaroring,848,albon,Albon,3,Williams,13,14,0.0,11,13.0,0,0
1133,2024,13,2024-07-21,Hungarian Grand Prix,hungaroring,825,kevin_magnussen,Magnussen,210,Haas F1 Team,15,15,0.0,11,15.0,0,0
1133,2024,13,2024-07-21,Hungarian Grand Prix,hungaroring,822,bottas,Bottas,15,Sauber,12,16,0.0,11,12.0,0,1
1133,2024,13,2024-07-21,Hungarian Grand Prix,hungaroring,858,sargeant,Sargeant,3,Williams,14,17,0.0,11,14.0,0,1
1133,2024,13,2024-07-21,Hungarian Grand Prix,hungaroring,839,ocon,Ocon,214,Alpine F1 Team,19,18,0.0,11,19.0,0,1
1133,2024,13,2024-07-21,Hungarian Grand Prix,hungaroring,855,zhou,Zhou,15,Sauber,18,19,0.0,11,18.0,0,1
1133,2024,13,2024-07-21,Hungarian Grand Prix,hungaroring,842,gasly,Gasly,214,Alpine F1 Team,0,20,0.0,9,20.0,0,1
1134,2024,14,2024-07-28,Belgian Grand Prix,spa,1,hamilton,Hamilton,131,Mercedes,3,1,25.0,1,4.0,1,0
1134,2024,14,2024-07-28,Belgian Grand Prix,spa,857,piastri,Piastri,1,McLaren,5,2,18.0,1,6.0,0,0
1134,2024,14,2024-07-28,Belgian Grand Prix,spa,844,leclerc,Leclerc,6,Ferrari,1,3,15.0,1,2.0,0,0
1134,2024,14,2024-07-28,Belgian Grand Prix,spa,830,max_verstappen,Verstappen,9,Red Bull,11,4,12.0,1,1.0,0,0
1134,2024,14,2024-07-28,Belgian Grand Prix,spa,846,norris,Norris,1,McLaren,4,5,10.0,1,5.0,0,0
1134,2024,14,2024-07-28,Belgian Grand Prix,spa,832,sainz,Sainz,6,Ferrari,7,6,8.0,1,8.0,0,0
1134,2024,14,2024-07-28,Belgian Grand Prix,spa,815,perez,Pérez,9,Red Bull,2,7,7.0,1,3.0,0,0
1134,2024,14,2024-07-28,Belgian Grand Prix,spa,4,alonso,Alonso,117,Aston Martin,8,8,4.0,1,9.0,0,0
1134,2024,14,2024-07-28,Belgian Grand Prix,spa,839,ocon,Ocon,214,Alpine F1 Team,9,9,2.0,1,10.0,0,0
1134,2024,14,2024-07-28,Belgian Grand Prix,spa,817,ricciardo,Ricciardo,215,RB F1 Team,13,10,1.0,1,13.0,0,0
1134,2024,14,2024-07-28,Belgian Grand Prix,spa,840,stroll,Stroll,117,Aston Martin,15,11,0.0,1,15.0,0,0
1134,2024,14,2024-07-28,Belgian Grand Prix,spa,848,albon,Albon,3,Williams,10,12,0.0,1,11.0,0,0
1134,2024,14,2024-07-28,Belgian Grand Prix,spa,842,gasly,Gasly,214,Alpine F1 Team,12,13,0.0,1,12.0,0,0
1134,2024,14,2024-07-28,Belgian Grand Prix,spa,825,kevin_magnussen,Magnussen,210,Haas F1 Team,17,14,0.0,1,17.0,0,0
1134,2024,14,2024-07-28,Belgian Grand Prix,spa,822,bottas,Bottas,15,Sauber,14,15,0.0,1,14.0,0,0
1134,2024,14,2024-07-28,Belgian Grand Prix,spa,852,tsunoda,Tsunoda,215,RB F1 Team,20,16,0.0,1,18.0,0,1
1134,2024,14,2024-07-28,Belgian Grand Prix,spa,858,sargeant,Sargeant,3,Williams,18,17,0.0,1,19.0,0,1
1134,2024,14,2024-07-28,Belgian Grand Prix,spa,807,hulkenberg,Hülkenberg,210,Haas F1 Team,16,18,0.0,1,16.0,0,1
1134,2024,14,2024-07-28,Belgian Grand Prix,spa,855,zhou,Zhou,15,Sauber,19,19,0.0,31,20.0,0,1
1134,2024,14,2024-07-28,Belgian Grand Prix,spa,847,russell,Russell,131,Mercedes,6,20,0.0,2,7.0,0,1
1135,2024,15,2024-08-25,Dutch Grand Prix,zandvoort,846,norris,Norris,1,McLaren,1,1,26.0,1,1.0,1,0
1135,2024,15,2024-08-25,Dutch Grand Prix,zandvoort,830,max_verstappen,Verstappen,9,Red Bull,2,2,18.0,1,2.0,0,0
1135,2024,15,2024-08-25,Dutch Grand Prix,zandvoort,844,leclerc,Leclerc,6,Ferrari,6,3,15.0,1,6.0,0,0
1135,2024,15,2024-08-25,Dutch Grand Prix,zandvoort,857,piastri,Piastri,1,McLaren,3,4,12.0,1,3.0,0,0
1135,2024,15,2024-08-25,Dutch Grand Prix,zandvoort,832,sainz,Sainz,6,Ferrari,10,5,10.0,1,10.0,0,0
1135,2024,15,2024-08-25,Dutch Grand Prix,zandvoort,815,perez,Pérez,9,Red Bull,5,6,8.0,1,5.0,0,0
1135,2024,15,2024-08-25,Dutch Grand Prix,zandvoort,847,russell,Russell,131,Mercedes,4,7,6.0,1,4.0,0,0
1135,2024,15,2024-08-25,Dutch Grand Prix,zandvoort,1,hamilton,Hamilton,131,Mercedes,14,8,4.0,1,11.0,0,0
1135,2024,15,2024-08-25,Dutch Grand Prix,zandvoort,842,gasly,Gasly,214,Alpine F1 Team,9,9,2.0,11,9.0,0,0
1135,2024,15,2024-08-25,Dutch Grand Prix,zandvoort,4,alonso,Alonso,117,Aston Martin,7,10,1.0,11,7.0,0,0
1135,2024,15,2024-08-25,Dutch Grand Prix,zandvoort,807,hulkenberg,Hülkenberg,210,Haas F1 Team,12,11,0.0,11,13.0,0,0
1135,2024,15,2024-08-25,Dutch Grand Prix,zandvoort,817,ricciardo,Ricciardo,215,RB F1 Team,13,12,0.0,11,15.0,0,0
1135,2024,15,2024-08-25,Dutch Grand Prix,zandvoort,840,stroll,Stroll,117,Aston Martin,8,13,0.0,11,8.0,0,0
1135,2024,15,2024-08-25,Dutch Grand Prix,zandvoort,848,albon,Albon,3,Williams,19,14,0.0,11,19.0,0,0
1135,2024,15,2024-08-25,Dutch Grand Prix,zandvoort,839,ocon,Ocon,214,Alpine F1 Team,15,15,0.0,11,16.0,0,0
1135,2024,15,2024-08-25,Dutch Grand Prix,zandvoort,858,sargeant,Sargeant,3,Williams,18,16,0.0,11,20.0,0,1
1135,2024,15,2024-08-25,Dutch Grand Prix,zandvoort,852,tsunoda,Tsunoda,215,RB F1 Team,11,17,0.0,11,12.0,0,1
1135,2024,15,2024-08-25,Dutch Grand Prix,zandvoort,825,kevin_magnussen,Magnussen,210,Haas F1 Team,0,18,0.0,11,14.0,0,1
1135,2024,15,2024-08-25,Dutch Grand Prix,zandvoort,822,bottas,Bottas,15,Sauber,16,19,0.0,12,17.0,0,1
1135,2024,15,2024-08-25,Dutch Grand Prix,zandvoort,855,zhou,Zhou,15,Sauber,17,20,0.0,12,18.0,0,1
1136,2024,16,2024-09-01,Italian Grand Prix,monza,844,leclerc,Leclerc,6,Ferrari,4,1,25.0,1,4.0,1,0
1136,2024,16,2024-09-01,Italian Grand Prix,monza,857,piastri,Piastri,1,McLaren,2,2,18.0,1,2.0,0,0
1136,2024,16,2024-09-01,Italian Grand Prix,monza,846,norris,Norris,1,McLaren,1,3,16.0,1,1.0,0,0
1136,2024,16,2024-09-01,Italian Grand Prix,monza,832,sainz,Sainz,6,Ferrari,5,4,12.0,1,5.0,0,0
1136,2024,16,2024-09-01,Italian Grand Prix,monza,1,hamilton,Hamilton,131,Mercedes,6,5,10.0,1,6.0,0,0
1136,2024,16,2024-09-01,Italian Grand Prix,monza,830,max_verstappen,Verstappen,9,Red Bull,7,6,8.0,1,7.0,0,0
1136,2024,16,2024-09-01,Italian Grand Prix,monza,847,russell,Russell,131,Mercedes,3,7,6.0,1,3.0,0,0
1136,2024,16,2024-09-01,Italian Grand Prix,monza,815,perez,Pérez,9,Red Bull,8,8,4.0,1,8.0,0,0
1136,2024,16,2024-09-01,Italian Grand Prix,monza,848,albon,Albon,3,Williams,9,9,2.0,1,9.0,0,0
1136,2024,16,2024-09-01,Italian Grand Prix,monza,825,kevin_magnussen,Magnussen,210,Haas F1 Team,13,10,1.0,1,13.0,0,0
1136,2024,16,2024-09-01,Italian Grand Prix,monza,4,alonso,Alonso,117,Aston Martin,11,11,0.0,1,11.0,0,0
1136,2024,16,2024-09-01,Italian Grand Prix,monza,861,colapinto,Colapinto,3,Williams,18,12,0.0,1,18.0,0,0
1136,2024,16,2024-09-01,Italian Grand Prix,monza,817,ricciardo,Ricciardo,215,RB F1 Team,12,13,0.0,1,12.0,0,0
1136,2024,16,2024-09-01,Italian Grand Prix,monza,839,ocon,Ocon,214,Alpine F1 Team,15,14,0.0,11,15.0,0,0
1136,2024,16,2024-09-01,Italian Grand Prix,monza,842,gasly,Gasly,214,Alpine F1 Team,14,15,0.0,11,14.0,0,0
1136,2024,16,2024-09-01,Italian Grand Prix,monza,822,bottas,Bottas,15,Sauber,19,16,0.0,11,19.0,0,1
1136,2024,16,2024-09-01,Italian Grand Prix,monza,807,hulkenberg,Hülkenberg,210,Haas F1 Team,10,17,0.0,11,10.0,0,1
1136,2024,16,2024-09-01,Italian Grand Prix,monza,855,zhou,Zhou,15,Sauber,20,18,0.0,11,20.0,0,1
1136,2024,16,2024-09-01,Italian Grand Prix,monza,840,stroll,Stroll,117,Aston Martin,17,19,0.0,11,17.0,0,1
1136,2024,16,2024-09-01,Italian Grand Prix,monza,852,tsunoda,Tsunoda,215,RB F1 Team,16,20,0.0,25,16.0,0,1
1137,2024,17,2024-09-15,Azerbaijan Grand Prix,baku,857,piastri,Piastri,1,McLaren,2,1,25.0,1,2.0,1,0
1137,2024,17,2024-09-15,Azerbaijan Grand Prix,baku,844,leclerc,Leclerc,6,Ferrari,1,2,18.0,1,1.0,0,0
1137,2024,17,2024-09-15,Azerbaijan Grand Prix,baku,847,russell,Russell,131,Mercedes,5,3,15.0,1,5.0,0,0
1137,2024,17,2024-09-15,Azerbaijan Grand Prix,baku,846,norris,Norris,1,McLaren,15,4,13.0,1,16.0,0,0
1137,2024,17,2024-09-15,Azerbaijan Grand Prix,baku,830,max_verstappen,Verstappen,9,Red Bull,6,5,10.0,1,6.0,0,0
1137,2024,17,2024-09-15,Azerbaijan Grand Prix,baku,4,alonso,Alonso,117,Aston Martin,7,6,8.0,1,8.0,0,0
1137,2024,17,2024-09-15,Azerbaijan Grand Prix,baku,848,albon,Albon,3,Williams,9,7,6.0,1,10.0,0,0
1137,2024,17,2024-09-15,Azerbaijan Grand Prix,baku,861,colapinto,Colapinto,3,Williams,8,8,4.0,1,9.0,0,0
1137,2024,17,2024-09-15,Azerbaijan Grand Prix,baku,1,hamilton,Hamilton,131,Mercedes,0,9,2.0,1,7.0,0,0
1137,2024,17,2024-09-15,Azerbaijan Grand Prix,baku,860,bearman,Bearman,210,Haas F1 Team,10,10,1.0,1,11.0,0,0
1137,2024,17,2024-09-15,Azerbaijan Grand Prix,baku,807,hulkenberg,Hülkenberg,210,Haas F1 Team,12,11,0.0,1,13.0,0,0
1137,2024,17,2024-09-15,Azerbaijan Grand Prix,baku,842,gasly,Gasly,214,Alpine F1 Team,18,12,0.0,1,20.0,0,0
1137,2024,17,2024-09-15,Azerbaijan Grand Prix,baku,817,ricciardo,Ricciardo,215,RB F1 Team,14,13,0.0,1,15.0,0,0
1137,2024,17,2024-09-15,Azerbaijan Grand Prix,baku,855,zhou,Zhou,15,Sauber,17,14,0.0,1,18.0,0,0
1137,2024,17,2024-09-15,Azerbaijan Grand Prix,baku,839,ocon,Ocon,214,Alpine F1 Team,0,15,0.0,11,19.0,0,0
1137,2024,17,2024-09-15,Azerbaijan Grand Prix,baku,822,bottas,Bottas,15,Sauber,16,16,0.0,11,17.0,0,1
1137,2024,17,2024-09-15,Azerbaijan Grand Prix,baku,815,perez,Pérez,9,Red Bull,4,17,0.0,31,4.0,0,1
1137,2024,17,2024-09-15,Azerbaijan Grand Prix,baku,832,sainz,Sainz,6,Ferrari,3,18,0.0,31,3.0,0,1
1137,2024,17,2024-09-15,Azerbaijan Grand Prix,baku,840,stroll,Stroll,117,Aston Martin,13,19,0.0,31,14.0,0,1
1137,2024,17,2024-09-15,Azerbaijan Grand Prix,baku,852,tsunoda,Tsunoda,215,RB F1 Team,11,20,0.0,31,12.0,0,1
1138,2024,18,2024-09-22,Singapore Grand Prix,marina_bay,846,norris,Norris,1,McLaren,1,1,25.0,1,1.0,1,0
1138,2024,18,2024-09-22,Singapore Grand Prix,marina_bay,830,max_verstappen,Verstappen,9,Red Bull,2,2,18.0,1,2.0,0,0
1138,2024,18,2024-09-22,Singapore Grand Prix,marina_bay,857,piastri,Piastri,1,McLaren,5,3,15.0,1,5.0,0,0
1138,2024,18,2024-09-22,Singapore Grand Prix,marina_bay,847,russell,Russell,131,Mercedes,4,4,12.0,1,4.0,0,0
1138,2024,18,2024-09-22,Singapore Grand Prix,marina_bay,844,leclerc,Leclerc,6,Ferrari,9,5,10.0,1,9.0,0,0
1138,2024,18,2024-09-22,Singapore Grand Prix,marina_bay,1,hamilton,Hamilton,131,Mercedes,3,6,8.0,1,3.0,0,0
1138,2024,18,2024-09-22,Singapore Grand Prix,marina_bay,832,sainz,Sainz,6,Ferrari,10,7,6.0,1,10.0,0,0
1138,2024,18,2024-09-22,Singapore Grand Prix,marina_bay,4,alonso,Alonso,117,Aston Martin,7,8,4.0,11,7.0,0,0
1138,2024,18,2024-09-22,Singapore Grand Prix,marina_bay,807,hulkenberg,Hülkenberg,210,Haas F1 Team,6,9,2.0,11,6.0,0,0
1138,2024,18,2024-09-22,Singapore Grand Prix,marina_bay,815,perez,Pérez,9,Red Bull,13,10,1.0,11,13.0,0,0
1138,2024,18,2024-09-22,Singapore Grand Prix,marina_bay,861,colapinto,Colapinto,3,Williams,12,11,0.0,11,12.0,0,0
1138,2024,18,2024-09-22,Singapore Grand Prix,marina_bay,852,tsunoda,Tsunoda,215,RB F1 Team,8,12,0.0,11,8.0,0,0
1138,2024,18,2024-09-22,Singapore Grand Prix,marina_bay,839,ocon,Ocon,214,Alpine F1 Team,15,13,0.0,11,15.0,0,0
1138,2024,18,2024-09-22,Singapore Grand Prix,marina_bay,840,stroll,Stroll,117,Aston Martin,17,14,0.0,11,17.0,0,0
1138,2024,18,2024-09-22,Singapore Grand Prix,marina_bay,855,zhou,Zhou,15,Sauber,20,15,0.0,11,20.0,0,0
1138,2024,18,2024-09-22,Singapore Grand Prix,marina_bay,822,bottas,Bottas,15,Sauber,19,16,0.0,11,19.0,0,1
1138,2024,18,2024-09-22,Singapore Grand Prix,marina_bay,842,gasly,Gasly,214,Alpine F1 Team,18,17,0.0,11,18.0,0,1
1138,2024,18,2024-09-22,Singapore Grand Prix,marina_bay,817,ricciardo,Ricciardo,215,RB F1 Team,16,18,0.0,11,16.0,0,1
1138,2024,18,2024-09-22,Singapore Grand Prix,marina_bay,825,kevin_magnussen,Magnussen,210,Haas F1 Team,14,19,0.0,3,14.0,0,1
1138,2024,18,2024-09-22,Singapore Grand Prix,marina_bay,848,albon,Albon,3,Williams,11,20,0.0,131,11.0,0,1
1139,2024,19,2024-10-20,United States Grand Prix,americas,844,leclerc,Leclerc,6,Ferrari,4,1,25.0,1,4.0,1,0
1139,2024,19,2024-10-20,United States Grand Prix,americas,832,sainz,Sainz,6,Ferrari,3,2,18.0,1,3.0,0,0
1139,2024,19,2024-10-20,United States Grand Prix,americas,830,max_verstappen,Verstappen,9,Red Bull,2,3,15.0,1,2.0,0,0
1139,2024,19,2024-10-20,United States Grand Prix,americas,846,norris,Norris,1,McLaren,1,4,12.0,1,1.0,0,0
1139,2024,19,2024-10-20,United States Grand Prix,americas,857,piastri,Piastri,1,McLaren,5,5,10.0,1,5.0,0,0
1139,2024,19,2024-10-20,United States Grand Prix,americas,847,russell,Russell,131,Mercedes,20,6,8.0,1,6.0,0,0
1139,2024,19,2024-10-20,United States Grand Prix,americas,815,perez,Pérez,9,Red Bull,9,7,6.0,1,10.0,0,0
1139,2024,19,2024-10-20,United States Grand Prix,americas,807,hulkenberg,Hülkenberg,210,Haas F1 Team,11,8,4.0,1,12.0,0,0
1139,2024,19,2024-10-20,United States Grand Prix,americas,859,lawson,Lawson,215,RB F1 Team,19,9,2.0,1,15.0,0,0
1139,2024,19,2024-10-20,United States Grand Prix,americas,861,colapinto,Colapinto,3,Williams,15,10,1.0,1,17.0,0,0
1139,2024,19,2024-10-20,United States Grand Prix,americas,825,kevin_magnussen,Magnussen,210,Haas F1 Team,8,11,0.0,1,9.0,0,0
1139,2024,19,2024-10-20,United States Grand Prix,americas,842,gasly,Gasly,214,Alpine F1 Team,6,12,0.0,1,7.0,0,0
1139,2024,19,2024-10-20,United States Grand Prix,americas,4,alonso,Alonso,117,Aston Martin,7,13,0.0,11,8.0,0,0
1139,2024,19,2024-10-20,United States Grand Prix,americas,852,tsunoda,Tsunoda,215,RB F1 Team,10,14,0.0,11,11.0,0,0
1139,2024,19,2024-10-20,United States Grand Prix,americas,840,stroll,Stroll,117,Aston Martin,13,15,0.0,11,14.0,0,0
1139,2024,19,2024-10-20,United States Grand Prix,americas,848,albon,Albon,3,Williams,14,16,0.0,11,16.0,0,1
1139,2024,19,2024-10-20,United States Grand Prix,americas,822,bottas,Bottas,15,Sauber,16,17,0.0,11,18.0,0,1
1139,2024,19,2024-10-20,United States Grand Prix,americas,839,ocon,Ocon,214,Alpine F1 Team,12,18,0.0,11,13.0,0,1
1139,2024,19,2024-10-20,United States Grand Prix,americas,855,zhou,Zhou,15,Sauber,18,19,0.0,11,20.0,0,1
1139,2024,19,2024-10-20,United States Grand Prix,americas,1,hamilton,Hamilton,131,Mercedes,17,20,0.0,20,19.0,0,1
1140,2024,20,2024-10-27,Mexico City Grand Prix,rodriguez,832,sainz,Sainz,6,Ferrari,1,1,25.0,1,1.0,1,0
1140,2024,20,2024-10-27,Mexico City Grand Prix,rodriguez,846,norris,Norris,1,McLaren,3,2,18.0,1,3.0,0,0
1140,2024,20,2024-10-27,Mexico City Grand Prix,rodriguez,844,leclerc,Leclerc,6,Ferrari,4,3,16.0,1,4.0,0,0
1140,2024,20,2024-10-27,Mexico City Grand Prix,rodriguez,1,hamilton,Hamilton,131,Mercedes,6,4,12.0,1,6.0,0,0
1140,2024,20,2024-10-27,Mexico City Grand Prix,rodriguez,847,russell,Russell,131,Mercedes,5,5,10.0,1,5.0,0,0
1140,2024,20,2024-10-27,Mexico City Grand Prix,rodriguez,830,max_verstappen,Verstappen,9,Red Bull,2,6,8.0,1,2.0,0,0
1140,2024,20,2024-10-27,Mexico City Grand Prix,rodriguez,825,kevin_magnussen,Magnussen,210,Haas F1 Team,7,7,6.0,1,7.0,0,0
1140,2024,20,2024-10-27,Mexico City Grand Prix,rodriguez,857,piastri,Piastri,1,McLaren,17,8,4.0,1,17.0,0,0
1140,2024,20,2024-10-27,Mexico City Grand Prix,rodriguez,807,hulkenberg,Hülkenberg,210,Haas F1 Team,10,9,2.0,11,10.0,0,0
1140,2024,20,2024-10-27,Mexico City Grand Prix,rodriguez,842,gasly,Gasly,214,Alpine F1 Team,8,10,1.0,11,8.0,0,0
1140,2024,20,2024-10-27,Mexico City Grand Prix,rodriguez,840,stroll,Stroll,117,Aston Martin,14,11,0.0,11,14.0,0,0
1140,2024,20,2024-10-27,Mexico City Grand Prix,rodriguez,861,colapinto,Colapinto,3,Williams,16,12,0.0,11,16.0,0,0
1140,2024,20,2024-10-27,Mexico City Grand Prix,rodriguez,839,ocon,Ocon,214,Alpine F1 Team,0,13,0.0,11,19.0,0,0
1140,2024,20,2024-10-27,Mexico City Grand Prix,rodriguez,822,bottas,Bottas,15,Sauber,15,14,0.0,11,15.0,0,0
1140,2024,20,2024-10-27,Mexico City Grand Prix,rodriguez,855,zhou,Zhou,15,Sauber,19,15,0.0,11,20.0,0,0
1140,2024,20,2024-10-27,Mexico City Grand Prix,rodriguez,859,lawson,Lawson,215,RB F1 Team,12,16,0.0,11,12.0,0,1
1140,2024,20,2024-10-27,Mexico City Grand Prix,rodriguez,815,perez,Pérez,9,Red Bull,18,17,0.0,11,18.0,0,1
1140,2024,20,2024-10-27,Mexico City Grand Prix,rodriguez,4,alonso,Alonso,117,Aston Martin,13,18,0.0,23,13.0,0,1
1140,2024,20,2024-10-27,Mexico City Grand Prix,rodriguez,848,albon,Albon,3,Williams,9,19,0.0,4,9.0,0,1
1140,2024,20,2024-10-27,Mexico City Grand Prix,rodriguez,852,tsunoda,Tsunoda,215,RB F1 Team,11,20,0.0,4,11.0,0,1
1141,2024,21,2024-11-03,São Paulo Grand Prix,interlagos,830,max_verstappen,Verstappen,9,Red Bull,17,1,26.0,1,12.0,1,0
1141,2024,21,2024-11-03,São Paulo Grand Prix,interlagos,839,ocon,Ocon,214,Alpine F1 Team,4,2,18.0,1,4.0,0,0
1141,2024,21,2024-11-03,São Paulo Grand Prix,interlagos,842,gasly,Gasly,214,Alpine F1 Team,13,3,15.0,1,15.0,0,0
1141,2024,21,2024-11-03,São Paulo Grand Prix,interlagos,847,russell,Russell,131,Mercedes,2,4,12.0,1,2.0,0,0
1141,2024,21,2024-11-03,São Paulo Grand Prix,interlagos,844,leclerc,Leclerc,6,Ferrari,6,5,10.0,1,6.0,0,0
1141,2024,21,2024-11-03,São Paulo Grand Prix,interlagos,846,norris,Norris,1,McLaren,1,6,8.0,1,1.0,0,0
1141,2024,21,2024-11-03,São Paulo Grand Prix,interlagos,852,tsunoda,Tsunoda,215,RB F1 Team,3,7,6.0,1,3.0,0,0
1141,2024,21,2024-11-03,São Paulo Grand Prix,interlagos,857,piastri,Piastri,1,McLaren,8,8,4.0,1,8.0,0,0
1141,2024,21,2024-11-03,São Paulo Grand Prix,interlagos,859,lawson,Lawson,215,RB F1 Team,5,9,2.0,1,5.0,0,0
1141,2024,21,2024-11-03,São Paulo Grand Prix,interlagos,1,hamilton,Hamilton,131,Mercedes,14,10,1.0,1,16.0,0,0
1141,2024,21,2024-11-03,São Paulo Grand Prix,interlagos,815,perez,Pérez,9,Red Bull,12,11,0.0,1,13.0,0,0
1141,2024,21,2024-11-03,São Paulo Grand Prix,interlagos,860,bearman,Bearman,210,Haas F1 Team,15,12,0.0,1,17.0,0,0
1141,2024,21,2024-11-03,São Paulo Grand Prix,interlagos,822,bottas,Bottas,15,Sauber,11,13,0.0,1,11.0,0,0
1141,2024,21,2024-11-03,São Paulo Grand Prix,interlagos,4,alonso,Alonso,117,Aston Martin,9,14,0.0,1,9.0,0,0
1141,2024,21,2024-11-03,São Paulo Grand Prix,interlagos,855,zhou,Zhou,15,Sauber,19,15,0.0,1,20.0,0,0
1141,2024,21,2024-11-03,São Paulo Grand Prix,interlagos,832,sainz,Sainz,6,Ferrari,0,16,0.0,3,14.0,0,1
1141,2024,21,2024-11-03,São Paulo Grand Prix,interlagos,861,colapinto,Colapinto,3,Williams,16,17,0.0,3,18.0,0,1
1141,2024,21,2024-11-03,São Paulo Grand Prix,interlagos,848,albon,Albon,3,Williams,7,18,0.0,54,7.0,0,1
1141,2024,21,2024-11-03,São Paulo Grand Prix,interlagos,840,stroll,Stroll,117,Aston Martin,10,19,0.0,54,10.0,0,1
1141,2024,21,2024-11-03,São Paulo Grand Prix,interlagos,807,hulkenberg,Hülkenberg,210,Haas F1 Team,17,20,0.0,2,19.0,0,1
1142,2024,22,2024-11-23,Las Vegas Grand Prix,vegas,847,russell,Russell,131,Mercedes,1,1,25.0,1,1.0,1,0
1142,2024,22,2024-11-23,Las Vegas Grand Prix,vegas,1,hamilton,Hamilton,131,Mercedes,10,2,18.0,1,10.0,0,0
1142,2024,22,2024-11-23,Las Vegas Grand Prix,vegas,832,sainz,Sainz,6,Ferrari,2,3,15.0,1,2.0,0,0
1142,2024,22,2024-11-23,Las Vegas Grand Prix,vegas,844,leclerc,Leclerc,6,Ferrari,4,4,12.0,1,4.0,0,0
1142,2024,22,2024-11-23,Las Vegas Grand Prix,vegas,830,max_verstappen,Verstappen,9,Red Bull,5,5,10.0,1,5.0,0,0
1142,2024,22,2024-11-23,Las Vegas Grand Prix,vegas,846,norris,Norris,1,McLaren,6,6,9.0,1,6.0,0,0
1142,2024,22,2024-11-23,Las Vegas Grand Prix,vegas,857,piastri,Piastri,1,McLaren,8,7,6.0,1,8.0,0,0
1142,2024,22,2024-11-23,Las Vegas Grand Prix,vegas,807,hulkenberg,Hülkenberg,210,Haas F1 Team,9,8,4.0,1,9.0,0,0
1142,2024,22,2024-11-23,Las Vegas Grand Prix,vegas,852,tsunoda,Tsunoda,215,RB F1 Team,7,9,2.0,1,7.0,0,0
1142,2024,22,2024-11-23,Las Vegas Grand Prix,vegas,815,perez,Pérez,9,Red Bull,15,10,1.0,1,16.0,0,0
1142,2024,22,2024-11-23,Las Vegas Grand Prix,vegas,4,alonso,Alonso,117,Aston Martin,16,11,0.0,1,17.0,0,0
1142,2024,22,2024-11-23,Las Vegas Grand Prix,vegas,825,kevin_magnussen,Magnussen,210,Haas F1 Team,12,12,0.0,1,12.0,0,0
1142,2024,22,2024-11-23,Las Vegas Grand Prix,vegas,855,zhou,Zhou,15,Sauber,13,13,0.0,1,13.0,0,0
1142,2024,22,2024-11-23,Las Vegas Grand Prix,vegas,861,colapinto,Colapinto,3,Williams,0,14,0.0,1,14.0,0,0
1142,2024,22,2024-11-23,Las Vegas Grand Prix,vegas,840,stroll,Stroll,117,Aston Martin,18,15,0.0,1,20.0,0,0
1142,2024,22,2024-11-23,Las Vegas Grand Prix,vegas,859,lawson,Lawson,215,RB F1 Team,14,16,0.0,1,15.0,0,1
1142,2024,22,2024-11-23,Las Vegas Grand Prix,vegas,839,ocon,Ocon,214,Alpine F1 Team,11,17,0.0,11,11.0,0,1
1142,2024,22,2024-11-23,Las Vegas Grand Prix,vegas,822,bottas,Bottas,15,Sauber,19,18,0.0,11,19.0,0,1
1142,2024,22,2024-11-23,Las Vegas Grand Prix,vegas,848,albon,Albon,3,Williams,17,19,0.0,21,18.0,0,1
1142,2024,22,2024-11-23,Las Vegas Grand Prix,vegas,842,gasly,Gasly,214,Alpine F1 Team,3,20,0.0,5,3.0,0,1
1143,2024,23,2024-12-01,Qatar Grand Prix,losail,830,max_verstappen,Verstappen,9,Red Bull,2,1,25.0,1,1.0,1,0
1143,2024,23,2024-12-01,Qatar Grand Prix,losail,844,leclerc,Leclerc,6,Ferrari,5,2,18.0,1,5.0,0,0
1143,2024,23,2024-12-01,Qatar Grand Prix,losail,857,piastri,Piastri,1,McLaren,4,3,15.0,1,4.0,0,0
1143,2024,23,2024-12-01,Qatar Grand Prix,losail,847,russell,Russell,131,Mercedes,1,4,12.0,1,2.0,0,0
1143,2024,23,2024-12-01,Qatar Grand Prix,losail,842,gasly,Gasly,214,Alpine F1 Team,11,5,10.0,1,11.0,0,0
1143,2024,23,2024-12-01,Qatar Grand Prix,losail,832,sainz,Sainz,6,Ferrari,7,6,8.0,1,7.0,0,0
1143,2024,23,2024-12-01,Qatar Grand Prix,losail,4,alonso,Alonso,117,Aston Martin,8,7,6.0,1,8.0,0,0
1143,2024,23,2024-12-01,Qatar Grand Prix,losail,855,zhou,Zhou,15,Sauber,12,8,4.0,1,12.0,0,0
1143,2024,23,2024-12-01,Qatar Grand Prix,losail,825,kevin_magnussen,Magnussen,210,Haas F1 Team,10,9,2.0,1,10.0,0,0
1143,2024,23,2024-12-01,Qatar Grand Prix,losail,846,norris,Norris,1,McLaren,3,10,2.0,1,3.0,0,0
1143,2024,23,2024-12-01,Qatar Grand Prix,losail,822,bottas,Bottas,15,Sauber,13,11,0.0,1,13.0,0,0
1143,2024,23,2024-12-01,Qatar Grand Prix,losail,1,hamilton,Hamilton,131,Mercedes,6,12,0.0,1,6.0,0,0
1143,2024,23,2024-12-01,Qatar Grand Prix,losail,852,tsunoda,Tsunoda,215,RB F1 Team,14,13,0.0,1,14.0,0,0
1143,2024,23,2024-12-01,Qatar Grand Prix,losail,859,lawson,Lawson,215,RB F1 Team,17,14,0.0,1,17.0,0,0
1143,2024,23,2024-12-01,Qatar Grand Prix,losail,848,albon,Albon,3,Williams,16,15,0.0,11,16.0,0,0
1143,2024,23,2024-12-01,Qatar Grand Prix,losail,807,hulkenberg,Hülkenberg,210,Haas F1 Team,18,16,0.0,20,18.0,0,1
1143,2024,23,2024-12-01,Qatar Grand Prix,losail,815,perez,Pérez,9,Red Bull,9,17,0.0,20,9.0,0,1
1143,2024,23,2024-12-01,Qatar Grand Prix,losail,840,stroll,Stroll,117,Aston Martin,15,18,0.0,130,15.0,0,1
1143,2024,23,2024-12-01,Qatar Grand Prix,losail,861,colapinto,Colapinto,3,Williams,19,19,0.0,4,19.0,0,1
1143,2024,23,2024-12-01,Qatar Grand Prix,losail,839,ocon,Ocon,214,Alpine F1 Team,20,20,0.0,4,20.0,0,1
1144,2024,24,2024-12-08,Abu Dhabi Grand Prix,yas_marina,846,norris,Norris,1,McLaren,1,1,25.0,1,1.0,1,0
1144,2024,24,2024-12-08,Abu Dhabi Grand Prix,yas_marina,832,sainz,Sainz,6,Ferrari,3,2,18.0,1,3.0,0,0
1144,2024,24,2024-12-08,Abu Dhabi Grand Prix,yas_marina,844,leclerc,Leclerc,6,Ferrari,19,3,15.0,1,14.0,0,0
1144,2024,24,2024-12-08,Abu Dhabi Grand Prix,yas_marina,1,hamilton,Hamilton,131,Mercedes,16,4,12.0,1,18.0,0,0
1144,2024,24,2024-12-08,Abu Dhabi Grand Prix,yas_marina,847,russell,Russell,131,Mercedes,6,5,10.0,1,7.0,0,0
1144,2024,24,2024-12-08,Abu Dhabi Grand Prix,yas_marina,830,max_verstappen,Verstappen,9,Red Bull,4,6,8.0,1,5.0,0,0
1144,2024,24,2024-12-08,Abu Dhabi Grand Prix,yas_marina,842,gasly,Gasly,214,Alpine F1 Team,5,7,6.0,1,6.0,0,0
1144,2024,24,2024-12-08,Abu Dhabi Grand Prix,yas_marina,807,hulkenberg,Hülkenberg,210,Haas F1 Team,7,8,4.0,1,4.0,0,0
1144,2024,24,2024-12-08,Abu Dhabi Grand Prix,yas_marina,4,alonso,Alonso,117,Aston Martin,8,9,2.0,1,8.0,0,0
1144,2024,24,2024-12-08,Abu Dhabi Grand Prix,yas_marina,857,piastri,Piastri,1,McLaren,2,10,1.0,1,2.0,0,0
1144,2024,24,2024-12-08,Abu Dhabi Grand Prix,yas_marina,848,albon,Albon,3,Williams,18,11,0.0,11,16.0,0,0
1144,2024,24,2024-12-08,Abu Dhabi Grand Prix,yas_marina,852,tsunoda,Tsunoda,215,RB F1 Team,11,12,0.0,11,11.0,0,0
1144,2024,24,2024-12-08,Abu Dhabi Grand Prix,yas_marina,855,zhou,Zhou,15,Sauber,15,13,0.0,11,17.0,0,0
1144,2024,24,2024-12-08,Abu Dhabi Grand Prix,yas_marina,840,stroll,Stroll,117,Aston Martin,13,14,0.0,11,13.0,0,0
1144,2024,24,2024-12-08,Abu Dhabi Grand Prix,yas_marina,862,doohan,Doohan,214,Alpine F1 Team,17,15,0.0,11,20.0,0,0
1144,2024,24,2024-12-08,Abu Dhabi Grand Prix,yas_marina,825,kevin_magnussen,Magnussen,210,Haas F1 Team,14,16,0.0,11,15.0,0,1
1144,2024,24,2024-12-08,Abu Dhabi Grand Prix,yas_marina,859,lawson,Lawson,215,RB F1 Team,12,17,0.0,5,12.0,0,1
1144,2024,24,2024-12-08,Abu Dhabi Grand Prix,yas_marina,822,bottas,Bottas,15,Sauber,9,18,0.0,130,9.0,0,1
1144,2024,24,2024-12-08,Abu Dhabi Grand Prix,yas_marina,861,colapinto,Colapinto,3,Williams,20,19,0.0,5,19.0,0,1
1144,2024,24,2024-12-08,Abu Dhabi Grand Prix,yas_marina,815,perez,Pérez,9,Red Bull,10,20,0.0,4,10.0,0,1
